titles,category
"고유가 덕에 獨3사 제친 테슬라… 모델Y·3, 1·2위 ‘질주’[자동차]",Culture
"170cm·53kg 성해은, 몸매 비결은 혈당 안정?… “운동 후엔 꼭 ‘이 조합’” 뭐야?",Culture
[날씨] 오늘 흐리고 한낮 초여름...동쪽 곳곳 한때 소나기,Culture
초전도모터 품은 '도요타 수소엔진차' 24시간 레이스 완주…세계 최초,Culture
한 세기 전 벽화 속 토끼의 '빨간 눈'에서 읽어낸 것,Culture
‘이 음료’ 즐겨 마신 여성들 신장 기능 떨어져…콩팥 건강 망치는 습관은?,Culture
"인슐린 쓴 당뇨 환자, 치매 위험 높았다… 왜?[밀당365]",Culture
"발냄새 심한 양말, ‘뒤집어서 vs 그대로’...맞는 세탁법 따로 있다",Culture
"20대 女 “‘이 약’ 먹고 성기능 장애, 감각 사라져”…남 일 아닌 이유 [라이프+]",Culture
한국인 가장 많이 입원한 질병은 백내장…알츠하이머 치매에는 1조9312억 원 소요,Culture
[날씨] 전국 흐리고 낮 더위 주춤…동쪽 소나기,Culture
치아가 나빠지면 고기보다 먼저 사람을 피하게 된다,Culture
허수경 시인 떠난 지 8년…생일 맞아 마지막 유고시집 출간,Culture
"“불치병은 옛말… 백혈병, 이젠 ‘무치료 관해’ 시대”",Culture
"[기고] 단백질 섭취, ‘양’보다 어떤 ‘형태’로 먹느냐가 중요하다",Culture
"""이유 없는 만성 피로, 내 몸속 생명수 '진액'이 마른 탓""",Culture
노년 치매 1조9000억원…입원 원인 1위는 백내장,Culture
[출근길 날씨] 당분간 초여름 날씨…흐리고 동쪽 소나기,Culture
"'반짝 인기' 아니었다…""나도 갈래"" 5개월 만에 325만명 찾은 국립중앙박물관",Culture
히말라야 첫 걸음은 늑대바위 공략부터 [강의실에서 히말라야로 ④],Culture
“터지기 전엔 모른다”…30~40대도 안심 못하는 ‘이 병’,Culture
"VIP, Very Important Person, Very Important Patient",Culture
[날씨] 전국 구름 많고 동쪽엔 소나기...당분간 이맘때 초여름,Culture
[날씨] 당분간 예년 초여름 날씨…동쪽 곳곳 소나기,Culture
“나쁜 콜레스테롤 줄었다”…전문가들이 매일 먹으라고 말한 ‘이 음식’ [헬시타임],Culture
전국 흐리고 곳곳 산발적 비…오후 일부 지역 소나기 [오늘 날씨],Culture
사람에게 물려 귓바퀴 떨어져 나간 20대 男…성공적으로 재건한 모습 보니?,Culture
빵 부풀리고 면발 쫄깃하게 하는 건 밀가루 반죽 속 글루텐,Culture
“환자 1명당 사례비 30만원”…불법 판치는 혈액투석,Culture
“마음이 긴장하면 몸은 생식을 후순위로 미룬다”,Culture
심혈관질환과 거리두기...커피 2잔에 과일 디저트,Culture
[출근길 YTN 날씨 6/8] 오늘 구름 많고 이맘때 초여름...동쪽 곳곳 소나기,Culture
전국 흐리고 곳곳에 비 …돌풍·천둥·번개 동반 주의(종합),Culture
[출근길 날씨] 흐리고 더위 주춤…동쪽 소나기,Culture
"""160엔 뚫리기 전에 간다""…일본행 티켓 잡는 한국인 70% 폭증",Culture
낮에 너무 졸리면 단순 피로 아니다?…의사에게 꼭 물어야 할 7가지,Culture
젠슨 황이 입에 댄 건 다 잘 팔린다…HBM칩 과자 매출 766% 폭증,Culture
[날씨클릭] 당분간 더위 주춤…오후 동쪽 곳곳 소나기,Culture
"유통기한 지난 부침가루, 커피믹스…버리기 전 재활용하는 방법",Culture
통증 없어도 혈뇨 나오면 상부요로암 검사 필요,Culture
스마트폰 놓지 않는 2030 눈 ‘노인성 안질환’ 시달린다 [건강+],Culture
"“얼굴, 몸에 열꽃이?” 이채영, 갑자기 피부 ‘확’ 뒤집어진 이유는?",Culture
20세 ‘유튜버’의 화려한 할리우드 데뷔···시작은 온라인 괴담 사진이었다,Culture
[날씨] 당분간 이맘때 초여름 날씨…오늘 흐리고 동쪽 소나기,Culture
[오늘 날씨] 전국 흐리고 곳곳 소나기…천둥·번개 주의,Culture
"""문화강국을 꿈꾼 지도자, 이미 200년 전 조선에 있었다""",Culture
"‘베타아밀로이드’ 축적 막는 은행잎, 어지럼증·간헐성 파행증에도 도움",Culture
"“회전근개 부분 파열, 콜라겐 주입술로 힘줄 재생까지 기대” [Health&]",Culture
"[Health&] 고혈압·이상지질혈증 동반 환자, 국산 복합제로 치료 효과 높여",Culture
"시원찮은 소변, 노화 탓 아니다…50대男 절반 겪는 병 [Health&]",Culture
6월인데 선선하네?…더위 주춤 내륙 소나기,Culture
폐지 줍던 엄마 건물주로…가난 공포 ‘부동산’으로 지운 서인국·지디·조권,Culture
"“많이 안 먹는데 왜 안 빠지지?”…4050 뱃살, 첫 젓가락부터 바꿔야",Culture
[대중문화 만화경] 언제까지 우르르 몰려다니는 좀비처럼 살 것인가,Culture
"기록적 폭염에 훼손되는 수메르문명 유적, 홍수 위기에 빠진 베네치아",Culture
20년간 한국전 참전용사 7700여명 초청… “기억-보답하는 게 당연”,Culture
"“비틀스, 매니지먼트 문제로 의견 갈려 결별”",Culture
“복지 넘어 홀로 남겨진 이들에 가족 같은 교회 세워갈 것”,Culture
“주인 아닌 친구로 왔다” 화성 ‘바란’의 나그네 된 선교사,Culture
"“설탕 퍼먹는 꼴” 아침에 흔히 먹는 음식, 당장 끊어라",Culture
"“암 부른다” 대장 보는 의사들, 만장일치로 경고한 음식은?",Culture
국립발레단장 내정설에 단원들 ‘반발’… 최 장관 “루머”,Culture
[단독]“제네시스 ‘고성능-내구성’ 증명… BMW-페라리와 어깨 나란히”,Culture
"“칼로리·혈당지수 낮은 재료” 엄정화도 먹는 면 요리, 뭘까?",Culture
지구상 가장 고급스러운 SUV… 12기통 ‘롤스로이스 컬리넌’ 타보니,Culture
[강양구의 블랙박스] 어느 집단에나 40%는 상황에 따라 이기적 또는 이타적,Culture
"“32kg 감량” 40대 男, 간식으로 먹은 음식 봤더니?",Culture
탄수화물은 다이어트의 적? “‘이렇게’ 먹으면 오히려 좋아”,Culture
“장·혈관 깨끗해진다” 매일 먹으라는 ‘의외의 음식’,Culture
"96세 노병의 확신 “발전한 대한민국 보며 우리의 희생, 가치 있었다”",Culture
치맥·냉면 먹고 호두과자 선물받고…'젠슨 황 효과'에 웃는 외식업계,Culture
“체력 안 좋아졌네” 계단 오르는데 ‘헉헉’…생존율 50% ‘이 병’이었다,Culture
가정연합 “파라과이 마약 의혹 이미 무혐의 종결…시사저널 보도 사실 왜곡”,Culture
고물가에 허리 휘는데 불티나게 팔리는 명품...백화점만 웃는 3가지 이유,Culture
[날씨] 전국 흐리고 곳곳 비…서울 낮 최고 27도,Culture
스페인 찾은 교황 “양극화 부채질 멈춰라”,Culture
“잠들기 전 딱 15분만”…불 끄고 스마트폰만 봤을 뿐인데 눈 망가지고 있다 [헬시타임],Culture
"조수빈 아나운서 “‘소도’된 선관위, 해체 아닌 분쇄돼야”",Culture
백발이 된 주인과 함께…48년 만에 고향 찾은 ‘그 시절 최고급 세단’,Culture
[날씨] 내일 한낮 25도 안팎 '더위 주춤'…동쪽 소나기,Culture
“하루 종일 커피 마셔도 피곤해” 가볍게 넘겼는데 ‘암’이었다… 잘 때 땀에 흠뻑 젖는 증상도,Culture
독일 거주 남편 투병에 사망 신고 못해…허수경 시인 유고시집 8년 만에 나왔다,Culture
"“시험 앞두고 눈코귀에서 피가 줄줄”…11세 소년, 피 흘리는 이유는?",Culture
30년 '암 전문의'도 매일 아침 먹는다…'이 음식' 뭐길래 [건강!톡],Culture
“단 거 그렇게 참았는데 뱃살은 그대로네?”…식단 전문가 꼽은 ‘이 습관’ 꼭 지켜야 [헬시타임],Culture
[날씨] 월요일 평년 기온 밑돌아... 강원·남부 내일 오전까지 비,Culture
"무릎 아프면, 러닝 잘못하고 있다는 신호… ‘전문가 추천 3단계 훈련법’",Culture
[날씨] 내일 흐리고 동쪽 소나기…더위 누그러져,Culture
"박보영, 투표용지 사태 ‘댓글 테러’에 “타격 없다”",Culture
“거장이 돈에 넘어갔다” 마틴 스코세이지 AI기업행에 할리우드 시끌,Culture
물 충분히 마시고 발 건강 챙기세요 [9988 프로젝트],Culture
전 세계 덮친 에볼라 공포… 한국도 방역망 풀가동,Culture
서 있기만 해도 뇌가 꽉 찼다…전화 받다 넘어지는 이유,Culture
"“몸매 필요없어” 안선영, 나이 들수록 ‘이것’ 관리 당부…뭘까?",Culture
"‘빨간 립스틱’문신 27세女...입술 거무튀튀 변해 낭패감, 그 까닭은?",Culture
"자주 접질리는 발목, 이미 만성화 단계… 대처법은?",Culture
"초간편 여름 밥도둑 반찬, 이만한 게 없습니다",Culture
"""오늘 '야푸'는 BBQ치킨"" 젠슨 황, 시구전 야구장에 113마리 주문",Culture
[전문의칼럼] 불면증이 질병 부른다,Culture
"‘치킨에 진심’ 젠슨황, 야구장서도 113마리 주문…BBQ·깐부치킨 또 먹는다",Culture
[5시 날씨] 내일 오전까지 곳곳 비…예년 초여름 기온,Culture
"급조된 방구석 뉴스룸, 온 가족의 마음을 이어주다",Culture
"“어, 혈관에 기름 찌꺼기”… 고지혈증, 고혈압 다 있는데 거리에서 흡연까지?",Culture
"""평상이 건물로 들어왔다""…자연을 보고 쉼을 얻는 카페 [커피와 공간 '끽(喫)']",Culture
[날씨] 더위 주춤 하지만 곳곳 비…해안가 너울 주의,Culture
비행기 통째로 빌렸다…당신을 위한 꿈의 세계일주,Culture
세종시 빌딩에 웬 딸기농장 … 일년내내 편히 드세요,Culture
"더운데 회는 먹고 싶을 때, ‘곁들이면 좋은 식품’은?",Culture
국립발레단 새 단장 놓고 내홍… 단원들 반발에 문체부장관 “헛소문”,Culture
"박보영, “투표용지 부족엔 아무말도 없냐” 불똥에 “타격 별로 없어”",Culture
“목에 뭔가 걸리는 느낌인데” 그냥 넘겼다간 ‘큰일’…암일 수도 있다는데 [헬시타임],Culture
"젠슨 황, 정의선 회장과 냉면 회동…8일 현대차 양재사옥 방문",Culture
"""폐렴구균 백신 '21가' 접종 권고…당뇨환자·흡연자도 맞아야""",Culture
"치매 직전 뇌, 이 금속 없었다…“물 잘 마셔라” 뜻밖 예방법",Culture
"국립발레단, “낙하산 인사 반대” 입장문에…문체부 장관 “허황된 루머”",Culture
'삼쏘'에 치킨·칼국수·삼계탕까지…젠슨 황의 'K-푸드 로드',Culture
"""대만족"" 최은경, '이 수술'하니 피곤해 보인단 말 안 들어… 전후 사진 보니?",Culture
"기차 타고 파크골프도 치고…맛집, 관광 명소 탐방까지",Culture
"틱톡카 나오나 했더니…바이트댄스, 중국 전기차 협업설 부인",Culture
美 참전용사 “고맙다 소리 들을 때 마다 가슴 벅차”,Culture
한국전 참전 90대 미군 노병의 눈물…“싸울 가치 있었다”,Culture
"젠슨 황-정의선, 우래옥서 평양냉면 회동…8일 현대차 방문",Culture
"“죽은 사람은 누구의 것인가”…AI시대, 인간이 마주한 상실의 여정",Culture
사망신고도 못 한 채 8년···허수경 유고시집이 세상에 나온 이유,Culture
[날씨] 남부·중부 곳곳 비…주 중반까지 낮 더위 주춤,Culture
중년 부부가 상추쌈에 후식으로 사과 먹었더니…몸에 어떤 변화가?,Culture
아이스크림 먹다 머리 ‘띵’…설마 병은 아니겠지?[건강팩트체크],Culture
남은 수명 좌우하는 ‘다리 힘’…내 하체 근력 점수는?,Culture
생블루베리는 왜 100g씩 팔까?… 한 팩에 담긴 ‘권장 섭취량’ [FOOD+],Culture
[자막뉴스] 500mm 폭우 쏟아진 일본...올여름 한반도 예고편?,Culture
"서울시, 기후동행카드 30일권 월 3만원 환급…10일부터 접수",Culture
“마약한 줄 오해” 치아 다 뽑고 틀니 한 22세女…영양소 결핍 탓이라고?,Culture
"메뉴판에 ‘이 경고’ 붙였더니…단 음식 주문 줄었다, 왜?",Culture
"[단독] ‘와, 손기정!’ 사인 받는 독일인들…‘KOREAN 1936’ 또 썼을까",Culture
국립발레단 “낙하산 단장 반대” 입장문… 문체부 장관 “뜬소문”,Culture
암이 걱정돼 고기 끊었다면…다시 봐야 할 육류의 진실 [박민선의 건강톡톡],Culture
“퇴근 후 씻으려고 그릇 담가뒀는데”…식중독균 키우는 뜻밖의 주방 습관,Culture
"“사후세계 있다”는 서울의대 교수, 방광암 걸리자 한 일",Culture
[날씨] 전국 흐리고 곳곳 비…당분간 예년 초여름 날씨,Culture
“희생 결코 잊지 않겠다” “우리 도움 이렇게 오래 기억해주는 나라 없다”...韓美 노병들 한 마음 된 보은의 밤,Culture
[12시 날씨] 휴일 비 소식…예년 초여름 기온,Culture
"강남, “양말 신다가 아파서 병원으로”… 수술까지 받은 사연은?",Culture
“조개 캐다 갇혔다”…갯벌에 발 빠졌다면 ‘이렇게’ 빼야 [알쓸톡],Culture
한여름에도 부족해지기 쉬운 영양소…달걀보다 ‘비타민D’가 많은 식품 6가지,Culture
"'대동강 편지' 부르던 청년, 호남서 진보당 광역의원 되다",Culture
"“황형, 정말 한식 좋아하시네요”…삼겹살·치맥 이어 삼계탕 맛집 찾은 젠슨 황",Culture
"""커피가 얼마나 잔인한 음료인 줄 아나?"" 유학생 각성시킨 미국 교수 [커피로 맛보는 역사, 역사로 배우는 커피]",Culture
하루 세 끼만 꼬박꼬박 먹고 살 수 있나...중년의 현명한 간식 섭취법,Culture
"손 흔들면 ‘출렁’… 한가인 “팔뚝살 ‘이렇게’ 빼세요”, 효과 최고?",Culture
"국립발레단원, 이례적 '일동 입장문'… 예술계는 왜 인사에 민감해졌나",Culture
더우면 칼로리 소모 줄어든다… 여름 다이어트 팁 5,Culture
“의사가 하지 말라는 이유 있다”… 모발이식 권위자가 본 후회하는 사람들의 공통점 [의사소통],Culture
“하루 종일 틀어야 하나? 전기요금은 얼마?”···장마철 제습기 200% 활용법,Culture
국립발레단장에 李캠프 출신?…문체부 장관 “사실무근”,Culture
젊다고 심장병 안심 못해...심장 건강 지키려면 어떻게?,Culture
“비만약 맞았는데 생리를 안 해요” 소문 무성했는데…연구진 “진짜 부작용 맞아” [헬시타임],Culture
정체불명 ‘웅웅’ 소리의 비밀…연구진 “저주파 이명 가능성 높다”,Culture
"[프리즘] ""여름이 무서워요""…더위에 쓰러지는 노인·노동자",Culture
“회사도 학교도 잘 다니는데 공허해요”…‘고기능 우울증’ 뭐길래,Culture
‘5선’ 오세훈 시장…논쟁의 ‘한강버스·세운지구 재개발’ 사업 향방은,Culture
"""잠실 시위, 아이유가 왜 거기서 나와""…SNS 찾아가 커피 지원 요구 논란",Culture
겨울보다 무서운 여름 심장병… 폭염 속 심근경색 주의보 [건강+],Culture
국립발레단 '낙하산' 단장 인선 논란…최휘영 장관 “허황된 뜬 소문”,Culture
"도요타 ""수소엔진 개발, 협업으로 속도…현대차와 기술 공유 가능""",Culture
“콜레스테롤 폭발” 피해야 하는 아침 식사 메뉴는?,Culture
[돈+Cars] 그랜저 샀더니 스마트폰이 따라왔다…국민세단의 브레인 진화,Culture
“갑자기 불꽃 튀어”…‘멀티탭’에도 유통기한 있다,Culture
고양이 털을 깎으려는 사람들에게 [임보 일기],Culture
“젠승 황도 삼겹살에 소맥”…다음날 멀쩡하려면 ‘이렇게’ 마셔라?,Culture
[신간] 불안은 어디서 오는가…'돈 때문에 불안하다는 착각',Culture
“삼겹살 반값이네”…돼지 앞다리살에 양배추·양파 ‘맛성비 삼총사’,Culture
"[헬스토크] 심근경색 환자, 겨울보다 여름에 많아…탈수·냉방 탓",Culture
"“삼계탕 저리 가라네”…닭가슴살로 닭곰탕 ‘단백질 듬뿍, 이게 보양식’",Culture
긁어도 낫지 않는 가려움…피부 아닌 몸속 질환의 신호일 수도,Culture
“더워도 너무 덥네” 에어컨 빵빵 틀었다간…‘이 병’ 발생 위험↑ [헬시타임],Culture
중국은 2조 쏟아붓는데...'몇백억 쓰는 것도 힘들다' K테마파크 돌파구는,Culture
"""시원하다, 시원해"" 감탄…금값 뛰더니 20대 '최애템' 됐다",Culture
"[7시 날씨] 휴일, 전국 흐리고 비…평년 수준 기온",Culture
"관광객 많이 찾는 단종 유배지, 천하 대명당으로 보긴 어려워",Culture
"“어쩐지 발바닥이 너무 아프더라”…고유가 시대, 뜻밖의 경고[일터 일침]",Culture
“보약 같다” 선우용여가 추천한 ‘기력 회복 음식’은?,Culture
왜 그 사람의 답변은 오래 기억될까 [새로 나온 책],Culture
라 스칼라 자존심이 택한 정명훈…그를 둘러싼 정치·예술의 광시곡,Culture
"""한국 롤러코스터 재밌네"" 잘나가던 K테마파크...발길 줄어든 이유",Culture
항암제 내성 전이암 치료 길 열리나…암세포 골라 공격하는 신물질 발견,Culture
"[날씨] 휴일, 이맘때 초여름 날씨...흐리고 곳곳 비",Culture
"""車 담당 기자라고? 그럼 이차 타봐야지"" BMW M340i[시승기]",Culture
"‘비폭력’ 뒤에 숨은 소름돋는 치밀함…위협적인 전략가, 마틴 루서 킹 [Book]",Culture
"한국 여름 더위에도 '가죽 재킷' 젠슨황…""전투복·브랜드 구축""",Culture
"""친구들과 ‘이것’ 한입 먹고""…물도 못 삼키더니 전신 마비된 24세女, 무슨 일?",Culture
밥 먹고 ‘이것’ 먹었다간 혈당 쭉 오른다… 의사 경고 음식은?,Culture
우회전 보행자 교통사고...딱 이것만 잘 지켜도 사고 안난다,Culture
"[날씨] 일본 강타한 '장미'...6월 초부터 강력 태풍, 올여름 예고편?",Culture
“그냥 변비인 줄 알았죠”…대장암 진단 전 가장 ‘흔한 착각’,Culture
“눈 뜨자마자 아메리카노?”…첫 잔 ‘90분’ 늦춰야 하는 이유,Culture
"""주사 대신 알약"" 비만약 대격변…먹는 위고비 vs 파운다요 전격 비교[의사결정]",Culture
‘8kg 감량’ 박지윤… “먹으면 확실히 살찐다” 꼽은 음식은?,Culture
"“엄마, 이렇게 좀 해봐”…‘무릎관절염’ 쉬기만 하면 독",Culture
“매일 먹어도 좋아” 혈당 급등 막는 아침식사법,Culture
"최휘영 장관, 국립발레단장 내정설에 “허황된 뜬소문”…‘가짜뉴스’에 직접 등판",Culture
"‘11kg 감량’ 안선영, 아침에 챙겨 먹는 음식 봤더니?",Culture
“노화 늦춘다” 82세 여배우 실천하는 매일 아침 루틴은?,Culture
"국립발레단장 '李 사람 내정설' 술렁…최휘영 ""후보 명단에 없었다""",Culture
뱃살 방치했다가 당뇨에 심장병까지…내장지방 없애는 가장 빠른 방법 따로 있었다 [헬시타임],Culture
"""몸에 좋은 달걀 먹을 때 꼭 같이 드세요""⋯노년 눈·근육·기억력 지키는 '이 음식'",Culture
"“부장님, 저 내일 쉬겠습니다”…맨날 일만 하는 줄 알았던 한국 직장인들 ‘반전’",Culture
국립발레단장 인선 논란에 최휘영 장관 “허황된 뜬 소문”…내정설 일축,Culture
"""하루 5분이면 충분""...치매 전문의들이 권하는 뇌 살리는 습관",Culture
“락스 원액 그대로 쓴다고?”…오해하기 쉬운 락스 사용법 5가지,Culture
"“잠 잘 오고, 피로 풀려” 문가영, 자기 전 하는 루틴은?",Culture
"[뉴스9 날씨] 내일, 흐리고 점차 비…낮 기온 오늘보다 낮아",Culture
"48kg 임지연, 뼈말라 수영복 자태…아침마다 ‘이 음식’ 먹는다고?",Culture
[날씨] 내일 중부·남부 비…전국 하늘 '흐림',Culture
"단순 가려움증인 줄 알았는데…암이었다, 이게 무슨 일? [Health&]",Culture
내가 '오후 4시'에 저녁 식사하는 이유 [박창희의 비만 Exit],Culture
"1인당 26억씩 받는다…로또 1등 당첨 11명, 판매 명당은",Culture
"[날씨] 전국 흐리고 곳곳 비‥공기 질 청정, 오존 '보통'",Culture
"“음식 냄새가 전부 역하게 느껴졌다”…5년간 ‘이 증상’ 겪은 女, 무슨 사연?",Culture
"“상탈 위해 바나나도 끊었다”…허남준의 카니보어 식단, 괜찮을까 [바디플랜]",Culture
바나나만으론 부족하다…심장 건강 지키는 ‘칼륨’ 섭취법,Culture
강수진 후임 국립발레단장 인선 논란에…문체부 장관 “삼인성호” 고사성어 꺼냈다,Culture
[날씨] 내일 전국 흐리고 남부 비…예년 초여름 날씨,Culture
[날씨] 휴일 흐리고 예년의 초여름 날씨,Culture
[날씨] 휴일 초여름 날씨…내일 남부·제주 비,Culture
"“우리도 스벅 선결제 해줘” 잠실 시위대, 아이유 SNS 몰려가 요구",Culture
"비키니 입으려다 병원행?…""이러다 몸 망친다"" 경고 [건강!톡]",Culture
타르처럼 끈적한 ‘흑변’ 본 50대男...숨차고 어지럽고 배 아픈 이유는?,Culture
콜라·햄·라면 입에 달고 살면…치매 위험 최대 58% 증가[노화설계],Culture
강수진 후임 국립발레단장 논란에…최휘영 “삼인성호”라 답한 까닭,Culture
"문체부장관, 국립발레단 단원 입장문에 “허황된 뜬소문”",Culture
"국립발레단장 인선 논란에 문체부 장관 ""허황된 뜬소문""",Culture
“술·담배도 했는데”…요양원 안 가는 90대들의 공통점 3가지,Culture
"""주사기 구합니다""… 전쟁 여파에 신부전 반려동물 비상 [반려동물]",Culture
역사상 이런 군인들은 없었다... 나라를 지킨 무명용사들 [호준석의 역사전쟁],Culture
“국립발레단은 명예직 아니다” 단원들 첫 집단성명…최휘영 “내정설 사실무근”,Culture
"요즘 아이들이 책을 안 읽는다는 말, 다시 생각했다",Culture
"국립발레단 단장 인선 논란에…최휘영 장관 ""허황된 뜬소문""",Culture
"최휘영 장관 ""국립발레단장 인선 사실무근…백주대낮에 웬 호랑이 해프닝""",Culture
"[날씨] 현충일, 초여름 더위 기승...내일은 흐리고 남부 곳곳 비",Culture
"“고령 남성, 에어컨 ‘빵빵’ 피하세요”…땀 흘린 뒤 ‘이것’ 주의",Culture
마운자로 맞고도 못 뺐다…‘이긴자로’들의 뱃살 비밀 [Health&],Culture
"귀찮아도 챙겨 먹어, 초간단 ‘애호박&새송이 비빔밥’[주말&]",Culture
시야가 흐릿하면 의심해야 하는 ‘이 증상’…3040도 예외 아니다,Culture
"""지금 비행기표 사면 손해?""…여름휴가 앞두고 벌어진 일 [트래블톡]",Culture
"“할머니 같네” 악플에…기은세, ‘이곳’ 시술 후 시커먼 멍",Culture
"살 빼고 싶다면, ‘포만감 못 느끼는’ 식사법 고치세요",Culture
"“왜 자살하면 안 돼요?” 예일대 의사, 뜻밖의 답 꺼냈다",Culture
"서동주, 김규리 자택 강도범에 피해… ""도시가스 검침원 사칭해 침입""",Culture
“수석 전시장이 따로 없다”…등산 고수도 감탄한 '기암 절경' 월출산,Culture
97세 6.25 참전용사 아버지의 '마지막 소원',Culture
"“나이 들면 혈당 더 높아져”… 근육 감소 막는 달걀, 두부 꼭 먹는 사람은?",Culture
‘모자무싸’에 나온 ‘난감’…그 말이 더 난감하다 [.txt],Culture
노화 막는 블루베리… ‘효능 높이는 보관법’ 있다,Culture
"""역사 왜곡 '대군부인' 폐기하라""…현실적으로 가능한 얘기? [김소연의 엔터비즈]",Culture
“하루 종일 잠만 자고 싶다”…몸이 보내는 ‘이 신호’일 수도?,Culture
"“난, 죽어도 운동 싫어”...이런 사람, 딱히 나무랄 수 없는 이유 있다?",Culture
"더워서 몸 후끈해질 때, 찬 음료 대신 먹으면 좋은 것",Culture
일본서 늦고 청나라 눈치 보고…고종이 받은 첫 유럽 명품,Culture
"젠슨 황, 이번엔 BBQ서 '치맥'…황금올리브 먹었다",Culture
‘1984 동마 챔피언’ 이홍열 “모르고 막 달리면 ‘독’ 됩니다”[양종구의 100세 시대 건강법],Culture
“일주일 만에 제작비 14배 매출”…20세 감독 데뷔작 ‘백룸’ 인기 이유,Culture
“고기 충분히 먹고 있는데”… 몸이 보내는 단백질 부족 신호 10가지,Culture
국립발레단장에 李 사람? 단원들이 들고 일어났다,Culture
“지친 입맛 살리는 ‘꿀맛’ 레시피”…국산 아까시꿀 별미 요리 3종,Culture
"'면도, 기분전환'... 이발소 팻말 '기분전환'의 황당한 정체",Culture
엇! 갑자기 불어난 뱃살...중년 여성을 위한 특별한 살빼기 전략,Culture
추신수 안 먹는다는 채소 봤더니… “의외네”,Culture
사과 껍질이 끈적끈적한 이유…농약? 왁스? 먹어도 될까,Culture
"간판은 '피부과'인데…""아토피 진료 안 합니다"" 퇴짜",Culture
"“한국인들 아침에 달걀은 잘 챙기면서, ‘이것’ 유독 안 먹더라” [헬시타임]",Culture
여름철 뇌졸중 많은 이유가 “혈전” 때문...자주 움직이고 ‘이런 음식’ 먹으면 예방에 도움,Culture
"""올 때 사다줘"" 했던 그 아이스크림의 반전…미국서만 300억 넘게 팔렸다",Culture
"[영상] 제복 입고 들어선 어르신, ‘폴짝폴짝’ 환영한 국밥집",Culture
갑자기 바퀴벌레 생겼다면…택배 받은 뒤 쌓아둔 ‘이것’ 때문일 수도,Culture
티스푼으로 파낸 오이 속에 빨간 파프리카 콕콕…예쁘고 상큼하네[절로미식회],Culture
주말 산행 나섰다 ‘삐끗’…초보 등산객 무릎·발목 주의보,Culture
"'트럼프 관세의 역설'…도요타, 캠리 美서 만들어 日 역수입",Culture
"유퀴즈부터 시구까지…젠슨 황, 바쁜 방한 일정 이어간다",Culture
"“32kg 감량하고, 혈당 정상화” 美서 다시 뜨는 다이어트 방법은?",Culture
"현대차·기아, ‘토요타 안방’ 일본 다시 뚫는다…전기차·PBV로 재도전",Culture
"유산소와 웨이트, 선택 말고 번갈아 하라는 까닭[수피의 헬스 가이드]",Culture
“청소했는데 왜 또!”…여름철 벌레 안 생기는 집 만드는 법,Culture
"'이 동물' 내장 먹은 베트남 50대 男, 급성 패혈성 쇼크로 입원… 무슨 일?",Culture
"통풍 환자, 맥주만 끊으면 끝? ‘의외로 위험한 음식’ 3가지",Culture
커피는 뇌보다 장을 먼저 깨운다?… 매일 마시는 커피가 내 기분까지 바꾸는 이유는,Culture
"인도에서 온 ‘서울 덕후’, K-할머니를 만나다[오마주]",Culture
"""군체 보는 팁"" SNS 수두룩…호러보다 무서운 '15세 뚫기'에 극장 비상",Culture
혼자 사는 여성의 집수리 고민…“여성 수리기사가 해결해드려요”,Culture
폭염에 심장도 지친다…여름이 더 무서운 심근경색[콕!건강],Culture
"[momo톡] ""에어컨 켰더니 쉰내가""…장마철 전 해야 할 자동차 관리",Culture
“아직도 그걸 먹어? 당장 버려라”…‘한 입’만 먹어도 암 위험 쑥 오른다는데 [헬시타임],Culture
"“남자 키 175㎝, 존재감 없어”…‘1억 3000만원’ 사지연장술로 8㎝ 늘린 美변호사",Culture
혈당 다이어트에 좋은 땅콩버터,Culture
"“물 4ℓ 마시다 토할 뻔” 대장내시경 장청소 공포, 이젠 옛말[안경진의 약이야기]",Culture
수상자만 온다는 칸 폐막식…타란티노는 왜 '기생충' 잔치판서 들러리가 됐나,Culture
"코로나가 지나간 자리, 갑상선이 흔들렸다 [안철우 교수의 호르몬 백과사전]",Culture
[imazine] '신(神)들의 휴양지' 크로아티아 ② 스플리트,Culture
“아이 업고 산으로 튀어”…체력짱 엄마들 추천 ‘30대 명산’은?,Culture
"""중국도 2조 쏟아붓는데""…불편하고 먼 K테마파크, 갈 이유가 없다",Culture
[날씨] 고온 꺾이지만 곳곳 '기습 소나기'...해안가 너울 '비상',Culture
"""롤러코스터는 있는데 세계관은 없다""…韓 테마파크가 밀린 이유",Culture
“‘이런’ 약은 자몽과 먹지 마세요”… 두통 구토에 실신 위험도 있다고?,Culture
"61세 백지연, 평소 ‘이 음식’ 안 먹어…젊어 보이는 비결이었나",Culture
"""지하주차장까지 같이 가실?""…'군체'에 무릎 꿇은 쪼렙[쪼중만의 공포체험]",Culture
[한동하의 본초여담] 상한병을 치료할 때는 증상이 아닌 맥(脈)을 따라야 한다,Culture
"""44kg 살 빼도 이러면 다시 찐다""…요요 막는 비법은?",Culture
상반기 기술수출 13조…K-바이오에 쏠린 빅파마,Culture
"""한때 세계 10위였는데""…이제 '20위권'으로 밀린 韓 테마파크",Culture
"[김종훈의 Aging in Place]""여보! 부모님 댁에 낙상백신 놓아드려야겠어요""",Culture
달에 원자로 짓는 미·중·러…에너지패권 각축전[기후로운 경제생활],Culture
"“주스 한 잔이 문제였다?”…30세 이상 1400만명, 아침 혈당 흔드는 습관",Culture
"“얼렸으니 괜찮다?”…오래된 냉동고기, 해동 순간 ‘식중독 위험’ 커진다",Culture
“남들이 뭐라든 이 길을 가는 수밖에”… 최고 권위 ‘희곡상’으로 극작가 차범석,Culture
“의사가 추천” 강수지 꼭 먹는다는 영양제는?,Culture
"""5초만 만져도 큰일""...'이것' 바르고 영수증 만지면 안되는 이유 [헬스톡]",Culture
"망종(芒種), 세종대왕도 귀히 여긴 시간",Culture
"""시야 흐리고 빛 번진다면""…앤 해서웨이도 겪은 '이 질환' [김효경의 데일리 헬스]",Culture
"하루 2억원 벌던 전성기 사라진 자리, 편승엽이 5남매를 키워낸 방식",Culture
"배 나오고 예민해진 남편에게, ‘과일’ 챙겨 주세요",Culture
[세상은 하나님의 일터] “서비스 내역 투명하게 공개하는 게 고객 사랑의 방법”,Culture
"“아침 공복에 꼭 먹어라” 다이어트 중인 서인영, 선택한 음식은?",Culture
"""국민연금 30% 손해봐도 지금 탈래요""…조기수령자 100만명 시대",Culture
“췌장 살린다”… 약사들 꼽은 ‘최고의 과일’은?,Culture
"“아차, 오늘이었어?”… 반복되면 건망증 아닐 수도[베스트 닥터의 베스트 건강법]",Culture
전설을 품은… 그러나 그보다 더 그윽하고 친근한 바위들[여행스케치],Culture
"MZ도 홀렸다, MJ 매직",Culture
[책의 향기]인간 노동이 사라질까? 로봇은 아니라 말한다,Culture
[책의 향기]“저는 꿈을 꿉니다”… 마틴 루서 킹은 체스판에 올랐다,Culture
“궤양 생길라” 당뇨병 환자 알아둬야 할 ‘발톱 깎는 법’,Culture
“살이 저절로 빠진다”… 한의사가 ‘혈당 안정에 최고’ 강조한 5가지,Culture
"노인은 부족, 청년은 과신…단백질 열풍의 역설",Culture
빅테크 억만장자들이 그리는 미래와 그 허상,Culture
튀르키예 ‘붕대 투혼’ 토백이의 집강아지 견생2막 [개st하우스],Culture
“잠결에 성적 행위 반복”… 아내 손에 끌려 병원 간 남성,Culture
"""40대부터 뱃살 확 찐다""⋯20대 몸매 되찾고 싶다면 '이 음식' 꼭 먹어야",Culture
"[라인W 날씨] 현충일, 초여름 날씨 이어져…강한 자외선",Culture
"[날씨] 현충일 한낮 초여름 더위, 자외선 강해…큰 일교차",Culture
살 뺀다고 닭가슴살만 드세요? 돼지고기 ‘이 부위’ 다이어트에 좋다는데,Culture
머리만 대면 잠든다? 전문가 경고한 뜻밖의 건강 문제,Culture
유기농이 무조건 좋다고? 유기농으로 꼭 사지 않아도 되는 식품도 있다 [라이프],Culture
[날씨] 현충일 한낮 초여름 더위…큰 일교차 유의,Culture
"부동산 불평등, 기독교인 인식은?…""문제는 맞는데 교회는 침묵""",Culture
컵에서 물 비린내 나는 이유…설거지할 때 ‘이 습관’ 바꾸면 냄새 안 난다고?,Culture
샤워기로 입 헹구는 사람 보세요… “아주 위험한 행동”,Culture
“2년마다 대장 용종 7개 뗐는데 확 줄어”…55세 미나 살린 ‘아침 식단’ [라이프+],Culture
[날씨] 주말 맑고 초여름 날씨…일요일 경북 비 조금,Culture
"""1박 100만원"" BTS도 저격한 '부산 바가지'…절·교회 ""우린 무료""",Culture
"""패륜적이고 폭력적"" 이승환, 만화가 윤서인 고소 예고",Culture
"“나이 들어서 아니다” 몸에서 ‘이 냄새’ 나면 파킨슨 전조증상, 의사 경고",Culture
"초고령사회, 교회의 존재 이유를 다시 묻는다",Culture
[주말 날씨] 하늘 맑고 더운 날씨 이어져···강한 자외선 조심하세요,Culture
"""음식 삼키면 심장 멈춰""…식사 때마다 실신하는 女, 전 세계 150건도 안 되는 병이라고?",Culture
"아이폰 ‘비’ 갤럭시 ‘맑음’…‘같은 곳, 다른 예보’ 기상청은 억울하다?",Culture
“심장병 위험 20% 낮춘다” 매일 먹어도 좋은 ‘흔한 음식’,Culture
대하소설 '금강' 쓴 한만수 작가 별세,Culture
"[뉴스7 날씨] 주말, 초여름 더위 계속…자외선 강해",Culture
"""양말 신다가 디스크 터졌다""…강남, 촬영 중단 사태",Culture
‘잇치’가 ‘이치’ 될 뻔한 사연 [우리 약史],Culture
"아침 공복에 즉석 식품 자주 먹었더니…혈당 스파이크, 체중에 변화가?",Culture
"""이게 한국 술이라고?"" 에드워드 리와 K-위스키가 만나다",Culture
40년 저금리 특수 종언…돈의 질서가 바뀐다[북스&],Culture
“미국서 뜨자 한국이 알아봤다”…K브랜드 성장 공식 바뀌었다,Culture
'망한 아이돌'에서 대기업 직장인으로…실패 이후의 이력서,Culture
유방암 치료한 50대女...1년 후 또 혈액암 진단받은 불행의 씨앗은?,Culture
“특정 칩에 묶이지 말 것”… 모빌리티 공급망 ‘디커플링’ 혁명,Culture
폐암 발병 5년 전 예측한다…혈액 단백질 표지자 확인,Culture
“그냥 버리기엔 아깝잖아” 반찬으로 재탄생한 수박 껍질?,Culture
[퇴근길 날씨] 내일 대체로 맑고 초여름 더위…자외선 강해,Culture
"[책마을] ""차별의 시선도, 동정의 시선도 없이…사람은 오직 사람으로만 대했으면…""",Culture
[책마을] 40년 저금리 시대 끝…무엇이 돈의 질서를 바꾸나,Culture
[책을 읽읍시다] 이승만 그는 누구인가,Culture
"피부과 전문의 추천, 보습제 바른 뒤 ‘이것’만 해도 피부 좋아진다는데…뭘까?",Culture
학폭 가해자에 ‘사이다 액션’…원작 논란 넷플릭스 ‘참교육’ 공개,Culture
빚더미 깔린 청년…'구조적 재난'이 된 부채,Culture
"프랑스가 간직해온 고종의 선물, 140년만에 韓서 다시 피어나다",Culture
영생 연구·화성 정복 작전…과학의 탈을 쓴 권력전쟁,Culture
부모가 받는 극한 스트레스 … 자녀의 유전자까지 뒤튼다,Culture
케네디까지 이용한 킹 … 그는 치밀한 전략가였다,Culture
고레에다 ‘상자 속의 양’ 챗GPT와 써보니 “첨엔 내 각본 칭찬하더니…”,Culture
"망고·수박이 최악?…전자담배, 과일향이 암 위험 더 높았다",Culture
요즘 스트레스 많으시죠? 복통·소화불량 조심하세요,Culture
'오십견'인 줄 알았는데... 60대의 자가진단이 부른 비극,Culture
"상추 한 봉지에 담긴 정성, '금추'가 따로 없습니다",Culture
'251조 자산가' 젠슨황이 선택한 의전 차량은? [젠슨황 2차 깐부회동],Culture
"""염증 방치했다간 암·치매·당뇨""⋯음식에 '이 가루' 살짝 뿌리면 싹 가라앉아",Culture
매시브 어택이 커버한 서태지 ‘시대유감’ 화제…펜타포트 공연서 부를까,Culture
기술은 모방돼도 권리는 남는다…자율주행 시장의 마지막 승부,Culture
"교과서 속 장마 개념 바뀐다…기상학회 “장마 정의 확장, 오호츠크해 고기압 배제”",Culture
"임신성 당뇨, ‘2형 당뇨병’의 신호일 수도",Culture
"'블랙리스트 전공의' 면허 취소에…의협 ""과잉처벌·직업적 자유 침해"" 반발",Culture
"“양말 신다가 극심 통증”…강남, 허리디스크 터졌다",Culture
근육 위해 먹지만… 단백질 보충제로는 한계 있어,Culture
"""콩물만 마셨는데 3kg 감량?"" 이소라, 직접 만든 '콩 스무디', 뭐 들었길래?",Culture
"아우디, 최고속도 350km 슈퍼카 '누볼라리' 공개…499대 한정",Culture
커피 마신 후 물에 흘려버린 ‘이것’… 싱크대 배관 꽉 막힌다고?,Culture
[날씨] 내일 현충일도 예년 초여름 날씨...일교차·너울 조심,Culture
“탄수화물 먹었더니 더 젊어져” 반전 결과…4주 만에 노화 되돌리는 식단,Culture
흐린 날엔 안 발라도 된다?…피부과 의사들이 답답해하는 선크림 상식,Culture
100세까지 건강하게 살고 싶다면?…장수 전문가들이 꼽은 7가지 아침 습관,Culture
"연세의료원 노조, 임금 8.1% 인상 요구… 작년 대비 눈높이 껑충",Culture
"""사용자 80% 급증"" GM의 '이 기술'…국내서도 통한 슈퍼크루즈",Culture
"'효도 유세' 끝낸 강릉시장 당선인 가수 아들…""본업으로 돌아가 증명할 것""",Culture
"최강 몽골군도 줄행랑, 인제 한계산성 개방 초읽기[함영훈의 멋·맛·쉼]",Culture
"""'이곳' 마사지하면 즉효""… 잇지 리아, 직접 밝힌 '직각 어깨' 만드는 법은?",Culture
"""버스 안에서 지릴 뻔""⋯기절까지 부르는 '급똥', 참는 법 따로 있다 [헬스+]",Culture
‘1001마력’ 아우디 누볼라리 공개…“제로백 2.6초 하이브리드 슈퍼카”,Culture
"파산 신청자에게 돌을 던져라, 車사고 내고 보험처리 안 할 사람만",Culture
논문 1편에 1700만원[김우재의 플라이룸 ](79),Culture
섬진강과 동진강을 가르는 고개에 서린 역사,Culture
[날씨] 오늘 맑고 초여름 날씨…주말 큰 더위 없어,Culture
"아우디, 첫 하이브리드 슈퍼카 '누볼라리' 공개…499대 한정 판매",Culture
"[단독] 고환율 못 버틴 BMW, 5시리즈 등 가격 인상… 520i는 130만원 올라",Culture
"""늑구 만나러 왔어요""…재개장 오월드 '북적'",Culture
[빵 굽는 타자기] 모두가 자신이 무가치해질까봐 싸우고 있다,Culture
"“염증 심해진다” 관절염 있는 사람, 섭취 줄여야 하는 음식은?",Culture
소변에 피 섞여 나오다 옆구리나 배가 아프면 병원 꼭 가세요,Culture
"""삼성전자 1000주 넘게 샀는데 완전 망해…몇 억 날렸다"" 고백한 여배우",Culture
병원마다 달랐던 도수치료 가격…7월부터 4만원대로 표준화,Culture
"정의선 회장, 젠슨 황 '삼소 회동' 불참…8일 양재사옥에서 만날 듯",Culture
[신간] 잠들기 직전 짧은 시간의 중요성…'밤의 설계자',Culture
“끝났어?” 한마디에 싸늘…전문가가 꼽은 침대 위 최악의 금기어 [라이프+],Culture
"한숨만 나오던 스타벅스 카드, '전액 환불 신청' 해보니...",Culture
항암제 내성 보이는 전이암··· 정상세포 보존하면서 암세포만 사멸시키는 신물질 발견,Culture
"아우디 첫 고성능 하이브리드 '누볼라리'…""499대 한정""",Culture
"“몸이 약했는데 가장 건강해”…93세 동창 모임에서 생긴 일, 이들이 지목한 사람은 누구?",Culture
"아우디, 역대 최강 수퍼카 ‘누볼라리’ 공개… 전 세계 499대 한정 생산",Culture
"가스 차고 배 아픈 사람, 전문가 추천 ‘6가지 음식’ 먹어봐요",Culture
일회용 컵이 아닌 ‘사람’의 기록···비닐하우스 속 ‘속행’들의 이야기[책과 삶],Culture
"‘축구 신동’ 아틀라스, 메시로부터 영감…“1년치 훈련을 하루 만에”",Culture
"[의학칼럼] 손가락 골절 치료, 1mm 차이도 기능 장애 부른다",Culture
“아침마다 먹었는데…” 혈당 올리고 있던 음식의 정체,Culture
"""뱃속에 다 마약봉지?""… 40대 男 들킬까 숨켰다가 응급개복술, 무슨 일?",Culture
"과자 즐겨 먹는 아이, 불안·산만함 더 심하다",Culture
"[창간 80년,격동 80년] 주민등록증도 예비군도… 시작은 '김신조 사건'",Culture
"비 오고 흐린 날, 장마철에도 자외선차단제 바르세요",Culture
또 난이도 조절 실패…6월 모평 영어 '논란',Culture
아직도 OECD 2위··· 한국이 결핵에서 벗어나려면 [건강 돋보기],Culture
4시간 오솔길에 숨겨진 박해의 역사… 한티가는 길 순례 [두나의 두발 산책],Culture
“매일 영양제 챙겨 먹으면 뭐 하나”…젊은 암 환자 급증에 의사들이 콕 집은 ‘이 습관’ [헬시타임],Culture
[날씨] 맑고 파란 초여름 하늘...한낮 강한 자외선·오존,Culture
[날씨] 당분간 초여름 날씨…한낮 강한 자외선 주의,Culture
항암제 내성에 치료 포기?…‘전이암 환자’ 새 희망 열린다,Culture
영업이익 71% 급증도 놀라운데…유니클로 부활에 롯데쇼핑 ‘배당 잭팟’ 기대,Culture
[날씨] 고온 꺾이고 계절 제자리...소나기·너울 조심,Culture
"광희, ‘종이 인형’에서 몰라보게 달라진 근황… 어떻게 한 거야?",Culture
[뉴스12 날씨] 하늘 점차 맑아져…한낮 서울 27도,Culture
칼슘 아연 흡수 방해하는 ‘이 성분’⋯장 건강엔 좋다고?,Culture
‘4살 고시·7살 고시’?…10대에 대가 치른다 [.txt],Culture
"日 내구레이스 '꽃' 오늘 개막…도요타, 초전도모터 수소차 첫 공개",Culture
“朝·淸 학자들과의 교감이 추사 예술의 근원”,Culture
[서울&] 청년·서민 껴안는 ‘역세권 임대주택’,Culture
운수 좋은 날 [헤럴드 단편 : 오늘에 대한 우리 이야기],Culture
“1주새 2배 늘었다”…우리 아이 괴롭히는 ‘수족구병’ 주의보,Culture
"""라면보다 쉽쥬?""…백종원, '요리비책' 들고 돌아왔다",Culture
"궁녀들의 삶이 궁금하다면, 이 산에 올라보세요",Culture
"백종원, 활동중단 1년만에 유튜브로 복귀…‘요리비책’ 소개",Culture
“요요 올까봐 살 안 뺀다”는 건 핑계… 내장지방 한 번 빼두면 효과 지속,Culture
“많이 써도 안되고 적게 써도 안됩니다”…이보다 더 중요할 수 없는 ‘손’,Culture
교과서 장마는 잊어라…기상학계 '오호츠크 고기압' 배제 장마 재정의,Culture
"'연 324%' 불법 사금융업자…대법원 ""초과이자 반환해도 전액 추징""",Culture
"셀트리온, 2700억원 규모 주식 취득 추진…""주주가치 제고""",Culture
"[날씨] 당분간 낮 더위 주춤, 서울 27도…자외선은 강해",Culture
"손흥민도 놀란 실력… 현대차, ‘라보나 킥’ 성공한 휴머노이드 로봇 기술공개",Culture
영화 흥행에 원작소설 전성시대…‘스크린셀러’ 돌풍,Culture
메뉴판에 ‘당분 경고’ 붙였더니…설탕 섭취 확 줄었다,Culture
"지커 7X, 오늘부터 본격 사전 예약… 5299만원부터",Culture
"환율 1540원 돌파, 17년 만의 최고치…올여름 해외여행 체감 비용 급등 ‘비상’ [여행+]",Culture
"‘이 두 가지’ 날씨에...편두통, 기승 부린다?",Culture
트와이스 나연도 먹는다는 과자… 잘 고르면 다이어트에 도움,Culture
"술의 나이[한성우 교수의 맛의 말, 말의 맛]",Culture
"‘무결점 거장’ 제임스 에네스 “작곡가보다 내가 낫다는 오만, 가장 위험하다” [인터뷰]",Culture
"“애둘맘 맞아?” 황정음 몸매 비결, 뭔지 봤더니?",Culture
“드디어 해외서 100억개 팔았다”…삼성·현대차 못지않게 한국 알린 기업,Culture
"""기술이 너희를 자유롭게 하리라 "" 실리콘밸리 신화 해부, 신간 <…착각>",Culture
1~4월 中 전기차 성장 둔화…테슬라·폭스바겐·현대차 판매 견조,Culture
항암제 내성 전이암 치료하는 신물질 발견… “암세포만 공격”,Culture
"""아틀라스, 손흥민 슛폼도 배웠니?""…축구선수 뺨치는 특훈 공개",Culture
'1000억 클럽' 부민병원… 관절 전문병원 양극화 뚜렷,Culture
"“몸매보다 중요” 안선영, 머리숱 지키려 실천하는 것은?",Culture
"현대차그룹, 글로벌 전기차 '톱10' 중 성장률 1위",Culture
서·남해 파고 0.5m ‘낚시 호기’…제주·동해는 최대 2.5m 너울 주의보 [주말 바다 날씨],Culture
백신 맞아봐야 무용지물?… “트럼프 행정부가 틀렸다” 왜?,Culture
위고비·마운자로 열풍에 우루사·인바디도 웃는다,Culture
살 빼려고 쫄쫄 굶을 수는 없고...‘이런 음식’ 먹으면 체지방 줄어,Culture
[약손+] 보존하고 완치한다···여성 건강의 적 ‘유방암’ ⑯꽉 끼는 속옷은 유방 건강을 해친다?,Culture
“팔·다리에 이게 뭐야”…아프지도 가렵지도 않은 ‘닭살’ 정체는,Culture
"신작 <딸기 이론> 김숨 ""사람은 사람으로 봐야죠, 이주 노동자도 그렇죠""",Culture
[930날씨] 주말까지 평년 수준 초여름 날씨…자외선 강해,Culture
'항암제 내성' 전이암 치료길 열렸다…'암세포만 사멸' 신물질 발견,Culture
"""핸드크림 바른 손으로 '이것' 만지면 큰일""…의사 경고한 이유",Culture
작가 50명 정리·직원 20% 감축…페이스가 던진 미술시장의 경고,Culture
AI가 만든다는 ‘허황된 미래’… 정말 인류를 구할 수 있을까[북리뷰],Culture
"“휴먼, 라보나킥 못 찹니까?”…현대차, 축구 배운 ‘아틀라스’ 슈팅 공개",Culture
영끌족 주목… 저금리 시대 끝낼 ‘8가지 변수’가 온다[북리뷰],Culture
초고령 사회 진입한 한국… 이제 ‘좋은죽음’ 생각해야[정신과 의사의 서재],Culture
"""어디 가서 푹 쉬고 싶어"" 남편의 한마디에 떠난 곳",Culture
"인공지능 ‘인프라 경쟁’ 제국주의 팽창 닮은 꼴… AI 미래, 우리 선택은?[홍성욱의 과학기술과 사회]",Culture
"“양말 신다 통증, 촬영 중단 사태”…병원 수술실 들어간 강남, 무슨일이",Culture
펜끝 모은 美거장 36인… 고립된 인간을 잇는 이야기 등불 밝히다[북리뷰],Culture
9년 전 암수술 받았던 고려인3세 찾아 러시아 왕진,Culture
[날씨] 당분간 더위 주춤…자외선 지수는 '매우 높음',Culture
[날씨] 맑고 예년의 초여름 날씨...오전까지 강원 약한 비,Culture
"50대는 50㎞, 60대는 60㎞로 간다는데...나이 들수록 시간이 빨리 가는 이유",Culture
"<11> 신라 김유신, 기도 가운데 통일을 받다 [신화에서 선민까지 한민족 정체성의 문화사적 발견-기고]",Culture
당뇨 있어도 맛있게 먹자! 비트 넣어 만든 ‘보르쉬 라면’[밀당365],Culture
"1950년 6월 26일 오륙도 승전보, 한국전쟁 운명 바꿨다",Culture
'싯다르타' 3위 약진…'팀나빠'·'내면 근력' 상위권 진입[베스트셀러],Culture
"[이 책 어때]방으로 숨고, 빚으로 무너진 청년들",Culture
[이 주의 책]돈 때문에 불안하다는 착각 外,Culture
"폐암환자 '年1.5억 부담' 리브라반트, 건보 적용 첫 관문 통과",Culture
“서울 사는데 다지증 수술 하러 대구에 왔네요!”,Culture
“친구인 줄 알았는데”…내 실패 바라는 사람의 5가지 신호 [라이프+],Culture
[이주의 베스트셀러] 다시 자기계발서 활기?,Culture
골프 장갑은 답답하고 손에 땀나는 건 싫을 때… 로션을 발라라?,Culture
"""간편해서 자주 먹었는데""…전문가 경고한 '치매 위험' 음식",Culture
[날씨] 오전까지 강원 비…당분간 30도 더위 주춤,Culture
[베스트셀러] '싯다르타' 3위…만화·자기 계발도 강세,Culture
"[출근길 날씨] 주말, 초여름 날씨…큰 더위 없어",Culture
"""드세던 희빈 장씨도 내 품에서 쉬고 있지요"" [느린 등산 봉산(서울둘레길 16코스)]",Culture
성스런 촛불 아래 화가는 돈을 셌다 [화폭역정 14],Culture
전문의 자격증 따자마자 몽골 향했다…20년간 오지 누빈 ‘야전 의사’,Culture
[날씨] 오늘 맑고 초여름 날씨...주말도 심한 고온 주춤,Culture
비구름 지난 뒤 아침 공기 선선…심한 더위 없어,Culture
"한 번 찍어 맛보더니 ""이걸 한국인만 먹었어?""…세계인 입맛 사로잡은 K소스",Culture
[날씨] 오전까지 강원 비 조금…당분간 더위 주춤,Culture
수출 날개 단 ‘리쥬란’으로 최대 실적 이끈다[바이오리더스클럽],Culture
"""차 에어컨 퀴퀴한 악취""…원인은 곰팡이, 예방과 해결책은",Culture
"“사랑니 아파서 치과 갔다가”…’이 암’ 진단 받은 19세, 무슨 증상 겪었나",Culture
"지역의료 살릴 구원투수? 개원 사흘 앞둔 국립소방병원, 의사 채용 난항",Culture
“쌀알보다 작은데 영양소는 더 많아”… 혈당 낮추는 데 좋은 ‘곡물’은?,Culture
피레네산맥 정상에 십자가 사라졌다,Culture
"'낮 최고 31도'·전국 곳곳 약한 비…일교차 큰 날, 두통이 심하다면? [오늘 날씨]",Culture
“커피랑 절대 같이 먹지 말라”…영양사가 경고한 ‘최악의 조합’ 뭐길래 [헬시타임],Culture
악플에도 아빠 유세 돕던 아이돌…父강릉시장 당선에 '활짝',Culture
"[출근길 YTN 날씨 6/6] 선선한 출근길...오늘 하늘 맑아져, 초여름 날씨",Culture
첫 재야 변호사 출신 대법관이 펴낸 묵직한 기록 [기자의 추천 책],Culture
"“그렇구나, 알아두겠다” 남태령을 메운 연대의 공기",Culture
[출근길 날씨] 주말까지 초여름 날씨…큰 더위 없어,Culture
우울감에서 벗어나고픈 사람이 매일 마시면 좋은 음료,Culture
[날씨클릭] 오전까지 강원도 약한 비…당분간 더위 주춤,Culture
아마존 넘어 코스트코·올리브영까지…제약사 화장품 美 공략 가속,Culture
"“수박에 랩 씌웠다가 후회”…여름 과일, 신선하게 오래 먹는 법은?",Culture
"""출렁다리 수백억 쓸 바엔""…지방소멸 막는 '5000만원의 기적'",Culture
[유석재의 돌발史전 2.0] “1946년 이승만의 정읍선언은... 통일 민주공화국 세우겠다는 선언”,Culture
인간이 AI보다 잘하는 딱 한가지···사람의 마지막 직업 ‘연결노동’[책과 삶],Culture
한강버스로 서울국제정원박람회 간다…'서울숲 선착장' 8일 오픈,Culture
"밤에 안 보이는 ‘스텔스차’ 없앤다···어두워지면 차량 전조등 자동으로 켜지게, 9월부터 모든 차량 장착",Culture
"[단독] 무더기 납품지연 논란에…정부, 철도차량 입찰방식 손질한다",Culture
이민정·아이유도 고백했던 ‘이 질환’…“젊은女 암 발병 증가와 관련”,Culture
젠슨황 손에 들릴 소맥잔엔?...테슬라·카스처럼 물밑 전쟁,Culture
"‘33kg 감량’ 김다예, “식후 한 잔”… 혈당 조절 효과 내는 음식은?",Culture
"""갑자기 피눈물 '뚝뚝' 흘린 11세 소년""...극심한 스트레스가 부른 초희귀질환 [헬스톡]",Culture
"“비만 주사 맞고 속쓰림 심해졌다”는 사람 많은데, 대체 왜?",Culture
커피·의류·음악·축제까지…일상 공간에 스며든 극우 생태계 [.txt],Culture
까마귀가 없는 세상은 깜깜할 거야 [.txt],Culture
"로봇이 인간 노동 해방? 그건 기대감, 신화일 뿐",Culture
청년을 파산으로 모는 사회…다시 일어설 기회를 [.txt],Culture
“무자비하고 아득한 대한민국 우물”…자학도 출구가 된다 [.txt],Culture
공영방송 장악에 맞선 4년의 투쟁 [.txt],Culture
비명처럼 들려오는 문장들…‘가자’의 고통을 번역하다 [.txt],Culture
임기 시작하자마자 韓 대통령 백악관 초청… 위기에도 유머 로널드 레이건,Culture
병원체에 감염된 세포도 반격한다…새 면역 경로 발견,Culture
“대장암 후 막걸리 데워먹어” 재벌이 찾는 82세 이발사 식단,Culture
“뇌 좋아져라” 아이 먹였다가…수은 중독 부른 고등어 종류,Culture
'신을 닮은 영웅' 자처한 아무루족 왕 사르곤… 도시국가 경쟁시대 개막,Culture
퇴사하려다 '이 책' 읽고 20년 근속해 버렸다 [김민철 작가의 서재],Culture
제로 콜라 마시는 사람이 알아둬야 할 ‘부작용 5가지’,Culture
"""접지 통해 통증·염증 절반 이상 줄어"" 과학이 답했다 [Weekend 헬스]",Culture
얼룩·찌든 때…세제 ‘많이 넣을수록’ 빨래 깨끗해질까?,Culture
[오늘의 설교] 퇴로를 차단한 ‘올인’의 신앙,Culture
“그곳엔 백신이 하나도 없었다”…방글라데시서 600명 넘게 숨지게 만든 ‘이 전염병’,Culture
[가정예배 365-6월 5일] 이 지팡이를 손에 잡으라,Culture
평생 공부·나눔… 거장 원고 정리하며 배운 인생 교훈,Culture
신학으로 과학 포용하는 유신진화론 뜨거운 쟁점,Culture
"“혈당 확 오르더라”… 김신영, 요요 주범으로 꼽은 음식은?",Culture
"쓸모만 좇는 세상, 목적에 대한 저항",Culture
"[빅데이터가 점지한 오늘의 운세] 2026년 6월 5일 금요일(음력 4월 20일, 경술일)",Culture
[오늘 뭐 먹지] 없으면 아쉽다… 밥상 위 신스틸러,Culture
“유류할증료? 아예 없습니다”…비싼 비행기 대신 예약 350% 급증한 ‘이 여행’,Culture
"땀 줄줄 흘리며 운동했는데, 체중은 그대로인 이유",Culture
[날씨] 비 그친 뒤 바람 '선선'…큰 더위 주춤,Culture
‘영크크’ 모르면 당신은 ‘늙크크’… 최신 유행어 된 코르티스 노래,Culture
中 BYD “자율주행차 사고 100% 보상” 파격 승부수,Culture
에버랜드보다 입장료 비싸다…산골정원의 비밀,Culture
[라인W 날씨] 내일 오전까지 중부·호남 비 조금…오후엔 맑아져,Culture
‘맥주에는 치킨’ 이유 있었다… 술이 ‘이 호르몬’ 건드린 탓,Culture
[팀 알퍼의 런던 Eye] [39] 영국인은 왜 감자에 열광하나,Culture
"[박은식의 호남통신] 민주당 호남 독점, ‘파란 나라’의 실상",Culture
[날씨] 밤 곳곳 요란한 소나기…오전까지 중부ㆍ호남 약한 비,Culture
매일 한 입만 먹어도 암 키운다?…‘이것’ 30g에 위암 위험 9% 껑충,Culture
[날씨] 밤 전국 곳곳 소나기…오전까지 중부ㆍ호남 빗줄기,Culture
"‘아이 더 낳고 싶은’ 사람과 ‘계획보다 많이 낳은’ 사람 중, 누가 더 불행할까?",Culture
"항암 전 금식, 난소암 치료 효과 높였다",Culture
[날씨] 출근길 중부·호남 비 조금…내일 점차 맑아져,Culture
[뉴스9 날씨] 밤사이 강한 소나기 주의…내일 오전까지 중부·호남 비,Culture
"중년들의 몸에 특히 좋은 ‘오디’…혈당, 염증, 콜레스테롤에 어떤 변화가?",Culture
이번에도 빗나간 지상파·JTBC 출구조사,Culture
"합수본 신천지 이만희 교주 첫 피의자 조사…전피연 ""구속수사하라""",Culture
“구강암 신호” 입에서 생소한 ‘이 맛’ 나면 의심하라던데?,Culture
"영업중단에서 ‘폐점’으로…홈플러스 37개 점포, 직원 3500명 앞날은",Culture
[날씨] '시간당 30mm' 강한 소나기…천둥번개·우박 주의,Culture
[날씨] 밤까지 대부분 지역 소나기…내일 아침 중부·호남 약한 비,Culture
"젠슨 황, 내일 오후 1시 김포공항 도착…'입국 소감' 밝힌다",Culture
[이슈날씨] 밤까지 내륙 곳곳 강한 소나기...돌풍·벼락·우박 주의,Culture
"“세상에서 운동 제일 싫다”던 황정음, ‘이것’ 시작…52kg 목표라고?",Culture
[날씨] 오늘 밤까지 요란한 소나기‥내일 오전부터 차차 맑아져,Culture
“영수증 5초 만져도 흡수”…핸드크림 바른 손 더 위험한 이유,Culture
광해군에겐 ‘말 전하는 남자’가 있었다[책과 삶],Culture
"허벅지 앞쪽이 터질 듯 아프다? 페달, 밟지 말고 돌려라",Culture
"젠슨 황, 6일 유재석 만난다...'유퀴즈' 녹화 다음날 두산전 시구",Culture
“이유 없이 전신 가렵더니”…美 60대 여성 ‘이곳’에서 종양 발견,Culture
[날씨]내일 아침까지 중부 5mm 비…때 이른 더위 주춤,Culture
수십억원 쏟았는데…또 엇나간 지상파 출구조사,Culture
"나르시시스트 부모 둔 사람, 어떻게 자랄까?",Culture
드레스 안 입어도 '인기 폭발'…요즘 뜨는 '500만원 결혼식' [발굴단],Culture
[날씨] 밤까지 내륙 곳곳 강한 소나기...돌풍·벼락·우박 주의,Culture
"소비기한 지난 상한 우유, 버리기 전 ‘이렇게’ 활용할 수 있다고?",Culture
문턱 높은 美 대신… 대륙 문 두드리는 K바이오,Culture
"6월엔 ‘검은 보석’ 오디를 가까이… 눈·혈관 건강, 항산화 관리 두루 도움[한의사 曰 건강꿀팁]",Culture
아이스크림 먹다 머리가 띵~ ‘편두통’ 경고 신호?,Culture
미래차 타고 달리는 K-소프트웨어… 글로벌 표준 가시화,Culture
“하루 딱 13분 투자를” 심장병 사망 막는 ‘운동’의 정체,Culture
"술·담배 안하고 건장한 40대男...2주간 발열·호흡곤란 응급실행, 왜?",Culture
"오스코텍, 美 아지오스에 세비도플레닙 기술 이전",Culture
"“키스 전 말해야 하나”…입술 포진, 연인 사이 갈리는 평생 감염병 [건강을 부탁해]",Culture
12기통 엔진 대체하는 전동화의 정점… 베일 벗은 롤스로이스 ‘신형 스펙터’,Culture
‘부르는 게 값’ 도수치료 대신 4만원 정가제…연간 15회로 제한,Culture
"등산 초보, ‘하산길’ 무릎·발목 부상 조심하세요",Culture
[날씨] 내일 중부·호남 5㎜ 비…더위는 점차 누그러져,Culture
"김정수 삼양식품 회장, 자녀에 주식 20만주 증여…장남 지분율 2.87%",Culture
자기부담금 95%내야 도수치료 받는다…회당 4만원·연간 15회 '제한',Culture
"환자 두고 떠난 마취의·집도의… 사고 나자, 병원은 뒤늦게 인력 보강",Culture
“췌장이 보내는 마지막 경고” 무시하면 암 위험 높아진다는 신호는?,Culture
사명대사 우국의 혼 오늘날 표충비 땀으로 흘렀더라…경남 밀양시 표충비·만어사 탐방,Culture
"임성근 ""우린 발레파킹 안 해""…안성재 '모수' 논란 의식?",Culture
54만 은둔 청년의 소리 없는 비명…우리는 왜 그들을 방 속에 방치했나,Culture
건강에 좋은 1분 습관...이중 몇 가지 실천하고 있나요?,Culture
"40년 저금리 시대 종말…‘비싼 돈’의 세상은 어떤 곳일까, 신간 <머니 쇼크>",Culture
"스크린·무대서 유세장으로…문화예술인들, 강원 선거판 달궜다",Culture
BYD “자율주행 사고나면 전액 보상”…테슬라에 도전장,Culture
“다이어트 하려면 끊어야” 체지방 연소 방해하는 음식의 정체는?,Culture
"박정수, “S전자 8만 원대에 1000주 넘게 샀다”…매도 후회",Culture
"국토부, '스텔스 자동차' 막는다…""자동점등 의무화""",Culture
홈플러스 37곳 결국 폐점한다는데…선거 끝났으니 ‘새벽배송’ 족쇄 풀릴까,Culture
사과도 안 통했다…스타벅스 논란 2주만에 결제액 107억 증발(종합),Culture
칩 종속 벗어난 자율주행…완성차가 주목한 '이식성',Culture
소나기 이후 찬 공기…다음 주 초까지 더위 '주춤',Culture
“나초 먹고 배탈 난 줄” 차에서 쌍둥이 출산한 美 여성,Culture
“얼룩덜룩 팔 때문에 반팔 못 입어” 무턱대고 크림 바르면 안된다?,Culture
천 년의 울림부터 초심지 가위까지…신라 역사 품은 문화유산,Culture
"김성환 ""지역별 전기요금 곧 공개…산업용 전기료 하향 필요""",Culture
"""에어프라이어 그냥 돌렸더니 발암물질 '철철'""⋯안전하게 먹는 쉬운 방법은?",Culture
수출 호조에 역대급 매출까지…잘나가는 K뷰티에 기대감 커지네,Culture
“여름에 꼭 먹어라” 김강우가 추천한 ‘저칼로리 음식’은?,Culture
“한 잔은 몸에 좋대” 이 말 다 틀렸다…의사들의 ‘섬뜩한 경고’ 들어보니 [헬시타임],Culture
"파리로 날아간 현대모비스 노조…OECD 측에 ""램프사업 매각반대""",Culture
"불금의 여유, 책도 좋지만 꼭 책이 아니어도…무려 800만명 다녀갔다",Culture
"계단은 '무조건 올라야' 좋은 운동인 줄 알았는데···전문가 ""그러다 무릎 망가진다""",Culture
"차악을 선택한 영웅, 약소국의 총독이 제국의 칼이 된 이유 [한ZOOM]",Culture
"치과 의사 덕분에 ‘급성 백혈병’ 찾아낸 20대 女, 사연은?",Culture
"""지하철서 방귀 뀌는 사람 때문에 죽을 맛""⋯나도 모르게 새어 나오는 이유는? [헬스+]",Culture
단 것이 땡긴다면…당신은 ‘이 영양소’ 부족한 것,Culture
"“희망퇴직금도 못 받나요?”…결국 문닫는 홈플러스, 3500여명 ‘고용 불안’",Culture
美만 바라보던 시대 끝났다...中 적극 두드리는 K바이오,Culture
"‘6kg 감량’ 문연주, 몸 오히려 무거워졌다는데… 왜?",Culture
빵틀·세숫대야에 남은 40년…소록도 두 간호사의 기록,Culture
"두 배 차이나는 비싼 우유, 영양가 높을까?",Culture
[날씨] 전국 요란한 소나기…때 이른 고온현상 주춤,Culture
"‘여성살롱’ 그 목소리, 임국희 아나운서 별세…심야 여성 DJ 시초",Culture
"""반도체만큼 예민""…삼성바이오 쟁의행위금지 항고심 D-1 쟁점 체크",Culture
"유병재 제작사, 올라운더 6개월 인턴 뽑으면서…정규직 전환은 '0명'?",Culture
"합천으로 떠난 '반값여행', 왈칵 눈물 나게 만든 순간",Culture
"“단백질이 70%” 풀무치, 국내 열 번째 식용 곤충 등재",Culture
"“하루 13분이면 충분하다”… 사망 위험 줄이는 운동, 어떻게 할까?",Culture
콜레스테롤 높은 쪽은 어디?…버터 VS 마가린,Culture
유신진화론이 뭐길래… ‘이단’ 결의 이후 남은 질문,Culture
"[박동창의 맨발걷기學] <32>척추수술 후 접지요법, 소칼 교수가 던지는 시사점",Culture
‘女 라디오스타의 시초’ 임국희 아나운서 별세…향년 88세,Culture
간질약의 반전…관절염 연골 손상 회복 효과 확인[노화설계],Culture
“물만 갈아주면 오래 간다?”…의외로 흔한 두부 보관 실수 5가지,Culture
"콩 파종 후 시작된 눈치 싸움, 새들의 지혜를 엿보다",Culture
"심장 보는 의사, “자녀에게 안 먹인다”는 음식은?",Culture
"“강한 냉방 위험하다”… 생명 위협하는 ‘이 질환’, 여름에 조심해야?",Culture
[2시 뉴스 날씨] 밤까지 전국 곳곳 소나기…낮더위 주춤,Culture
"“다이어트 중 최악” 스윙스, 30kg 감량 중에도 못 참은 음식은?",Culture
"“단백질 많아 아침에 좋아” 선우용여, 매일 먹는다며 추천한 음식은?",Culture
일찍 다가온 더위··· 겨울보다 더 많은 여름 ‘심근경색’ 주의,Culture
"홈플러스, 37개 점포 결국 폐점…희망퇴직 시행",Culture
쓴맛 나지만 혈당 조절엔 탁월… 무슨 채소일까?,Culture
암 잡는 CAR-T치료로 신장 이식 거부 반응도 잡았다,Culture
"""전자담배 규제 심할수록 흡연 사망자 많아질 것"" 호주 의사의 경고, 왜",Culture
금요일 새벽까지 전국 곳곳 천둥·우박 소나기…다음주 중순까지 선선,Culture
“입에서 왜 배설물 냄새가?” 치과의사들이 지목한 진짜 원인,Culture
토마토가 레모네이드에?…미국 SNS 달군 ‘토마토 레모네이드’ 정체는,Culture
"허남준, ‘고기만’ 먹으며 다이어트 중… 효과 살펴보니?",Culture
"왕실 나온 메건, 40만원 캔들 판매 욕먹는 이유…내로남불 과거 발언",Culture
테슬라·BYD 전기차 공세… 국산차 안방 방어 '흔들',Culture
'천동·번개' 일부 호우주의보…일주일 '선선',Culture
[날씨] 전국 곳곳에 소나기…돌풍·벼락·우박 주의,Culture
"동래봉생병원, 미래관 오픈으로 36년 만의 새 출발",Culture
"“햇빛 안 보고 3년 지냈다”…16세男, 발작 후 고관절 부러져, 왜?",Culture
"시부모 간병 어쩌나…중년 며느리 vs 시누이-남편, 선택은?",Culture
오늘 저녁까지 전국서 소나기…비 그친 뒤 '선선',Culture
"400만 돌파 '군체' 연상호 ""속편 아닌 게임 구상중...10대 주인공""[인터뷰]",Culture
퇴근길 '비상'…천둥·번개 동반 강한 비 온다,Culture
[날씨] 곳곳에 소나기…낮 되면 대부분 '뚝',Culture
수입차 3대 중 1대는 테슬라…중국산 전기차 존재감 커져,Culture
[뉴스12 날씨] 전국 곳곳 소나기…한낮 30도 안팎,Culture
"지방 많이 들었는데, 혈압을 낮춰준다? 무슨 음식인지 보니",Culture
"돌풍·우박 강한 소나기…다음 주도 더위 주춤, 소낙성 비",Culture
“저당 소스면 마음껏 먹어도 된다?”…살 덜 찌는 원칙 3가지,Culture
내일 새벽까지 전국 곳곳 비소식…다음주 중순까지 비교적 선선,Culture
군산이 주말 여행지로 딱 좋은 이유,Culture
“주식하다 망했다” 박정수 투자 실패…“삼전 8만원에 샀다 500만원 남겨”,Culture
"사유리, 버스·지하철 타야 살 빠진다는데… 효과 있나?",Culture
"스타벅스, 닉네임 변경 제한 무기한 연장…혐오표현 등 논란 차단",Culture
"""잘 키운 딸 시집갔다""…오스코텍, 세비도플레닙을 떠나보낸 이유",Culture
퇴근길 최대 80mm '소나기'...돌풍·천둥·번개 동반 [충북·세종 날씨],Culture
"“삼성전자, 몇억 벌 수 있었는데”…박정수, 주식 투자 실패담 고백",Culture
"일본차 밀리고 중국차 뜨고…BYD, 수입차 시장 4위 '껑충'",Culture
"벨기에, 넘쳐나는 감자 때문에 골머리… 무슨 일?",Culture
사과도 통하지 않았다…스타벅스 논란 2주만에 결제액 107억 감소,Culture
"‘푸바오 동생’ 쌍둥이 판다, 3살 맞아 ‘중국행’ 준비…“시기 협의 중”",Culture
대장암 항암제 내성 원인 규명…약효 되살릴 돌파구 열려,Culture
“점심에 먹으면 혈당 튄다”… 내과 의사가 경고한 음식은?,Culture
"서울대병원 ""신장이식 거부반응, 혈액검사로 예측한다""",Culture
"""밭 일구고 배로 호수 건넌"" 50년의 세월을 듣다",Culture
뉴욕 왕복 유류비만 60만원대…폭등한 유류할증료에 여름휴가 해외여행 ‘비상’ [여행+],Culture
존 트래볼타 “LA 한인타운 자주 가… 진짜 한국 보고 싶다”,Culture
수입차 10대 중 3대가 테슬라… 5월에도 국내 판매 1위,Culture
"현대차·기아, 5월 미국 판매 17만4860대…친환경차 역대 최다",Culture
‘심야 여성 DJ의 시초’ 임국희씨 별세···향년 88세,Culture
"[질병백과 TV] 척추 수술 미루면 안 되는 이유, ‘이 경고’ 무시하지 마세요",Culture
쿨한 시어머니 택배에 손가락 하트로 화답한 며느리,Culture
"전 세계 150만명 사망…""HIV·말라리아급 부담"" 전문가 경고",Culture
"“주는 게 더 복되다” 몸소 실천한 60대 목회자, 장기기증으로 4명 살려",Culture
벤틀리 ‘더 뉴 플라잉스퍼’ 韓 주문…영국서 수작업 생산 후 내년 인도,Culture
박지성도 먹었다… 근육 키워주는 ‘의외의 보양식’은?,Culture
편두통 있으면 뇌 더 빨리 늙는다,Culture
"오래 앉아도, 오래 서도 허리가 무너진다…‘S자 척추’ 지키려면?",Culture
멀쩡해 보여도 안심 못하는 ‘신장이식 거부반응’…혈액 속 DNA로 조기 포착,Culture
"현대차·기아, 美 시장서 5월 17만4860대 판매…친환경차 역대 최다",Culture
[뉴스타임날씨] 전국 곳곳 소나기…돌풍·벼락·우박 유의,Culture
"""줄어드는 의료 인력, '전신경화증' 치료의 가장 큰 걸림돌"" [명의열전]",Culture
“노화에 가장 효과있는 영양제”…현직 약사가 먹는 단 한 알,Culture
[신차 드라이브]파격적 변화와 부드러운 주행질감…현대차 AI 탑재한 '더 뉴 그랜저',Culture
"“가슴이 하나처럼 붙어 있다”…가슴 골 안 생기는 이유, 따로 있다고?",Culture
[뉴스광장3부 날씨] 전국 대부분 소나기…더위 누그러져,Culture
영화의 인기가 서점가로 확산…‘스크린셀러’ 돌풍,Culture
미국은 왜 북한 핵을 막지 못했나…35년 협상의 실패,Culture
"""가성비 먹거리였는데""…메가MGC커피·빽보이피자, 줄줄이 가격 인상",Culture
"셀트리온, 1000억원 규모 자사주 소각 완료…연내 2조 규모 주주환원",Culture
당뇨 관리에 참 좋은 해산물…일주일에 ‘이만큼’ 먹어야 한다고?,Culture
“이것만 기억하세요” 암 예방을 위한 열 가지 수칙 [아미랑],Culture
오늘 전국 최대 80㎜·서울 40㎜ 소나기…천둥·번개·우박 동반,Culture
"""사과문 보니 어이없다"" JK김동욱, 중앙선관위 공개 비판",Culture
"'서류 제출 실수' 육아장려금 깎은 지자체…권익위 ""전액 지급""",Culture
기생충이 몸속 '약물공장' 될까…체내 해독제 생산 십이지장충,Culture
‘살찐 사람은 성관계 어렵다’ 사실일까…전문가가 말하는 진실은? [라이프+],Culture
무대 위에 올려진 고시원·원룸…공연계가 기록한 ‘54만 고립 청년’의 자화상,Culture
오후 전국에 '소나기'...우박에 천둥·번개까지,Culture
주유비 200달러 시대…미국서 가성비 중고 전기차 인기,Culture
항암치료 전후 금식…‘이 암’ 치료에 효과적이라고?,Culture
"개봉 사흘만에 제작비 11배 벌었다…텅 빈 노란 방, 이렇게 무섭다니",Culture
고환율에 지갑 열린 외국인…서울 고급호텔서 더 오래 묵는다,Culture
초여름 더위 속 전국 대부분 소나기…출근길 우산 챙겨야,Culture
"유홍준, 김은호 소장 ‘김홍도 금강산 초본’에 신중론…“보물급은 아냐”",Culture
‘우산 챙기세요’…전국 곳곳 천둥·번개 동반 소나기 [오늘날씨],Culture
“러닝으론 부족” 내장지방 없애고 싶다면 ‘이 운동’ 해야,Culture
"부은 건가, 살찐 건가…‘매일 앉아있는 그대’ 틈새 관리 꿀팁",Culture
무등산 실종 남성 극적 구조…생수 2병으로 5일 버텨,Culture
'6선' 송영길의 화려한 귀환…'원조 친명' 김남준도 국회 입성,Culture
전국 대부분 소나기…돌풍·천둥번개 동반 유의(종합),Culture
"제주에 또 다른 복합리조트 나오나…파라다이스, 메종글래드 인수 실사",Culture
'타보면 다른데' 신차 효과 실종 르노코리아…후속작 중요성 커졌다,Culture
[오늘의 운세] 2026년 6월 4일 별자리 운세,Culture
"김대호 ""건강 무너지는 것 같아""…몸이 보내는 '번아웃' 신호 [헬스톡]",Culture
"“고단백, 포만감 커” 이소라가 아침에 먹는 것, 뭘까?",Culture
BTS '보랏빛 특수' 부산 외곽도 들썩…'없던 관광 수요' 터졌다,Culture
셀트리온도 노조 출범…커지는 바이오업계 '성과급 이슈',Culture
"""출근길 우산 챙기세요""…전국 대부분 소나기 속 더위 지속[오늘날씨]",Culture
“전립선암 치료시작”하더니 다음날 퇴원…거짓말이 아닙니다,Culture
“싸고 맛있어서 자주 먹었는데 이럴수가”…편의점·무인카페 위생 상태에 ‘화들짝’,Culture
신천지·JMS 파헤친 故탁명환…피습된 '사이비 헌터' 진실은[왓더OTT],Culture
"“뇌 염증 유발” 몸에 좋다는 사골국, ‘이런’ 사람에겐 독",Culture
IMF때 출연료 기부 내한 공연… 앨범에 ‘아리랑’ 피아니스트 조지 윈스턴,Culture
단순히 ‘잠’ 문제가 아니다…‘불면증’ 3040 여성 ‘암’ 발병 위험 쑥,Culture
“아침 먹었는데 왜 10시에 배고플까?”…범인은 첫 한입이었다,Culture
이부진 요리스승 “췌장암 완치”…90대 장수 노인들의 비밀,Culture
북극곰만 위험하냐고요? 한반도 면적 6배 빙하가 녹으면 생기는 일,Culture
"사제·승려 줄었는데, 목사만 늘었네",Culture
대장암 진행 막는다… 당장 식탁에 올려야 할 ‘두 가지’,Culture
[오늘의 설교] 잊혀진 사람들,Culture
[가정예배 365-6월 4일] 내가 반드시 너와 함께 있으리라,Culture
“우산 없이 나갔다간 낭패”…목요일 전국 흐리고 곳곳 소나기,Culture
"[빅데이터가 점지한 오늘의 운세] 2026년 6월 4일 목요일(음력 4월 19일, 기유일)",Culture
한·일 정상회담 안동 문화유산… 600년 전통마을 불꽃놀이·바위 병풍 ‘한국의 서원’,Culture
과묵했던 아버지 유영국… 추상 그린 이유도 ‘말 없어 좋다’,Culture
"""우산 챙기세요"" 전국 대부분 소나기·'낮 최고 29도'…여름철 단골 '이 질환', 예방하려면 [오늘 날씨]",Culture
"멘탈 관리도 결국 체력 문제…""잘 먹고, 잘 자고, 움직이세요"" 정신과 의사의 처방",Culture
美 현대차그룹 공장서 기아 스포티지 첫 생산,Culture
[오늘의 날씨] 전국 대부분 비…낮 30도 안팎 더위,Culture
"거짓말까지 하는 좀비, 400만명 소름끼쳤다",Culture
[오늘의 운세] 2026년 6월 4일 띠별 운세,Culture
"[미국 250년, 이상과 현실의 투쟁] 광기와 타락의 禁酒法... 세상을 오염시킨 악법은 교훈을 남겼다",Culture
[이응준의 과거에서 보내는 엽서] [69] 덩샤오핑의 두 얼굴,Culture
[알파고의 지식램프] [6] 한국인의 긴장과 방글라데시인의 이완 사이에서,Culture
[천현우의 세상 땜질] 지방 사는 90년생의 서러운 연애,Culture
[근교산&그너머] <1465> 해운대구 운봉산 둘레길,Culture
얼음 ‘이렇게’ 얼리면 세균 폭탄…여름철 얼음틀 위생 관리법,Culture
"“목 너무 아파” 호소하던 女, 백혈병 진단… 대체 무슨 일?",Culture
[뉴스9 날씨] 내일 전국 대부분 소나기…돌풍·벼락·우박 주의,Culture
헤딩 한 번만 해도 알츠하이머 관련 단백질 증가,Culture
"“콜레스테롤 낮춘다” 임미숙, ‘이것’으로 반찬 만들던데… 뭘까?",Culture
[내일날씨] 오후부터 전국 곳곳 소나기⋯돌풍·천둥번개,Culture
20살 감독의 반란 … 영화계 집어삼킨 '노란 방',Culture
“그 책을 뭐하러 읽어요?”…AI 태풍에 뒤바뀌는 ‘독서 지도’,Culture
"발표 5분 전, 손바닥이 먼저 젖었다…몸은 아직도 위험하다고 생각했다",Culture
"백태, 백내장과 다르다?…수술 후 안약 넣은 40대男, 눈동자 축소에 깜놀",Culture
"""한 잔은 괜찮겠지""… 소량 음주도 암 앞에서는 '독'",Culture
'쌍둥이 판다' 루이·후이바오 올겨울 中 귀환 전망…푸바오 간 지 2년만,Culture
"[내일날씨] ""우산 챙기세요""…전국 흐리고 오후부터 소나기",Culture
[문요한의 마음정원] 진심 건네는 조언…‘좋은 꼰대’ 자처해야,Culture
"""작은 차 싫다""는 한국서 주문 폭발…BMW '이 車' 대박 난 이유 [영상]",Culture
"황재형 작가의 운명을 바꾼, 숨진 광부의 작업복",Culture
전립선암 치료 비용·시간·고통 확 줄여... ‘10년 완치율 90%’ 만들었죠 [닥터스 라운지],Culture
“기피제 뿌렸네? 여기 사람이 있구나!”… 똑똑해진 모기의 역습,Culture
[날씨] 선거일 30도 여름 더위…내륙 곳곳 소나기,Culture
“통째로 드세요”… 유방암 위험 낮추는 과일 4가지,Culture
남편보다 오래 살지만… 왜 아픈 사람이 많을까? 중년 여성의 건강 장수는?,Culture
“나 좋다더니 갑자기 잠수”…잘되던 썸 망치는 진짜 이유 [라이프+],Culture
노화 주범으로 알려진 ‘이 세포’… 알고 보니 피부 상처 빨리 낫게 한다?,Culture
하버드 출신 의사가 경고한 ‘조용히 몸 망치는 습관’ 8가지,Culture
아름답고도 슬픈 사연 간직한 육지 속 섬,Culture
지끈지끈 편두통 있으면 뇌가 빨리 늙어...증상 완화에 도움 되는 방법과 식품은?,Culture
이 산의 절경을 봐라... 다들 카메라 들고 모여드는 이유가 있다,Culture
포슬포슬한 식감이 입맛 살려…초여름 햇감자 100% 즐기는 방법 [FOOD+],Culture
"기아, 美 HMGMA서 스포티지 하이브리드 생산 시작…전열 갖춘 공장",Culture
운동했는데 살이 안 빠졌다…체중계가 못 본 변화,Culture
[날씨] 지방선거일 30도 여름 더위…내륙 곳곳 소나기,Culture
"서울둘레길 156.5km, 비로소 서울을 한 바퀴 잇다",Culture
성원 스님 “로봇 스님들 넘어질까 연등 행렬 내내 가슴 졸여”,Culture
원화 약세에 외국인 몰린다…서울 특급호텔 ‘장박 특수’,Culture
"코스닥 바이오 톱3의 엇갈린 선택...알테오젠은 투자 확대, HLB·ABL은 효율화",Culture
"조기 위암 수술, 완전 복강경 vs 보조 복강경...어떤 게 더 나을까",Culture
에어컨만 켜면 재채기·콧물..'혈관운동성 비염' 의심,Culture
[시니어그룹] 100점짜리 후보는 없다... 100점 맞으려는 후보를 찾아야한다,Culture
"[2시 뉴스 날씨] 선거일, 낮 더위 이어져…오후 곳곳 소나기",Culture
“4명 중 1명은 비만” 체질량지수 정상이어도 안심 금물…뜨거운 BMI 기준 논쟁,Culture
"중년 부부가 방울토마토 먹었더니…아내 vs 남편, 좋은 점은?",Culture
"달콤하고 시원한데 심장에도 도움?…“엄마, ‘이 과일’ 사줘”",Culture
"""코로나19 변이에도 통했다""…엑세스바이오, 진단 유효성 확인",Culture
[날씨] 선거일 30도 안팎 더위…내륙 곳곳 소나기,Culture
164㎝·77㎏ 전설의 물고기 ‘돗돔’ 포획…성인 3명이 15분 사투,Culture
"고유가 시대…제주항공, 20년 단일 기종 전략 빛 발하다",Culture
"건강 위해 ‘이것’으로 바꿨는데 … “독성 상당한 수준”, 대체 뭐야?",Culture
"[뉴스12 날씨] 지방선거일, 더위 이어져…내륙 곳곳 소나기",Culture
"한 달에 322km, 새벽 러닝 뛰었더니 삶이 바뀌었습니다",Culture
"발목 삐면 얼음찜질부터 했는데… ""회복 속도만 느려진다"" 왜?",Culture
지자체 5급 이상 여성 공무원 첫 1만 명 시대 열렸다,Culture
"여름 보양식 콩국수, ‘이것’ 추가하면 영양 만점",Culture
"""5000원짜리가 35000원""…SNS서 난리난 다이소 '계산기' [트렌드+]",Culture
“얼굴 비추면 거울이 닳아?” 신개념 바가지 요금 [아하 중국],Culture
35세에 희귀 신장암 진단… 가볍게 넘긴 ‘초기 증상’ 뭐였을까,Culture
이재명 정부 '경제불확실성지수 하락' 속도 가장 빨라,Culture
기초연금 수급 어르신 5명 중 1명만 '현재 수준 적정',Culture
"정애리, 48년 연기 인생 가장 낯선 '더 마더'…""우리 모두의 이야기""[문화人터뷰]",Culture
"“잠결에 성관계 시도하고 기억 못해”… 29세男, 수면 장애라고?",Culture
“회개해야 나라가 산다” 부산에 울려 퍼진 기도의 함성,Culture
택배기사 등 도급제 근로자 최저임금 적용 논의 본격화,Culture
서울 아파트 전월세난에 연립·다세대 전월세 거래 증가,Culture
"“엔도르핀 돈다” 김준수 빠졌다는 ‘이 운동’, 뭘까?",Culture
인천공항 여객 7% 늘었지만…단거리 노선 쏠림 커졌다,Culture
"대만, 작년 韓 관광객 100만명 돌파…“다시 찾는 여행지로”",Culture
푸바오 쌍둥이 동생도 올겨울 중국 가나…“일정 협의 중”,Culture
"""여보, 나 사실 주식으로…"" 1억 수익 숨긴 남편의 '말 못할 고민'",Culture
“남자는 모른다”…여성이 차마 못 말한 성생활 10가지 [라이프+],Culture
치료법 없다던 암 환자 종양 30% 줄인 신약,Culture
‘20kg 감량’ 소유… ‘짜장면 먹는 방법’ 조금만 바꾸라던데?,Culture
"[출근길 날씨] 선거일, 30도 안팎 더위…오후 곳곳 소나기",Culture
"일주일에 90~120분 근력운동, 사망위험 낮춰…120분 초과 시 추가 이점 無",Culture
"""정원인데 꽃이 없네?"" 14년 걸려 꽃 대신 쇠기둥 심은 '이상한' 정원 [요즘 여행]",Culture
"""이러니 금방 상하지""...제철 햇감자, 싹 나고 초록색으로 변한 이유는?",Culture
“좀 적당히들 하입시다”…BTS 공연 앞두고 시험대 오른 부산관광 [트래블ON],Culture
계란값 석달새 9%↑…'에그플레이션'에 밥상·외식물가 '들썩',Culture
"스님·신부 적은데 목사는 많다…""큰 덩치보다 인식 개선 먼저""",Culture
"서울 33도인데 남해 태풍특보 ""바다가 뜨겁다""",Culture
'BTS 효과'에 부산 호텔 해외 팬 급증…외국인 예약 최고 '200배',Culture
“포만감 크다” 다이어트 위해 백지영이 ‘소고기’ 먹는 방법,Culture
"소량 음주, 암 위험 높이는데…치매는 달랐다고?[노화설계]",Culture
"카지노가 끌고 호텔이 밀었다…제주 드림타워, 650억 매출",Culture
"“암도 이겨냈는데”…몸 정화 의식으로 개구리 독 바른 40세男 사망, 어땠길래?",Culture
허리 아프면 무조건 누워라? 척추 건강 망치는 8가지 오해,Culture
눈 가려울 때 절대 비비면 안 되는 이유…'이 병'까지 생긴다 [헬스톡],Culture
“괜찮겠지” 했다가 과태료 폭탄…투표 인증샷 ‘이렇게’ 찍으면 큰일,Culture
"'판매 반토막' 제네시스, 하반기 '하이브리드·EREV'로 반전 노려",Culture
[날씨] 선거일 한낮 30도 안팎 더위…내륙 일부 소나기,Culture
한국·프랑스 140년의 우정… 이야기 ‘선물’ 보따리 푼다,Culture
"“샤워기 물로 입 헹궜는데”…물때 속 균, 폐로 들어갈 수도",Culture
"[헬스&라이프] ""쉬어도 방전돼""…몸이 보내는 경고, 만성피로증후군",Culture
"아침마다 먹는 달걀, ‘여기’ 보관하면 세균 범벅… 어디?",Culture
"""크면 괜찮아질 줄 알았는데""…아이 사시 방치하면 평생 후회 [김효경의 데일리 헬스]",Culture
에버랜드보다 비싸다…‘입장료 9만원’ 양평 산골 정원의 정체,Culture
“뻣뻣한 남자도 딩동댕 ‘요가계의 송해’ 꿈꾸죠”,Culture
보약처럼 힘 솟는 디저트 한 접시... 시니어 소외 껴안는 '봉주르 빵집',Culture
"“제니처럼 힙해 보이려고?”…선글라스, 디자인만 봤다간 낭패",Culture
"“혈압 낮춘다” 정재형, 샐러드에 ‘이 음식’ 넣던데… 뭐지?",Culture
[티는 알지] 녹색 가루의 매력…어디나 어울리는 ‘말차’ 알지?,Culture
“매일 이렇게 먹었는데…” 커피와 함께 섭취하면 안 될 식품들,Culture
“무슨 가격이 이렇게 자꾸 바뀌어?” 짜증내는 사람 많더니…‘이런’ 여행이 뜬다는데,Culture
"이단 피해, 자발적 동의인가 기망에 의한 강요인가",Culture
"경착륙이냐 연착륙이냐 美 교회 리더십 교체, 준비 기간이 갈랐다",Culture
“은혜 대갚음” 장학금 기부한 13년차 환경미화원,Culture
"‘20kg 감량’ 한혜연, “납작배 만들겠다”며 먹은 ‘이 음식’… 뭘까?",Culture
"“대변에 ‘이 증상’ 나타나더니, 암 2기였다”… 40대 女, 무슨 일?",Culture
"이지혜 남편, 마운자로 한 달 맞고 몰라보게 변신… 모습 보니?",Culture
단백질은 많이 먹어도 살 안 찐다? 흔한 다이어트 오해 4가지,Culture
"‘나잇살 없는 50대’ 오나라, 가녀린 팔뚝 비결?… “안 굶고 ‘이렇게’ 먹어”",Culture
“정읍선언은 통일정부 수립 주창한 ‘이승만 독트린’”,Culture
명품 도자기부터 디올 백까지… ‘한국·프랑스 140년 우정’,Culture
"허리 주사 맞고 사지마비 온 70대, 사망… 병원 책임 어디까지?",Culture
"“시험 스트레스인 줄 알았는데”…머리 아프다던 18세 뇌종양으로 사망, 무슨 일?",Culture
사람들은 왜 분노했나...스타벅스 논란이 남긴 질문,Culture
[날씨] 서울 31.8℃ 수도권 최고 더위...남쪽 먼 바다에 태풍특보,Culture
"유홍준, 최근 공개된 김홍도 금강산 초본에 신중론",Culture
"‘23만원 파우치 완판’ 구혜선, 이번엔 1만원대 출시",Culture
"자다가 소변 마려워 꼭 깨는 사람, ‘이렇게’ 하면 통잠 가능",Culture
"“2100원도 못 버텼다”…메가커피, ‘할메가커피’ 200원씩 인상키로",Culture
"건강에 안 좋다고?…“매일 과일주스 한 잔, 우울감 감소 확인”",Culture
선조의 임진왜란 트라우마에 풍수가 결합…동묘의 탄생은 ‘힙’하지 않다[장지연의 역사 상상력],Culture
한국인 엄마처럼 발랐더니…1500억 잭팟 난 '예쁘다' 정체,Culture
"“혈액순환 촉진” 김현주, 카페에서 ‘이것’ 먹던데?",Culture
[날씨] 내일(선거일)도 초여름 더위‥내륙·산지 오후 소나기,Culture
“체지방 녹인다” 입소문 난 30-30-30 다이어트… 방법은?,Culture
[날씨] 선거일 때 이른 더위…오후 한때 곳곳 소나기,Culture
“눈 가려울 때 ‘이것’ 했더니…‘각막 이식’ 수술까지” 美전문의 경고한 치명적 습관,Culture
[날씨] 내일 지방선거일 충북 더위 기승…돌풍·벼락 동반 소나기,Culture
"中 59세 여성, 생선 먹다 '낚싯바늘+낚싯줄' 삼켜… 항문 안쪽에 걸려 제거",Culture
닭가슴살 아냐… 근육 만들 때 가장 좋은 음식 1위는 ‘이것’,Culture
'츄파춥스님' 삼보스님 원적…전 재산 30억 기부한 청빈 수행자,Culture
“밥 그냥 삼키니? 제발 천천히 먹어”…음식 꼭꼭 씹어 먹어야 하는 이유 있었다 [헬시타임],Culture
"“어쩐지 클릭할 수 밖에 없는 몸매더라”… 패션 광고 점령한 이 모델, 진실성 논란",Culture
"[뉴스7 날씨] 내일, 더위 계속…내륙 곳곳 소나기",Culture
"한국에서 이렇게 잘 나갈 줄은…중국 車, “싸도 너무 싸” 통했나",Culture
[날씨] 내일 한여름 더위 기승...서울 낮 32도,Culture
중국산 폐암 신약 쇼크…세계 표준 치료의 벽 흔들어 [건강한겨레],Culture
아침 기상 후 가장 먼저 하는 일…커피는 언제 마실까?,Culture
"“다이어트 시작” 선언 김지혜, 공복에 먹는 음식 봤더니?",Culture
몇명 뽑고 어디서 투표하나…지방선거 전 꼭 알아야 할 4가지,Culture
강한 일사·남동풍에 35도 '육박'…서울 한낮 기온 33.5도까지 '쑥',Culture
[날씨] 선거일 낮 더위 계속…내륙 곳곳 소나기,Culture
"소유 ""10년 전 '삼전닉스'에 1억 투자""…최근 수익 얼마?",Culture
"""한국에선 흔한데"" 마지막에 한 방울 넣었더니…해외서 난리난 '한국의 맛'",Culture
“맹장수술이 치매와 관계있다고?”…AI가 찾아낸 뜻밖의 단서,Culture
더워진 바다에 더 빨리 자주오는 '태풍'…올여름 '극한호우'까지,Culture
"""뜨거워진 제주 바다"" 올봄 해수면 온도 역대 2위... 기온도 '4위' 기록",Culture
"45세 손태영, 미국서 '이 운동' 집중… 여전히 탄탄한 몸매 비결?",Culture
"“단군 이래 최고 화가 김홍도, 당대에도 찬사 받았죠”",Culture
"“약속은 약속”...선운사의 결단, 전시는 대박",Culture
지방선거일 32도 올들어 최고 더위…내륙 오후 소나기,Culture
밀가루 음식 삼가야 할 34세女...가리지 않고 멋대로 먹다가 혈액암?,Culture
"피부암, 레이저로 뺐다가 조기 진단 놓칠라",Culture
알고리즘보다 특허…성숙해진 자율주행 시장의 새 경쟁법칙,Culture
"일본 여행길, 태풍 '장미'에 막혔다…항공편 결항 속출",Culture
175년 전 만남부터 명품 도자기·보석 꽃까지…한-프 140년 여정(종합),Culture
"2주마다 비행기 타던 여행 예능 작가, 제주에서 마주한 최악의 밤",Culture
"“노인, 코딱지도 파지 마라” 뇌 망가뜨리는 뜻밖의 습관",Culture
"“이게 23만원?”…‘고가 논란’ 구혜선, 이번엔 1만원대 파우치 출시",Culture
"""파인애플로 살 뺀다고?"" 백지영이 직접 만든다는 '이 식초', 무슨 효과?",Culture
"열 받은 바다가 부른 '봄 더위'… 5월 중순, 역대 가장 더웠다",Culture
“건강에 그렇게 좋대” 믿고 먹었는데…심장 멈출 뻔한 ‘이 과일’의 배신 [헬시타임],Culture
동물을 위한 나라는 어디에,Culture
더위 먹어서 핑 돈다? 방치하면 사망까지... 어지럼증 위험 신호 2가지 [이러면 낫는다],Culture
현대차 인도 생산차질 현실화…글로벌 판매 5분의 1 생산 '해외 최대',Culture
“엄마 품에 안겼다가 발견”… 28세 女 살린 유방암 신호,Culture
"99세 현역 인간문화재 박선애 선생 ""생명 다할 때까지 제자들과 함께하고 싶어""",Culture
“사공 박명득…” 울릉도 암벽서 조선 수토군 새 각석문 나왔다,Culture
고종이 프랑스 대통령에 선물한 ‘보석 꽃’···140년 만에 다시 피다,Culture
“외식 꿈도 못 꾸던 때 먹은 인생 라면”...‘불닭 며느리’ 고백에 조회수 터졌다,Culture
“눈 좋아진 줄”…앤 해서웨이도 앓은 조기 백내장 신호,Culture
"“건강식인 줄 알았는데, 간 망친다”… 영양학과 교수 의외의 경고, 뭐지?",Culture
400년 전 사라진 거대 야생 소...살아남은 존재 있다,Culture
“무작정 달리면 소용 없어”… 뇌를 깨우고 행복 느끼는 방법 6가지,Culture
“아침에 눈뜨니 침대가 360도 빙글” 한가인 괴롭힌 ‘이 질환’,Culture
올봄 역대 두 번째로 더웠다…1위는 2023년 봄,Culture
"혈압 높은 사람, 운동하면 위험할까?",Culture
역대급 뜨거운 바다…올여름 엘니뇨 발생 확률 80%,Culture
역대 2번째 더웠던 봄…5월엔 이른 폭염도 기승,Culture
금은보화 꽃나무 나란히 피었네…한·프랑스 140년 돌아보는 ‘반화’,Culture
"""30대에 실명"" 앤 해서웨이 깜짝 고백...'젊은 백내장' 원인 뭐길래",Culture
주차장 한구석에서 무릎으로 빚은 ‘하나님의 이름’ 100가지,Culture
"“20대 미모”… 남규리, 매일 ‘이것’ 먹는 게 비결?",Culture
"BYD, '자율주행 사고 전액 보상' 선언…경쟁 축 '기술'서 '신뢰'로 이동",Culture
"잠 못 드는 새벽 2시, 휴지통에 넣은 '숫자들'",Culture
"죽은 뒤에야 사라질 고통, 그래도 살아가야 한다…연극 '반야 아재'의 여운",Culture
이승환 “구미 세금으로 배상금 지연 이자 12%…내가 다 아깝다”,Culture
"""인생 첫 번째 예능""…'AI 깐부' 젠슨 황, '유 퀴즈' 뜬다",Culture
[날씨] 중부 폭염급 더위…남부·제주 비 오후면 그쳐,Culture
"“운동만 하면 체중의 2~3% 빠지지만…심장·혈관엔 좋다, 왜?”",Culture
단백질 70%라는데⋯사람들이 선뜻 못 먹는 이유,Culture
"올해 첫 태풍 영향…제주·남해안 호우, 중부 더위",Culture
"고종의 반화, 이재명의 반화 오마주…140년 이어진 韓佛 우정 전시 (종합)",Culture
"남이섬에서 백담사로, 시 한 편이 눈에 띄었습니다",Culture
탈모 환자 12개월 추적하고 알아낸 사실,Culture
"호텔에서 쓰고 남은 비누, 어디로 갈까",Culture
"춤 대신 말 한마디가 통했다···“헬로우”말하자 수백만 조회수, ‘와우오케이’가 뭐길래?",Culture
[르포] '폐수 없는 제련소' 영풍 친환경 제련의 미래 여나,Culture
"대웅제약, 차임 바이오와 면역질환 치료제 개발·생산·사업화 계약",Culture
"‘AI 황제’ 젠슨 황, 국민MC 유재석 만난다",Culture
"45㎏ 만든 아침 루틴…하지원, 10년째 레몬물에 넣는 가루 정체 [라이프+]",Culture
"""도심 재개발 교회 부지 대토 받았더니 경사면이라면?""",Culture
"커피 각성 효과 오래 누리려면 자몽 주스와 마시라던데, 정말?",Culture
"이규택 전 의원, 40년 정치 현장 담은 회고록 출간...""정치는 권력이 아니라 책임""",Culture
“일본 스모 선수 같다”는 홍현희 과거 모습… 체중이 외모에 미치는 영향,Culture
"""간문맥성 폐고혈압도 간이식 가능""…고위험 환자 생존 길 열렸다",Culture
"""벤츠 중에서도 최고급""…이건희 회장도 탔던 '이 車' [모빌리티톡]",Culture
[2시뉴스 날씨] 태풍 ‘장미’에 제주·남해안 비바람…중부는 33도 더위,Culture
"[단독] ""없으면 안되는 약인데""…퇴장방지약, 5년 새 71건 '퇴장'",Culture
"“미안해요, 이 방법 밖에 없어요”… 그 환자가 ‘존엄사’ 선택한 결정적 이유는?",Culture
“받은 사랑이 많아서”…13년간 쌓은 쌈짓돈으로 장학금,Culture
독감백신 10명중 8명 맞는데…왜 입원환자는 늘 고령층일까,Culture
서울 관광객 3000만 시대 공약 대결…오세훈 '3377' vs 정원오 '착착관광',Culture
"중국차, 미국 진출 왜 어렵나…로터스가 보여준 현실",Culture
"항공료 부담 커진 6월…제주, 2박 이상 체류객에 최대 5만원 지원",Culture
냄새 안 나더라도… 음식 상했다는 신호,Culture
"교회 안 부동산 대화, 전·월세 교인은 말문 막혔다",Culture
마크롱 국빈 선물 ‘반화 오마주’ 원형…140년 전 고종의 선물 공개,Culture
"""울릉도·독도는 우리땅"" 300년도 전에 조선이 울릉도 암벽에 새긴 의지",Culture
"[날씨] 올 최고 더위, 서울 33도…남부 오후까지 비",Culture
“연극은 비싸서 안 본다?”…매출 194% ‘떡상’ 시킨 블록버스터의 저력,Culture
"12세에 생긴 작은 결절, 10년 지나 거대해져 안면 변형까지… 정체 뭐길래?",Culture
"""당뇨 걱정된다면 아침부터 챙겨야""⋯혈당 안정시키는 '이 음식' 정체는?",Culture
"""위고비·수술 다 안 했다""⋯즐기면서 100㎏ 뺀 女, 가장 먼저 버린 '이것' [헬스+]",Culture
[자막뉴스] 긴급재난문자까지 발송...올해 첫 태풍특보에 물난리,Culture
꿀 vs 메이플시럽…칼슘 19배·마그네슘 9배 더 높은 것은?,Culture
소시지 VS 베이컨…굳이 따지자면 어느 쪽이 건강?,Culture
[뉴스12 날씨] 오후까지 남해안·제주 비…서울 33도 더워요,Culture
"넷플릭스 ‘다시, 서울에서’의 그녀, 한국관광 홍보대사 됐다",Culture
땀 흘리면 독소 빠진다고?… 인간이 땀을 흘리게 된 이유는 달랐다,Culture
‘유산균 요거트’ 식전·식간·식후…언제 먹어야 장 건강에 베스트?,Culture
“커피는 오전에만?”… 스타벅스에 오후 손님 몰리는 이유,Culture
나주목사·프랑스 영사 ‘막걸리·샴페인’ 만찬… 그때 그 ‘옹기주병’ 175년만에 귀국,Culture
"에세이 펴낸 요가소년 “몸과 마음이 보내는 신호, 빨리 알아채는 게 중요”",Culture
"""몸속 지방산이 암세포 성장 억제"" KAIST",Culture
"모기 잡겠다며 3200만 마리 푼다…구글의 실험, 정말 괜찮을까",Culture
"큐리언트 항암제 '모카시클립', 유방암 환자 대상 임상 본격화",Culture
4박에 단돈 5만원…누구나 즐기는 비현실적 ‘섬 워케이션’,Culture
"3%대 치솟은 물가…식품업계, '싸고 푸짐하게' 가성비로 돌파구",Culture
코로나 때 ‘암 진단’ 누락…고소득 7개국 5만5000건,Culture
“나트륨 폭탄” 고준희 흡입한 음식의 정체는?,Culture
"현대차 인도법인 ""일시적 생산차질 전망…대체 공급망 모색중""",Culture
‘갑상선 수술’ 환자의 큰 고민거리…“내 목소리 언제쯤 돌아올까?”,Culture
"'다빈치' 장인이 되살린 나무와 꽃…""선배들의 손길 떠올렸죠""",Culture
"젠슨 황, 유재석 ‘유퀴즈’ 나온다…최태원·구광모와 ‘삼겹살 회동’ 어디서?",Culture
"김연경 ‘이것’ 맛있게 먹더니…갑자기 ‘피로감’ 호소, 왜?",Culture
"온코닉 '자큐보', 인도서 미란성 위식도역류질환 3상 성공",Culture
"때 이른 6월 폭염, 수분 96% 채소와 MZ세대 픽 ‘가벼운 보양식’ 뜬다",Culture
디지털 입고 야성 더했다… 한국상륙 30년 포드 익스플로러의 ‘본질적 진화’,Culture
성실했던 청년은 어떻게 빚의 벼랑 끝에 서게 됐나,Culture
에어프라이어에 ‘이 음식’ 넣으면 발암물질 생겨…피해야 할 식재료 3가지,Culture
"‘30kg 감량’ 비결… 이찬혁이 이수현에게 꼭 하라고 시킨 것, 뭘까?",Culture
"“치매로 이어진다”… 백지연 꼽은 ‘의외의 원인’, 뭘까?",Culture
"“나빠진 신장, 생각·생활습관 바꾸면 치유될 수 있다” [건강한겨레]",Culture
"4일 방한 젠슨황, '유퀴즈'에도 출연…세계 최초 첫 예능 토크쇼",Culture
"26년 만에 SK 떠난 '나비'…노소영 관장, 사간동서 새 출발",Culture
"한다감, 임신 위해 ‘이 음식’ 즐겨 먹었다는데… 뭘까?",Culture
[날씨] 남해상 올해 첫 태풍특보...중서부 한낮 최고 더위,Culture
"BYD ""자율주행 사고 나면 전액 보상""…테슬라와 다른 행보",Culture
"이주명, “스트레스 풀 때 매운 ‘이 음식’ 먹는다”… 뭔지 보니?",Culture
책 안 읽는다더니…베스트셀러는 영화·유튜브·증시가 만들었다,Culture
출퇴근길 지하철 응급환자 구한 분당차병원 의료진,Culture
"젠슨 황, 유재석 만난다‥방한 중 '유퀴즈' 출연",Culture
"""대장암 커도 수술 없이 치료된다… 관건은 암세포가 들어간 깊이""",Culture
노소영 아트센터 나비 재개관…SK빌딩 떠나 사간동으로,Culture
[뉴스타임날씨] 제주·남해안 비바람…서울은 33도로 더 더워져,Culture
‘7말8초보다 싸고 쾌적하다’ 장마 상륙 전 6월 피서지 9곳 [여행+],Culture
"1851년 조선인에 샴페인 주고, 막걸리 마신 프랑스인…‘우정의 술병’ 나왔다",Culture
"“겉보기엔 그냥 안경인데”…AI 글래스, 패션업계 새 격전지로",Culture
“늙을수록 암세포 더 잘 퍼진다?”...‘이 나이’ 때 암 전이 가장 높다,Culture
현대모비스 인도 공장 화재에 현대차 공급망 '긴장',Culture
"비타민에 섬유질, 철분, 엽산까지 골고루...‘이런 식품’ 즐겨 먹었더니 영양 보충 “끝”",Culture
젠슨 황 첫 예능 출연이 ‘유퀴즈’?···방한 후 ‘삼겹살·소맥 회동’ 이어 깜짝 행보,Culture
“한국의 핫플은 궁궐·왕릉”…지난해 관람객 4명중 1명은 외국인,Culture
기관마다 따로 내던 어학성적…한 번 등록하면 5년 간다,Culture
젊을 때 피우기 시작한 담배가 평생 장 건강 위협한다,Culture
“아저씨 다리털 보고 싶지 않아”…‘반바지 출근’ 논란이 드러낸 일본 사회 민낯 [이윤정 기자의 소소월드],Culture
"어지럽다고, 속 쓰리다고 '임의 약물 중단' 위험",Culture
프랑스 대통령이 고종에게 선물한 것은…한·불 수교 140년 특별전,Culture
[930날씨] 제주·남해안 비바람…서울은 33도로 더 더워져,Culture
"젠슨 황, 유재석 만난다…“접시 닦던 소년에서 시총 1위 CEO로”",Culture
같은 동네인데 날씨가 딴판? '날씨 복불복'에 기상청 등판 [지금이뉴스],Culture
태풍 수증기에 제주·해안 호우…중부 33℃ 더위,Culture
"젠슨 황, 유재석 만난다…'유퀴즈' 찍고 총수들과 삼겹살 회동",Culture
대통령도 주목 '강진 반값여행'…청년 오면 최대 70% 지원,Culture
"반도체 안 부럽다…세계가 반한 K-콘텐츠·관광, 수출 효자 산업으로",Culture
"젠슨 황, 유재석 만난다… 전 세계 최초 토크쇼 출연이 '유퀴즈'",Culture
"“가슴 커서 성추행 당해”…유방 축소술 늘어가는데, 국가 지원 어려운 이유 [라이프+]",Culture
27년 만에... 대학 축제에 아줌마가 떴다,Culture
“영화 속 공포를 현실에서”…‘살목지·백룸’ 성지순례 안전 주의,Culture
"세계 시총 1위 CEO 엔비디아 젠슨 황, 유재석 만난다…‘유퀴즈’ 전격 출연",Culture
"미나리 해독·낙지 원기회복, 한국은 藥食同源… 프랑스 와인 스파·체코 맥주 목욕 등도 유사한 전통[정주영이 만난 ‘세상의 식탁’]",Culture
태풍이 몰고온 수증기…제주 한라산·우도에 200㎜ 이상 폭우,Culture
노소영 미술관 '아트센터 나비'…SK 떠나 사간동에 재개관,Culture
뜨거운 국물만 먹으면 콧물 줄줄…‘미각성 비염’ 뭐길래[건강팩트체크],Culture
[날씨] 남해 먼바다 첫 '태풍경보'...서울 올 최고 더위 예상,Culture
"“최대 250만원 할인”…쉐보레, 6월 ‘홈커밍 페스티벌’ 혜택 강화",Culture
"""금융위기 때 깎인 임금 그대로""…뿔난 GM 美협력사 파업",Culture
심장 건강엔 역시 운동...유전적 원인으로 인한 심장병 발생 확률도 낮춰,Culture
태풍 장미 영향 남부·제주 폭우…중부지방은 '낮 33도' 무더위,Culture
"""고환율 시대가 바꾼 여행법""…현지서 돈 안 쓰는 '3無' 뜬다",Culture
"암 치료 후 마음 건강, 어떻게 챙겨야 할까요?[아미랑]",Culture
"140년 전 한국-프랑스 이은 역사, 고종이 보낸 선물은?",Culture
1800km 수로가 만든 시장…15~18세기 중국 상인의 부를 읽다,Culture
명품 도자기·보석으로 만든 꽃…한국-프랑스 140년 우정의 흔적,Culture
"고종의 반화, 이재명의 반화 오마주…140년 이어진 韓佛 우정 전시",Culture
"""가족 3명이 수술·암""…박명수 전 매니저, 병원서 전한 근황",Culture
"노소영 미술관 아트센터 나비, SK건물 떠나 사간동서 재개관",Culture
태풍 수증기에 제주·남해안 호우…중부 폭염급 더위,Culture
"벤츠, 美판매 전면 중단 위기…美의회, 中자본 완성차 금지법 발의",Culture
[날씨] 제주·남해안 호우특보…서울 33도 땡볕 더위,Culture
임신 중 앉아 있는 시간 길어질수록 ‘이것’ 위험 높아진다,Culture
"""시간선택제 공무원에 초과근무 1시간 일괄공제는 부당""",Culture
‘애민(愛民)’과 ‘포퓰리즘’ 사이 아슬아슬한 줄타기 [조선생활실록(實LOG) ⑬],Culture
"팔굽혀펴기 40회 넘는 男은…""심장병 위험 96% 적다""",Culture
역대 세 번째 이른 영향 태풍…제주·남해안 호우,Culture
결국 '백종원 얼굴' 지우나…매출·주가 추락에 간판 바꾸려는 더본코리아,Culture
"[출근길 날씨] 중부, 맑고 더워…남해안·제주 강한 비",Culture
무릎 시큰? ‘팔자 페달링’ 고쳐보세요,Culture
[날씨] 남해 먼바다 올해 첫 '태풍경보'...서울은 '최고 더위',Culture
[날씨] 제주·남부 강한 비…수도권 폭염급 더위,Culture
“아침마다 얼굴 퉁퉁 붓는다면?”… 나트륨 배출 돕는 식재료 5가지,Culture
"한미약품, 릴리에 1.9조 기술 수출…랩스커버리 적용 파이프라인 이전 탄력 받나",Culture
"“수박에 ‘이것’ 뿌리면, 전해질 보충 효과”… 약사 추천, 뭐지?",Culture
"""신약 차별성 구체적으로 확인"" 셀트리온, 신약 개발 역량에 기대감 확대",Culture
"대한산악연맹, 히말라야 미답봉 사트SAT(6,220m)봉 초등",Culture
태풍은 일본으로 갔지만 제주 전역 강한 비바람...추자도.동부권 호우경보 발효,Culture
"이승환, 구미시 항소 분노 “세금으로 이자 12%, 내가 다 아깝다”",Culture
"“벤츠, 너 떨고 있니”…‘한국인 소울세단’ 신형 그랜저, 내릴 때도 뿌듯해 [세상만車]",Culture
"팔굽혀펴기 40개, 심장병 위험 96% 낮춘다...중년 남성 '건강 바로미터' 입증",Culture
"[출근길 YTN 날씨 6/2] 남해안·제주 호우, 남해 동부 먼바다 태풍경보...중서부는 고온",Culture
"[출근길 날씨] 올 최고 더위, 서울 33도…남해안·제주 강한 비",Culture
[날씨클릭] 제주·남부 호우…서울 낮 33도 올들어 최고,Culture
[날씨] 오전까지 남부·제주 많은 비…중서부 땡볕 더위,Culture
남해동부먼바다 태풍경보…6호 '장미' 역대 세 번째 이른 영향 태풍,Culture
“하루 한 숟갈로 살 빼고 암 막는 효과” 달콤한 식품의 정체는?,Culture
“통증 일주일 참았을 뿐인데 고환 괴사”… 72세男에 무슨 일이?,Culture
"콘진원, 2026 콘텐츠산업포럼 개최…K-콘텐츠 성장 해법 찾는다",Culture
오늘 흐리고 한낮 초여름...동쪽 곳곳 한때 소나기[날씨],Culture
"현대차 정몽구 재단, 숲속 선율 '계촌 클래식 축제' 성료",Culture
방한 외래객도 전국 숨은 '맛집 탐방' 앱 하나면 OK,Culture
2026년 6월 8일 띠별 운세[오늘의 운세],Culture
"성재승, 남녀 통합 첫 헬싱키 국제발레콩쿠르 그랑프리",Culture
지난해 가장 많이 입원한 질환은 노년백내장…의료비 1위는 치매,Culture
"'고난의 행군' 이후 북한을 소설로…서현범 '점선,' 오늘의 작가상",Culture
"젠슨 황 “AI 인프라 10년 이상 지속…SK하이닉스, 앞으로도 최대 메모리 파트너”",Economics
가죽재킷 대신 두산 유니폼 입더니…젠슨 황·박정원 회동 결과 보니,Economics
보유 주식만 있어도 돈 번다…대신증권 200만원 지급 행사,Economics
"엔비디아·SK, 'AI 혈맹'…메모리 공동개발·데이터센터 협력",Economics
레버리지 ETF 장초반 20% 급락…개미 '희비',Economics
"""AI 주식 매우 싸다"" 젠슨 황의 장담…삼전닉스 낙폭 줄었다",Economics
수도권 레미콘 1.1만대 멈췄다…반도체 공사 현장도 비상,Economics
방한 마지막 날‥SK·LG·네이버·스타트업까지,Economics
"LG엔솔, 美관세 1천억 돌려받을듯…韓기업 6천곳 환급 신청",Economics
"'검은 월요일' 코스피, 8000선 깨져…서킷 브레이커·사이드카 발동",Economics
"[클릭 e종목]""가격 사이클 끝나간다…반도체 투자 중심축 '소부장'으로 이동 전망""",Economics
[코인뉴스] 6만 달러선 사수한 비트코인…안도는 아직,Economics
"두산, 엔비디아와 AI팩토리·피지컬AI 전방위 협력 나선다",Economics
삼전 30만원선·하닉 200만원선 붕괴…미국 기술주 급락 여파,Economics
변동성 확대 속 '빚투' 최고치…'검은 월요일' 극에 달한 반대매매 공포,Economics
"코스피 20% 하락 경고…""아직 바닥 신호 없다""",Economics
"네이버-엔비디아, 기가와트급 'AI 팩토리' 동맹…""최적의 파트너""",Economics
"1000선 붕괴된 코스닥, 매도 사이드카 발동",Economics
"9000만원대 추락했던 비트코인 반등…세일러는 ""더 사겠다""[코인브리핑]",Economics
젠슨 황 방문에 대표 출신 차기 총리 발탁까지…네이버 주가 힘 받나,Economics
[속보] 코스피 거래 재개...'서킷 브레이커' 해제,Economics
"대한전선, 싱가포르서 초고압 전력망 프로젝트 수주",Economics
"""화사 'So Cute' 매력적"" 젠슨 황, 깜짝 팬심...""이재용·최태원·정의선 중 찐친?"" 질문엔",Economics
"폰드그룹, 라이브 커머스 기업 '모나드홀딩스' 인수",Economics
수도권 레미콘 1만1000대 멈췄다…반도체 공사 '비상',Economics
8천선 폭삭 무너진 코스피...서킷 브레이커 발동,Economics
"""소문난 잔치, 이젠 끝?""⋯글로벌 큰손들, 한국 주식 비중 축소",Economics
"코스피, 장중 8% 폭락…삼전·SK하닉 급락에 서킷브레이커 발동",Economics
"구리· 동탄·수지가 또…수도권 신고가 거래 줄었는데, 호재 있는 곳은 딴 세상[부동산360]",Economics
"중소기업 특별급여, 대기업 17.4% 수준…임금 격차 키워",Economics
"엔비디아 “네이버, 엔비디아 DSX 기반 AI 팩토리 구축”",Economics
코스피 7400선 추락…개장 3분 만에 '서킷 브레이커',Economics
"코스피 8%대 급락 7,400대‥서킷브레이커 발동",Economics
화려했던 '직구시대' 저문다…강달러에 배송대행업체 비명,Economics
"대한전선, 싱가포르서 1400억원 '초고압 케이블 프로젝트' 수주",Economics
[속보] 최태원 “엔비디아와 차세대 AI팩토리 공동 개발”,Economics
"금융위기 후 최고 원·달러 환율⋯""종전해도 빨리 돌아가기 어려워""",Economics
"젠슨 황 ""SK하이닉스, 앞으로도 엔비디아 최대 메모리 파트너""",Economics
“수입 원자재 두배 올랐다” “팔수록 손해”…고환율 직격탄에 중기 ‘패닉’ [중기+],Economics
"AI 깐부된 투타 콤비…두산그룹·엔비디아, 피지컬 AI 생태계 구축 협력",Economics
한화오션 조선소서 휴머노이드 로봇 실증… 에이로봇·엔닷라이트 협력,Economics
"'반도체 직주근접' 동탄, 신고가 거래 비중 6개월째 상승",Economics
가전·스마트폰 사면 20% 온누리로…삼성전자 ‘상생 페이백’ 실시,Economics
장 초반 '7400피'에 서킷브레이커…코스닥도 7%↓,Economics
코스피·코스닥 동시 폭락…블랙먼데이 '거래 중단'(상보),Economics
에이비엘바이오 “월드 ADC 코리아서 이중항체 ADC 소개”,Economics
"키움증권 ""스벅 '탱크데이' 여파에 이마트 2분기 실적 전망치 ↓""",Economics
'검은 월요일' 공포⋯개장 직후 '8천피' 붕괴,Economics
"“나이 들어 믿을건 자식 아닌 주택”…4월 주택연금 급증, 이유가",Economics
‘검은 월요일’ 국내 증시 멈췄다…코스피 서킷 브레이커 발동,Economics
"로킷헬스케어, 이나단 CTO 영입 “신장·연골 재생 美 진출 속도”",Economics
"닛케이 장초반 4% 급락…중동 확전에 위험회피, 엔화 소폭 상승",Economics
코스피 서킷브레이커 발동…20분간 매매 중단,Economics
[속보] 달러당 원화값 1555.2원 개장…17년3개월만에 최저,Economics
"코스닥, 매도 사이드카 발동…역대 12번째",Economics
"""국평 21억이라니""…서울 아파트 분양가, 한 달 새 2억 뛰었다",Economics
"코스피, 올해 3번째 서킷브레이커...반도체 급락 여파 8%대 ↓",Economics
"[속보] 젠슨 황, 주가 폭락에 “AI 혁명은 이제 시작···주식 저렴하게 살 수 있는 기회”",Economics
"""메모리도 커스텀 시대…SK하이닉스 실적 더 좋아진다""-NH證",Economics
"중기중앙회, 한성숙 총리 지명 환영…""3고 위기 이끌 현장형 적임자""",Economics
"“성장 성과를 국민과 함께” 삼성전자, 5조원 사회 기여 약속 첫 발",Economics
"‘검은 월요일’ 코스피, 美 반도체 쇼크에 8% 폭락…7400선 털썩",Economics
"원/달러 환율 1,555.2원 개장…17년 3개월 만에 최고",Economics
무겁고 발아픈 군화는 그만! “진동 칩 심어 근육 피로 해소”[K-히든챔피언],Economics
"미국發 반도체 쇼크에 '블랙먼데이'…코스피, 8% 내린 7400선까지 밀려",Economics
상장 규모만 2000억달러 ‘스페이스X·오픈AI·앤트로픽’… 지수 끌어내릴 수도,Economics
레미콘 운송노조 파업에 삼성·SK 긴장…반도체공장 건설 차질 우려,Economics
"환율, 17년 3개월 만에 '최고'...1,555.2원에 개장",Economics
환율 17년 만에 최고 수준…당국 경고에도 달러 강세 못 꺾었다,Economics
달러 대비 원화 환율 16.1원 오른 1555.2원 개장..17년 만에 최고,Economics
"코스피, 개장 직후 서킷 브레이커…美 기술주 급락에 8000선 붕괴",Economics
규제에 수도권 신고가 10% 밑으로…반도체 벨트·비규제지역은 강세,Economics
"""스페이스X, 너무 비싸…이 가격엔 안 사겠다""…가치평가 대가의 경고",Economics
폭락장 비껴간 대원제약…비만신약 기대감에 19% 상승 [Why 바이오],Economics
"젠슨 황, 첫 한국 예능 출연…""화사 음악 사랑한다"" 팬심 고백",Economics
"MBK, 日 알루미늄업체 아르테미라 인수 완료",Economics
"삼성전자 감사 페스티벌, 오늘부터 전국 1000여 온·오프라인 매장서 진행",Economics
"'붙이는 화장품 1위' 피앤씨랩스, 반창고 회사에 팔렸다",Economics
이제는 미국이 석유 더 시추해야할때…국내 강관업계 하반기 실적 ‘기대감’,Economics
"원·달러, 1555.2원 출발…17년 3개월만 최고치",Economics
'검은 월요일' 29만전자·185만닉스 폭락…시총 50위 중 49개↓,Economics
[속보] '공포의 검은 월요일'…코스피 8% 폭락에 개미들 '패닉',Economics
"[속보] 코스피 8%대 급락에 서킷브레이커 발동‥7,400선까지 밀려",Economics
블랙 먼데이 되나...코스피 이번 주 7700선 지지가 관건,Economics
"환율 1,555.2원 개장…17년 3개월 만에 최고",Economics
8000선·30만전자·200만닉스 ‘올킬’…코스피 8%대 급락 출발 [투자360],Economics
"코스피, 장 시작 직후 8% 넘게 폭락…서킷브레이커 발동",Economics
[속보] '검은 월요일' 급락장에 코스피 서킷 브레이커 발동...20분간 매매 중단,Economics
"트럼프 ""연준 금리인상은 실수""…워시 첫 FOMC 앞두고 공개 압박",Economics
신영증권 자사주 1조 소각에도…오너家 지배력 '이상 무',Economics
서울 민간 아파트 국민평형 평균 분양가 첫 21억원 돌파,Economics
[자막뉴스] 다시 찾은 '깐부'...젠슨 황 다음 행선지도 '기대만발',Economics
"코스피, 개장 직후 8% 급락...8천 붕괴",Economics
"두산, 엔비디아 AI팩토리 협력…젠슨 황 ""피지컬 AI, 제조업 새 기회""",Economics
박정원-젠슨 황 '맞손'…AI 분야 에너지·전자소재·로보틱스 전방위 협력,Economics
"코스피, 8000선 붕괴…증권사 어플 접속도 어려워",Economics
"""코스피 20% 하락 가능성""...29만전자·190만닉스로 뚝",Economics
"티로보틱스, 중국서 '차페크상' 수상…""AMR·피지컬AI 기술력 인정""",Economics
"최태원 ""엔비디아와 AI팩토리 협력"" 젠슨황 ""미래 대단히 밝아""",Economics
SK하이닉스·엔비디아 ‘AI 차세대 메모리’ 공동 개발한다,Economics
[속보] 코스피 급락에 8천선 아래로…코스닥도 동반 하락,Economics
삼성重 LNG 운반선 1척 3855억 수주... 年 수주 목표 61% 달성,Economics
"코스피, 8%대 급락해 '8천피' 붕괴…3개월 만에 서킷브레이커",Economics
[속보] 피하지 못한 블랙먼데이... 코스피 7400선으로 폭락 후 소폭 반등,Economics
[속보] 한성숙 총리 후보 “전환적 시기에 지명돼 책임감 막중… 비상 경제 타개 총력”,Economics
코스피 블랙 먼데이…8% 급락 '서킷브레이커' 20분간 매매중단(상보),Economics
‘AI 황제’가 먹자 매출 766% 폭증…젠슨 황 효과에 외식업계 웃었다,Economics
"[속보] 급락장에 코스피, 서킷 브레이커 발동…20분간 매매 중단",Economics
"NH證 ""삼전 53만·SK하닉 320만 제시…에이전트AI시대 수혜""",Economics
[속보] 코스피 폭락에 서킷 브레이커 발동…20분간 매매 중단,Economics
“이 환율에 무슨 직구를 해요”…해외직구 급감에 배송대행업체도 ‘울상’,Economics
동해심해가스전 우선협상대상자로 영국 BP 선정,Economics
"미래에셋, 스페이스X 청약 이틀차도 흥행…2분 만에 소진",Economics
수도권 신고가 비중 올해 최저…강남 꺾이고 동탄 떴다,Economics
블랙먼데이 코스피 7500선 붕괴로 시작…3분만에 서킷브레이커,Economics
아파트 대출 규제 강화 속 소형 오피스텔 거래 증가… 강남 논현 ‘보타니끄 논현’ 공급,Economics
[경제 포커스] 1560원 찍은 환율...‘달러 방파제’ 외환보유고 올 들어 1.6兆 줄어,Economics
"블룸버그 ""'코스피 과열' 경계감…약세 전환 의미는 아냐""",Economics
[속보] 코스피 8000선 붕괴…서킷브레이커 발동,Economics
[속보] '서킷브레이커' 코스피 7000선 추락… 증시·환율 동반 패닉,Economics
"대한조선, 미 해군 함정 MRO 나선다…'MSRA' 지원사업 최종 선정",Economics
"[속보] 현실이 된 블랙 먼데이…코스피 급락, 8000선 붕괴",Economics
"현대엔지니어링, 카자흐스탄 대형 가스처리시설 수주",Economics
[와이라노] “술 안 마셔요” 부산 술집 200곳 문 닫았다,Economics
"[속보] ‘블랙먼데이’ 코스피, 8%대 급락…8000선 무너져",Economics
전세 물량 감소에 서울 강서구 아파트 매매 전환 늘어,Economics
"[아침밥] IBK증권 ""삼성E&A 수주 성장 국면…비화공 5조원 가능""",Economics
"[아침밥] 키움증권 ""NHN 기술 성장성 지속 기대…목표가 ↑""",Economics
"코람코, DCI 손잡고 40㎿급 ‘안산 시화 AI 데이터센터’ 첫 삽",Economics
[속보]코스피 개장 직후 8%대 급락…7470선까지 밀려,Economics
피스피스스튜디오 상장…져스텍·스트라드비젼 수요예측,Economics
연이틀 만나는 젠슨 황·정의선…현대차-엔비디아 AI 동맹 구체화,Economics
강남 신고가 잠잠한데 동탄은 '껑충'…수도권 신고가 비중 '뚝',Economics
"SK하이닉스, 아직 끝 아니다...증권가 ""목표가 320만원""",Economics
[속보] 젠슨 황 “SK는 우리의 최대 메모리 파트너”,Economics
점심시간 대기번호 60번…종각 직장인들 줄 세운 이곳,Economics
“삼전닉스 내일은 오르겠죠?”…묻지말고 ‘이것’ 보라는데,Economics
"""비에이치, 로봇 시장 진입 기대… 목표가 84%↑""-신한",Economics
"""이번 달엔 더 많이 담겠네"" 적립식 투자의 힘",Economics
"[현장] 젠슨 황, 방한 마지막날 'AI·로보틱스 강행군' 시작…삼성·SK·현대차·LG 등과 회동",Economics
"“中企 여성 월급, 대기업 남성의 37% 그쳐”…벌어지는 임금 격차",Economics
"블룸버그 ""코스피 과열 경계감…일부 글로벌 투자자 헤지 나서""",Economics
삼성전자 '5조 사회공헌' 오늘부터 시작…온누리상품권 20% 페이백,Economics
"한화證 “KB금융, ROE 15년 만에 최고 수준 전망…목표가 22만6000원”",Economics
"‘검은 월요일’ 우려 확산…한국거래소, 긴급 시장점검회의 개최",Economics
"네이버, 엔비디아와 GW급 초대형 AI 팩토리 구축",Economics
"신한證 “메리츠금융지주, 시장 변동성 확대 구간에서 매력 부각”",Economics
"유퀴즈 나온 젠슨황, 화사 향한 '팬심' 공개",Economics
"바빌론 “비트코인, 담보 기능 더해 진짜 금으로 만들 것” [매일코인]",Economics
[친절한 경제] 대학병원서 MRA 받았는데도…보험금 안 나온다?,Economics
"한미약품, 올해 추가 기술수출 기대감 커진다 [Why 바이오]",Economics
"“국장 투자자, 이번 달은 어렵겠지만”…AI실적 안 사라진다는 증권가 [오늘 나온 보고서]",Economics
"[VC 밸류업 진단] 아주IB투자, 임원 줄매도…블록딜 단가 20% 낮아져",Economics
전국 국평 분양가 7.2억 '역대 최고'…서울은 첫 21억 돌파,Economics
‘젠슨 황 효과’ BBQ 홍대점 매출 20% 뛰었다,Economics
별장 대신 ‘글로벌 브랜드 회원권’… 고자산가·전문직 휴양 자산 소비 방식 변화,Economics
"‘블랙먼데이’ 공포에도…NH證, 53만전자 ·320만닉스로 목표주가 상향",Economics
"삼성전자, 에이전트 AI 확산 기대…목표가 상향-NH투자증권",Economics
9000 바라보던 코스피 급제동… 빚투·레버리지 개미 비명,Economics
마지막까지 바쁜 젠슨 황…오늘 LG·현대차·네이버 이어 서울대까지 돌아,Economics
수도권 레미콘 1만1000대 멈췄다…건설현장 넘어 반도체 공정 ‘비상’,Economics
"SK하이닉스, 엔비디아와 차세대 메모리 공동 개발…'장기 파트너십' 맺어",Economics
"삼양컴텍, 국내 장갑차·수출형 K2 전차 장갑 양산 물량 발주 확보",Economics
“고삐 풀린 원화” 환율 1600원 턱밑 비상,Economics
"삼전·하이닉스에 절반 베팅…KB운용, 반도체 채권혼합 펀드 출시",Economics
"트럼프, 워시 연준 의장에 “금리 인하하라” 압박",Economics
최태원·젠슨 황 'AI 동맹' 강화…차세대 메모리 공동 개발 나선다,Economics
"해성에어로보틱스, 초정밀 감속기 사업 성장 지속",Economics
"스페이스X 탓에 국장 '출렁'...""오히려 기회다""",Economics
"네이버·엔비디아, 초대형 AI 팩토리 구축…韓 기업 최초 '네모트론' 합류",Economics
"원스토어 노조, 매각설에 반발…""토종 앱 마켓 헐값 매각 반대""",Economics
"SK하이닉스, 엔비디아와 '운명 공동체'…AI 메모리 패권 함께 쥔다",Economics
"""123조 증권에 뺏길라""…은행들 퇴직연금 ETF 유치 '혈안'",Economics
"거래소, 증시 급락에 긴급 점검…사이드카 적시 가동·불법 공매도 감시 강화",Economics
"네이버-엔비디아, 기가와트급 AI 팩토리 짓는다…소버린 AI 강화",Economics
"최태원·젠슨 황, 깐부 동맹 'AI 팩토리'로 확대…차세대 메모리 공동개발(종합)",Economics
"""8천피 성과? 돈이 있어야 주식하죠""…저소득층, 복권 지출 60% 늘어난 이유",Economics
美 고용 호조가 불러온 금리 공포…원·달러 1560원에 한은 ‘빅스텝’ 그림자,Economics
"하나증권 ""삼성물산, 주가 여전히 저평가…목표가↑""",Economics
美반도체 쇼크·환율 급등…韓 증시 ‘검은 월요일’ 공포 재확산 [투자360],Economics
"비트코인, 9500만원선 회복…공포지수는 '극단적 공포'",Economics
"에이비엘바이오, ‘월드 ADC 코리아’서 차세대 이중항체 ADC 파이프라인 공개",Economics
"청호나이스, 칼라일 품으로…SPA 체결",Economics
삼전닉스 평택·용인 클러스터 공사 멈추나…레미콘 운송 노조 8일 휴업 돌입,Economics
"신한투자 ""비에이치, 로봇 시장 진입 기대…목표가 상향""",Economics
"""10년 넣었는데 2%가 뭐니?""…잠자는 퇴직연금 깨운다",Economics
"증권계좌 없이 스페이스X 투자…바이비트, 토큰화 IPO 판매",Economics
"삼성·SK, 이제 칩만 팔아선 안 된다",Economics
“투기 잡으려다 자영업 옥죌라”…사업자대출 강화에 소상공인도 ‘긴장’,Economics
"[아침밥]하나증권 ""삼성물산 목표가 65만원…올해 원전 수주 기대감""",Economics
"IBK證 “신세계, 복합개발 가치 반영 필요…목표가 78만원”",Economics
"'투타 콤비'에서 'AI 깐부'로…두산, 엔비디아와 전방위 협력",Economics
"iM증권 ""금리, 시장 못 부러뜨려…주도주 조정 땐 은행주 주목""",Economics
"1560원 넘어선 환율…한투證 “과도한 오버슈팅, 금융위기와 달라”",Economics
"“이번주 주식창, 나는 안볼란다”…고환율·스페이스X 상장·네 마녀의 날 겹쳐",Economics
"금리인상 전망 확산에 트럼프, 금리인하 또 압박",Economics
"엔켐, 1분기 전해액 판매량 12% 증가…ESS 수요 확대 효과",Economics
"삼성E&A, 반도체 투자 확대 수혜…목표가 71%↑-IBK",Economics
1~4월 임금체불 6387억…홈플러스發 고용불안에 체불 경고등,Economics
'달러 공포'에 환전도 겁난다...경제 전문가가 주목하는 한 지점 [굿모닝경제],Economics
"미래에셋, 스페이스X 청약 이틀차 2분만에 마감",Economics
비수기인데 손님 늘어…배달 플랫폼 무한 경쟁의 속사정,Economics
"IBK투자, 삼성E&A 목표가↑…""수주 가이던스 상향 가능성""",Economics
'삼전닉스' 프리마켓서 10%대 급락…美 반도체 쇼크,Economics
"두산그룹, 엔비디아와 AI팩토리·피지컬AI 전방위 협력",Economics
"SK그룹-엔비디아, AI 팩토리용 메모리 공동개발한다",Economics
"신한證 “비에이치, 스마트폰株 아닌 로봇 밸류체인…목표가 84%↑”",Economics
"""코스피, 고점 대비 20% 이상 하락할 수도""-LS",Economics
"[투자자 순매수 TOP5] 외인 20일 연속 순매도, 비중은 39%로 오히려 상승",Economics
NH證 “삼전 53만·SK하닉 320만으로 목표가↑…에이전트AI發 재평가 기대”[줍줍리포트],Economics
"SKT·엔비디아, 'AI 인프라' 구축 동맹…내년 첫 가동",Economics
"""신세계, 서울 고속버스터미널 개발 기대…목표가↑""-IBK",Economics
"“P-CAB 전쟁 안 끝났다”…대원제약, 넘사벽 ‘pH 4 유지력’으로 승부",Economics
"두산, 엔비디아와 AI 동맹 확대…에너지·로봇·소재 총망라",Economics
"SK하닉·엔비디아, AI 팩토리 구축 위한 차세대 메모리 공동 개발",Economics
하락세 일단 멈춘 비트코인…'극도 공포' 구간 여전 [코인 모닝콜],Economics
[어제장 오늘장] 글로벌 금리 인상 공포 확산…국내증시 블랙먼데이 우려,Economics
[기업이슈] 젠슨 황 광폭행보에도 반도체주 급락…'블랙먼데이' 우려,Economics
반도체 조정은 기회…목표가 삼전 61만·SK닉스 400만 유지-SK,Economics
"떠오르는 우주산업…""'인프라·통신·데이터' 주목해야""",Economics
"'투타 호흡' 두산 박정원·엔비디아 젠슨황, '피지컬AI·로보틱스·AI 팩토리' 깐부로",Economics
'검은 월요일' 오나?…프리마켓서 삼전·하닉·현대차 10%대 급락,Economics
"“이런 것이 주가 조작 아닌가”…이 대통령, 코스닥 공매도 건 공개 지적",Economics
3년 일해도 신입만 못해…중소기업 인력유출 부르는 '임금격차',Economics
그때 그 곳에서 2차 '깐부회동'…젠슨 황·최태원 '러브샷',Economics
"손오공, 글로벌 휴머노이드 1위 '애지봇'과 맞손…로봇·AI 사업 본격화",Economics
"키움증권 ""스벅 '탱크데이' 논란에 이마트 2분기 실적 전망치↓""",Economics
금리 인상 우려에 증시 랠리 급제동…원달러환율 17년래 최고 [글로벌 머니플로우],Economics
"중소기업 여성 월 임금, 대기업 남성의 37.2%…""성과 보상 확충해야""",Economics
[속보] 삼성전자·SK하닉 프리장서 10%대 급락...'검은 월요일' 공포 덮친 코스피,Economics
"‘삼소회동’ 했던 구광모-젠슨 황, 오늘도 만난다…LG 사옥서 회동",Economics
"""마일스톤 불확실성 줄였다""...GC녹십자, 큐레보 매각 주목받는 이유",Economics
[굿모닝 증시]美 증시 급락에…'검은 월요일' 오나,Economics
"“AI 랠리 끝은 아니지만…시장, 과열 청구서 받기 시작”",Economics
"로봇 팔 움직이는 ‘작은 두뇌’ 만든다…아이티엠반도체, 80V 모터 제어칩 도전",Economics
'검은 월요일' 공포…'삼전닉스' 프리마켓서 10%대 급락,Economics
"토스모바일, 'CU 제휴 요금제' 출시 1년 만에 가입자 2만명 돌파",Economics
"'탱크데이 논란'에 휘청이는 이마트?...""홈플러스 덕 볼 것""",Economics
'29만전자·186만닉스'로 폭락…프리마켓 9.70% 급락,Economics
美고용·반도체 쇼크에 프리마켓서 ‘삼전하닉’ 7~8%대 급락[마켓시그널],Economics
"구광모-젠슨 황, 오늘 LG 사옥서 회동…로봇·AI 인프라 동맹 주목",Economics
"젠슨 황·최태원, 엔비디아·SK ‘AI 팩토리 동맹’ 차세대 메모리 공동 개발·양산",Economics
"SK증권 ""반도체 조정은 기회…하반기 메모리 재평가 본격화""",Economics
"젠슨 황, 현대차 ‘로봇 실증 공간’ 방문…정의선과 피지컬 AI 논의할 듯",Economics
"두산그룹, 엔비디아와 AI팩토리·피지컬AI 전방위 협력 추진",Economics
‘블랙 먼데이’ 되나…1560원대 환율과 당국 개입 경계[외환브리핑],Economics
"[마켓뷰] 코스피, '美반도체 쇼크'에 변동성 확대되나",Economics
"[굿모닝 마켓] 뉴욕 증시, 연준 금리인상 전망에 급락…나스닥 4%↓",Economics
"SKT, 엔비디아와 AIDC 판 키운다…2027년 한국 첫 가동",Economics
"""나만 돈 못 버나""...신용대출 사흘 만에 1조 '어쩌나' [굿모닝경제]",Economics
"대기업 남성 월급 711만원, 중기 여성은 264만원…임금격차 더 커졌다",Economics
이종서 앱클론 대표 “HLX22로 항체 기술 입증…인비보 CAR-T로 확장”,Economics
"""제조업에 AI 날개 단다""…두산-엔비디아, 피지컬 AI 생태계 구축",Economics
올해 영업흑자 전환 유력한 K헬스케어 삼총사는?,Economics
"기업들, 4조원 '美 관세' 돌려받는다",Economics
"상위 10% 月소득, 1500만원 넘었다…하위 10%와 격차 21배",Economics
"""블랙먼데이, 개장 직후 대폭락 공포에 투매 말라""... '저가매수 기회'라는 증권가",Economics
"""고물가·고금리·고유가, 악재는 맞지만, 위기 시그널은 아냐""-iM",Economics
배당주서 성장주로 진화하나…KT&G 담는 외인 큰손 [종목+],Economics
"중소기업 女 월급, 대기업 男의 ‘3분의 1’… 벌어지는 ‘임금 격차’",Economics
“오빠네 회사는 사내대출 안돼?” 삼성은 5억 된다는데,Economics
"LG엔솔, 美 관세 환급 신청…1000억원 이상 돌려받는다",Economics
"中企 여성 임금, 대기업 남성의 37% 수준",Economics
"엔비디아-네이버, 1GW급 AI 팩토리 구축 맞손…유럽·중동 공동 진출",Economics
'롯데가 하면 다르다'...오감 만족 '포켓몬 세계관' 구현,Economics
“5년 일해도 대기업 신입보다 덜 받아”…中企 청년 ‘성장 사다리’ 끊겼다,Economics
"중소기업 특별급여, 대기업의 17.4% 그쳐…임금격차 핵심 요인",Economics
"[속보] 마지막까지 바쁘다 바빠…젠슨 황, LG·서울대·현대차·네이버 방문",Economics
[오늘의 증시]'검은 월요일' 공포…美반도체·환율 악재에 '칠천피' 후퇴하나,Economics
나스닥 4.18% 폭락ㆍ환율 1560원 돌파 '블랙 먼데이' 전운[뉴스새벽배송],Economics
"하나證 “삼성물산, 자회사 지분가치 급등에 원전 모멘텀까지… 목표가 8.3%↑”",Economics
‘검은 월요일’ 대응 전략은…“주도주 살 기회로 접근해야”,Economics
"""이마트, 탱크데이 논란에도 홈플러스 폐점 수혜 입을 것""-키움",Economics
"전기차 전쟁, 승용차서 트럭으로…테슬라 ‘세미’ 양산 시작",Economics
"[애프터마켓 리뷰] 대원제약 ""美 학회서 4중 비만 신약 전임상 발표""",Economics
"선익시스템, OLEDoS 성장 본격화…페로브스카이트도 성장동력-NH",Economics
SK·엔비디아 협력 발표 임박…젠슨 황의 '선물 보따리'는?,Economics
“AI 반도체 금리 발작…코스피 7900선 이하는 투매보다 매수”,Economics
젠슨 황 마지막 일정은…LG·서울대·현대차·네이버 종횡무진,Economics
"""팬오션, 운임·환율 다 좋은데…주가만 조정받아""-한국",Economics
"심텍, SOCAMM 우려에 급락했지만 ""오히려 매수 기회""-iM증권",Economics
"“한미약품, ‘약 2조’ 기술수출 잭팟에 몸값 쑥”…목표가↑",Economics
[상생코리아]유한양행 새로운 100년 시작…첫발 내디딜 CEO는,Economics
'샤브샤브'가 '훠궈' 제쳤다…'건강한 외식' 덕에 급부상,Economics
"비에이치, 로봇 밸류체인 편입 기대…목표가↑-신한",Economics
“레미콘 1만1000대 멈췄다”…수도권 오늘부터 레미콘 운송 중단,Economics
트럼프 “이란과 합의 불발 땐 타격 후 고농축우라늄 수거”,Economics
"“6월은 확인, 7월은 실적…AI 랠리 끝난 건 아니다”",Economics
[이재명 정부 1년]⑥-1 노란봉투법…노사 관계 새 국면,Economics
540만 원 넣으면 540만 원 얹어준다…목돈 마련할 수 있는 기회 ‘대박’,Economics
"1,550원 넘은 원·달러 환율‥'위기' 아니라지만",Economics
"로봇 두뇌가 뭐길래…NC AI, '피지컬AI' 주인공 될까",Economics
"“갑자기 싸해진 증시…AI 랠리, 이번 주가 고비”",Economics
"미국 기술주 급락, '반도체 펀더멘탈' 때문은 아니라는데 [마켓무버의 국장 힌트]",Economics
"공개석상선 SK, 물밑에선 삼성...젠슨 황의 '밀당'",Economics
"구광모-젠슨 황, 오늘 10시 여의도 LG트윈타워서 회동…권봉석·류재철 참석",Economics
"심텍, 소캠 관련 우려 과도…주가 조정은 매수 기회-iM",Economics
"이란, 이스라엘 미사일 공격",Economics
"""버티다 망할라""…식품업계 '원가부담' 직격탄, 가격인상 불가피",Economics
"""이마트, 추가 악재 제한적…주가 조정은 매수 기회""-키움",Economics
"[투자의 품격]타임폴리오, 액티브ETF로 증명한 헤지펀드 명가 DNA",Economics
"[마켓 프리뷰] 젠슨 황 ""깜짝선물""에도 코스피 '풀썩'…환율 고공행진",Economics
유가 3% 급등·나스닥 선물 0.4% 하락…중동확전 우려에 위험회피,Economics
"“삼성물산, PBR 0.7배 저렴한 주가…4분기 루마니아 대형원전 수주 기대” 목표가↑",Economics
"삼성물산, 저평가 매력·원전 모멘텀 보유…목표가↑-하나",Economics
젠슨 황·최태원 2차 '깐부회동'…오늘도 광폭 행보,Economics
“이재용 정의선 최태원 가장 친한 사람은?”…유재석 질문에 젠슨 황의 답변,Economics
금리 인상 아직인데…저소득층은 이자에·2030은 월세에 허덕인다,Economics
미국 고용 쇼크…반도체주 무너졌다,Economics
고용 호조의 역설…뉴욕 증시 시총 2000조 증발 달러 강세,Economics
"오픈AI “챗봇은 죽었다”…AI 코딩 에이전트 중심 전환, 소라는 종료",Economics
월세 5000만원에 권리금 5억…북촌 외국인 몰리자 골목상권 물갈이,Economics
환율 1500원 돌파 국민연금 총동원…당국 추가 카드 소진,Economics
올해 신규 상장 14개 중 6개 공모가 하회…자금 삼전·하이닉스로,Economics
"[단독]""왜 내 주식만 안 올라"" 이유 있었다…정부 비웃는 '주가누르기' 의혹[부의승계]인탑스②",Economics
"국내 시장 주춤하는 사이…한국 법인 10여 곳, 해외서 '테슬라 토큰' 샀다",Economics
[거버넌스워치] 대덕그룹 지주 체제 전환 때 자사주 탈탈 턴 이유,Economics
"""연봉을 그렇게 줬는데, 여섯달만에 또 나가?"" 정책자금 확대가 낳은 진풍경",Economics
"9000피 앞두고 ‘출렁’…빚투 개미, 반대매매 공포 어쩌나",Economics
위고비 다음은 근육 보존 경쟁…살 빼는 기준이 바뀐다,Economics
"비트코인, 최근 급락 원인은?...美 매크로 불확실성에 '큰손 매도' 겹쳐",Economics
"""실력은 있었다, 이젠 알릴 차례""…화우 M&A, '기세'로 판 바꾼다",Economics
“전쟁 끝나도 美 국채금리 떨어지기 어려워”,Economics
RIA·삼전닉스 레버리지 내놨지만…고환율에 '머쓱',Economics
"점점 뜨거워지는 '퀵커머스' 경쟁…배달앱, 제대로 붙었다",Economics
"""나도 수지처럼"" 한국인이 먹고 입고 바르는 그대로…외국인들 푹 빠진 'K라이프'",Economics
몸값 1.75조달러 스페이스X 출격…뉴욕증시 AI 랠리 시험대 오른다,Economics
"정의선 회장 '삼소 회동' 대신 젠슨 황 양재 사옥 초청 ""이유 있네""",Economics
"[단독]이재명 지시에...HJ重, RG 숨 돌리나",Economics
"“엔비디아 AI 센터, 서울에”…의대보다 공대 진학 늘까? [잇슈 머니]",Economics
스페이스X 상장 임박…코스피 ‘검은 월요일’ 오나? [잇슈 머니],Economics
美 월가 “한국 증시 신중론 확대…투자자들 헤지 전략 모색 중” [코주부],Economics
'검은 월요일' 오나…'변동성 장세' 핵심 변수는?,Economics
홈플러스 진짜 청산되나… 새 주인 못 찾아 회생 불투명,Economics
"'어디서부터 잘못된 걸까'…""일단 피하자"" 발등 불 떨어진 K바이오주",Economics
"""더 많이 만들어달라"" 젠슨 황 한마디에…메모리값 또 뛴다",Economics
"""선거 끝!""…밀린 아파트 분양 쏟아진다",Economics
주식시장도 국경이 사라진다…로빈후드의 반란[월가 뒤흔든 토큰혁명]③,Economics
18년 만에 최대 규모…일본 대기업이 사옥 파는 진짜 이유 [더 머니이스트-김용남의 부동산 자산관리],Economics
"1년 만에 또…""월세 60만원이나 올리겠대요"" 세입자 눈물 [돈앤톡]",Economics
전셋집 품귀…재건축 시작하면 어디로 가나요? [더 머니이스트-최원철의 미래집],Economics
[상생코리아]FDA 첫 허가 K항암제 '렉라자'…협업의 가치 빛났다,Economics
"‘한국돈 왜 이래, 이젠 못 사겠네’… 직구 시장 직격탄",Economics
“한국 반도체 문의가 너무 많이와요”...캐나다에서도 ‘삼전닉스’ 붐,Economics
“주식 포모 와서 변액보험도 해지했는데”…원금 손실 위험까지 있다고?,Economics
"“연일 시퍼런 장, 절반은 이것 때문?”…국민연금도 기다린다는 초대형 IPO",Economics
"선거 끝, 결단의 시간…세제개편·지역성장 속도전",Economics
젠슨 황 광폭 행보‥SK·삼성·LG·네이버 연쇄 회동,Economics
"젠슨 황, 마지막까지 강행군…LG·서울대·현대차·네이버 찾는다",Economics
"한은, 이란계 멜라트은행 배상 1천억대로 확대 우려",Economics
삼전닉스가 뒤흔든 코스피 지형도…시총 ‘톱10’ 확 바뀌었다 [이런국장 저런주식],Economics
"'중동戰 100일' 수출中企, 원가 급등에 재고 동나고 자금줄 마른다",Economics
“밥먹고 잠만 자도 월급 43% 증발”…고물가에 저소득층 살림 더 팍팍,Economics
"“코스피에 넣을까”…미국 주식 파는 서학개미, 국장 회귀 기대감 반반 [이런국장 저런주식]",Economics
"그 편의점, 김밥 좀 마는데~… 가격도 맛도 취향도 콕!",Economics
"양도세 중과 한 달…서울 아파트 매물 10% 증발, 집값은 68주째 상승",Economics
"""4년 뒤 매출 100배"" 상장 전부터 광풍…스페이스X, 1500억달러 몰렸다",Economics
설계·제조·후공정 한 곳에…'대만 실리콘밸리' 신주 가보니[르포],Economics
"대만 반도체의 힘, ‘TSMC 원맨쇼’ 아니었다",Economics
반도체·피지컬 AI… 차세대 먹거리 동반자로 한국 찍었다,Economics
"대만 반도체 구루 ""'메모리 초호황이 삼성 파운드리 발목…분사해야""",Economics
"K게임 업고 자란 엔비디아, 피지컬 AI 파트너로 귀환",Economics
반도체 56조어치 항공기처럼 ‘빌려’ 쓰겠다는 앤트로픽,Economics
"‘경영권 분쟁’ 대호에이엘, 숨겨진 현 경영진 표 10% 있나?... 의결권 제한 가능성도",Economics
"‘상폐 위기’ 아이톡시, 유상증자 모두 불발… 후속 자본 조달도 쉽지 않아",Economics
"‘세계 최대 니켈 생산국’ 인도네시아, 공급 줄인다… 엎친 데 덮친 韓 배터리 업계",Economics
“권리금 최대 5억” 성수 다음 격전지 된 이곳,Economics
주담대 조이자 사내대출 뜬다… 삼성발 5억 저리자금 파장,Economics
"“오늘 주식창 끕니다”…하이닉스 200층 ‘비상’, 떨고 있는 개미들",Economics
"젠슨 황 방한 피날레 ""SK·LG 찍고 현대차·네이버로…삼성과도 회동""",Economics
'검은 월요일' 충격파 얼마나…美 지수선물·환율 시장 보며 '대응',Economics
삼전닉스 2배 ETF 투자시 주의할 '음의 복리' 뭔가요[금알못],Economics
"""'AI 군비경쟁'이 만든 슈퍼사이클…성과급 갈등은 세대 변화 산물""",Economics
새 주인 못 찾으면 청산…고개 드는 정부 역할론[벼랑 끝 홈플러스③],Economics
"K-컬쳐 탐방한 젠슨 황, 이제는 사업한다…현대차·LG·네이버와 ‘피지컬AI 혈맹’",Economics
연봉 역전에 재취업마저 깜깜…MZ 공무원들 민간 회사로 대탈출,Economics
"한은, 멜라트銀 배상 1천억대로 커질까…1심 100억 판결에 항소",Economics
젠슨 황 마지막까지 바쁘다…LG·서울대·현대차·네이버행,Economics
“대세는 액티브ETF”…지수 추종 넘어 과감해지는 개미들 [코주부],Economics
"실물은 저성장, 금융은 과열…거품 꺼질 수 있다[포스트워 투자전략]",Economics
"코스피 ‘블랙먼데이’ 공포… “글로벌 펀드들, 하락 방어 강화”",Economics
"[단독] 보스턴다이나믹스, 韓 부품사 찾았다…휴머노이드 양산 채비",Economics
동전주 탈출해도 '시총 칼날'…적자 늪 296곳 상폐 사정권,Economics
‘9000피’ 앞두고 주저앉은 코스피…조정 국면 언제까지 [주간 증시 전망],Economics
"“LG전자 상한가가 고점 신호였나, 코스피 반토막 가능성은..”",Economics
"젠슨 황, 최태원과 '러브샷→협력 발표'…정의선·구광모도 만난다",Economics
"젠슨 황, 최태원과 '깐부 러브샷'…AI 동맹 구축 속도",Economics
형이 왜 거기서 나와?…‘AI 대부’ 젠슨 황의 잠실 시구가 남긴 것 [권준영의 머니볼],Economics
"‘고유가·외인 매도폭탄’ 악재만 가득…1560원 뚫은 환율, 고착화 우려",Economics
"양도세 이어 세제개편 온다…2030 버티고, 고령층은 팔고",Economics
탈세도 신고하면 팔자 고친다…포상금 ‘40억 한도’ 삭제,Economics
2026년 코스피 시총 순위 ‘요동’… 톱10중 7개 종목 자리바꿈 [경제 레이더],Economics
"대출 막고 비아파트 늘린다더니…인허가, 2만→7048건 '뚝'",Economics
왜 내가 산 달러만 더 비쌀까…환율 1559원인데 공항선 1624원,Economics
"""줄어든 건배 소리""…대리운전·식당 사장님은 '울상'",Economics
과기부총리도 만나는 젠슨 황…정부에 어떤 선물 풀까,Economics
"""진짜 깐부"" SK 최태원-엔비디아 젠슨 황, 오늘 'AI 협력 로드맵' 전격 발표",Economics
"""선배들 다 갔던 자리인데""…재취업 줄줄이 탈락에 공직자들 '술렁'",Economics
美 반도체 급락 뒤 첫 장…“오늘 주식앱 못켜겠다”,Economics
같은 반도체 ETF인데 수익률 2배 차이…'차이는 포트폴리오였다',Economics
금리인상 우려→뉴욕증시 급락·비트코인 6만$ 붕괴…조정장 오나,Economics
"젠슨 황, 강남 PC방 누비고 야구장 시구… 오늘 SK 찾아 최태원과 업무협력 논의",Economics
"글로벌 빅테크 “韓, 최적의 피지컬 AI 실험장” 시장 선점 경쟁",Economics
젠슨 황 3일간 먹은 한국 음식들 보니…이 정도면 K푸드 전도사,Economics
"""스페이스X 기대"" 2조 빨아들인 우주ETF",Economics
中에 팔린 로봇 기업…경제안보 '뉴노멀' 알렸다,Economics
로켓에 AI 데이터센터 싣고 우주로 간다,Economics
‘검은 금요일’ 여파 언제까지… 코스피 덮친 ‘3대 악재’,Economics
환율 밀어올리는 중동전쟁·대미투자… 1500원대 굳어지나,Economics
‘K전선’도 뜨겁다… AI전력망 특수 타고 ‘수주 릴레이’,Economics
과거와 달리 순채권국… 외환위기 우려 낮지만 中企·서민은 ‘비명’,Economics
月 250만원까지 넣을 수 있는 통장… 압류 못한다,Economics
젠슨 황 만나 조용히 실리 챙긴 경영자들,Economics
"[DBR]“삼전-닉스, ‘AI 골드러시’에 강력한 진입장벽 보유”",Economics
美 반도체 쇼크… ‘블랙먼데이’ 몰고 오나,Economics
스페이스X 상장 카운트다운… 국내 첫날 청약 완판,Economics
"젠슨 황, 현대차·엔씨·크래프톤·두산·SK 연쇄 회동 ‘종횡무진’",Economics
신용융자 사흘새 1.7조 증가…외국인 매도 받아낸 ‘빚투 개미’,Economics
‘엔진 없는’ 페라리…10억이 ‘말’이 되나,Economics
"""정신아 대표도 리더십 실패""…첫 파업 앞둔 카카오 노조, 압박 수위↑",Economics
"지선 끝났는데 또 미뤄진 디지털자산기본법…업계 ""답답함 넘어 분통""",Economics
협력 발표 앞두고 '깐부 회동' 시종일관 화기애애……'AI 동맹' 굳건함 과시,Economics
"""반도체 다음은 피지컬 AI""…KB증권 팀장의 하반기 주도주 전략",Economics
[더 보다] 재개발과 전세난 - 공급과 멸실,Economics
지금이 매수기회? 부자들 ‘이것’ 1000억 넘게 쓸어담았다…2배 레버리지까지 줍줍,Economics
"'검은 월요일' 오나…하루 새 2000조 증발한 美 반도체, 코스피 긴장",Economics
최태원 “섭섭한 건 나 아닌 젠슨”…HBM이 바꾼 엔비디아-SK 관계,Economics
"이쯤 되면 K푸드 파이터… 젠슨 황, 먹방 리스트 보니",Economics
"이젠 진짜 일 얘기로...젠슨황, SK·삼성·LG 등에 내놓을 선물 보따리는",Economics
"젠슨 황·최태원 러브샷 ""나도 이제 엔비디아와 깐부""(종합)",Economics
"“세계에서 가장 뜨거운 韓 증시”…글로벌 투자자, 위험 관리 나서",Economics
"'러브샷'한 젠슨 황과 최태원…""이제 진짜 깐부됐다""",Economics
"젠슨 황, 내일 SK와 협력안 공개…크래프톤·엔씨·현대차·두산 찍고 '깜짝 선물' 예고(종합)",Economics
"“두산 회장 거의 맞힐 뻔했다”…잠실 달군 젠슨 황, 시구 후엔 치킨 회동",Economics
"'AI 깐부' 엔비디아 젠슨 황-SK 최태원, 이틀만에 또 만나 '러브샷'…""더 많은 HBM을!""",Economics
"젠슨 황·최태원, 만남 이틀만에 '치맥 회동'…AI '깐부 동맹' 다져",Economics
젠슨 황 “공급 부족 몇 년 더 간다”…최태원과 2차 깐부회동,Economics
"젠슨 황 ""JY, 미국서 만났다""…내일 전영현 부회장 회동",Economics
"깐부치킨서 '러브샷'…최태원 ""깐부 됐다"" 젠슨황 ""매우 좋다""(종합)",Economics
"젠슨 황, 내일도 광폭 행보… SK·삼성·LG·네이버 연쇄 회동",Economics
젠슨 황 주도하는 AI 생태계 ‘핵심 파트너’ 된 한국,Economics
"젠슨 황 ""더 많은 HBM 필요""…SK서 빅뉴스 예고",Economics
"젠슨 황 ""8일 삼성전자 전영현 만난다, 이재용 회장은 미국서 만났다""",Economics
"치킨 들고 나온 젠슨 황… ""HBM 더 필요해!"" 현장 웃음바다",Economics
"깐부 회동 중 ""More HBM!"" 외쳤다…SK-엔비디아 'AI 협력' 발표 예고",Economics
"젠슨 황, 삼성 반도체 전영현 만난다…방한 마지막 날 삼성·SK·LG 릴레이 회동",Economics
"젠슨 황, 8일 삼성 전영현 부회장 만난다…HBM·로보틱스 협력 주목",Economics
"7개월간 7번째 만남도 7시에…최태원·젠슨 황, ‘깐부치킨’서 또 치맥 회동",Economics
젠슨 황 “메모리 수요 엄청나…앞으로 몇 년 동안 공급 부족할 것”,Economics
"젠슨 황 “HBM 더 많이”, 최태원 “우린 이제 깐부”…엔비디아·SK 러브샷으로 AI 동맹 과시",Economics
"젠슨 황-최태원 '러브샷' 진짜 깐부…""8일 몇 가지 발표""(종합)",Economics
"젠슨 황, 내일 엔비디아·SK 협력 청사진 발표…삼성과도 회동",Economics
"삼소 이어 깐부까지…최태원 찾은 젠슨황, 무슨 얘기 나눴나",Economics
"젠슨 황, 이틀 만에 최태원과 치맥 회동…""SK와 내일 협력안 발표""",Economics
“젠슨 황이 먹었다”…치킨·소주·뚱바까지 들썩인 ‘K-푸드’[푸드360],Economics
"젠슨 황 ""내일 몇 가지 발표""…삼성 전영현 회동 예정도",Economics
"젠슨 황·최태원, 8일 오전 협력방안 발표",Economics
'93번' 등번호 달고 시구…PC방 이어 냉면·치킨 회동,Economics
"이틀 만에 재회 젠슨 황·최태원, 'AI 깐부' 재확인…""더 많은 HBM""(종합)",Economics
정의선·장병규·김택진·박정원·최태원…젠슨 황이 찍은 韓 AI 리더들,Economics
"코스피 변동성, 이란전쟁 때보다 ‘위험’",Economics
'검은 월요일' 오나…반대매매·변동성 확대 '우려',Economics
"""더 많은 HBM 필요해!""…또 열린 2차 '깐부회동' 분위기는?",Economics
"젠슨 황, 8일 전영현 삼성전자 부회장 회동...HBM 협력 주목",Economics
[뉴스추적] 깐부치킨서 최태원과 2차 회동…'삼쏘'에 평양냉면·삼계탕까지,Economics
"옛 홈플 해운대점 부지 개발, 자금 조달 실패 ‘좌초 위기’",Economics
"젠슨 황, ‘1차 깐부회동’ 불참자 최태원과 같은 가게로 ‘2차’ 갔다",Economics
러브샷하며 ‘깐부’ 된 젠슨 황·최태원…7개월 만에 삼성동 다시 찾았다,Economics
"""HBM 더!"" 외친 젠슨황…SK 최태원과 AI 동맹 재확인",Economics
"젠슨 황, 내일 현대차·LG·네이버 이어 삼성 전영현 만난다",Economics
"젠슨 황 ""HBM 더 달라...SK하이닉스와 큰 성과 거둬""",Economics
"두산일두 건넨 박정원, 93번 유니폼 입은 젠슨 황…잠실 AI·로보틱스 동맹(종합)",Economics
"박 회장 머리 위로 날아간 젠슨 황 야구공…""폭투였다""",Economics
삼소회동 이틀 만에 깐부회동…젠슨 황·최태원 AI 동맹 밀착(종합),Economics
"“치맥보다 좋은 건 없다”…젠슨 황, 잠실서도 BBQ 113마리 주문했다",Economics
'치느님'과 함께한 젠슨 황…야구장 BBQ·저녁은 깐부,Economics
"[현장] 일요일 밤의 깐부 회동…젠슨 황 ""토니(최태원), 이틀 만에 또 봐도 즐거워""",Economics
"냉면집·PC방·야구장까지…젠슨 황, 격식없이 서울 누볐다",Economics
젠슨 황·최태원 이틀 만에 '깐부 회동'…SK그룹 사장단 총출동 [TF현장],Economics
"젠슨 황·최태원, '삼소 회동' 이어 '깐부 회동'…내일 협업 방향 공동 발표",Economics
조선·車업계 “우리도 영업이익 N% 성과급 달라”,Economics
‘1일 1닭’은 기본 ‘1일 2닭’도 간다···젠슨 황의 못 말리는 한국 치킨 사랑,Economics
"“환율 1560원 돌파, 공항선 이미 1620원대”...외환위기 이후 최고 찍었다",Economics
"젠슨 황, PC방 세 번 가고 AI 비즈니스로 분주... 8일 SK 최태원과 협력안 발표",Economics
"다음주 증시, 반도체 독주 이어질까…美 물가·스페이스X IPO 변수 [투자360]",Economics
"젠슨 황, 최태원과 ‘깐부 회동’…러브샷에 “More HBM” 외쳐",Economics
"젠슨 황·최태원, 이틀 만에 또 만났다… ""우린 깐부잖아""",Economics
"[따져보니] 젠슨 황, 최태원 또 만난 이유는…'4가지 선물'의 진짜 의미",Economics
젠슨 황 부부 ‘최태원 깐부회동’ 참석…두산 시구에선 “치맥이 최고”,Economics
"시구 마친 젠슨 황, 최태원과 삼성동서 '깐부치킨 회동' 시작",Economics
[기획] 젠슨 황도 역부족 … 반도체주 급락에 떠는 韓증시,Economics
‘반도체 이익’ 환원을 ‘전자제품 사업부’ 돈으로?…고민 빠진 삼성전자,Economics
엔비디아 ‘뇌(칩)’와 두산 ‘신체(로봇)’ 결합…젠슨 황 ‘피지컬 AI’ 구상(종합),Economics
“치맥보다 좋은 건 없다” 가죽재킷 벗은 젠슨 황…BBQ 또 먹었다,Economics
"PC방·잠실 찍고 또 깐부치킨…젠슨 황, 최태원과 재회동",Economics
삼겹살 이어 깐부치킨 회동…젠슨 황·최태원 2일 만에 재회,Economics
강남 삼성동서 '깐부회동' 한번 더…젠슨 황-최태원 만났다,Economics
"잠실구장서 시구 젠슨황 ""치맥보다 좋은 건 없다""…BBQ 또 먹었다",Economics
"젠슨 황, 최태원 회장과 ‘깐부회동’ 시즌2",Economics
"젠슨 황, 맥주 한잔에 '5만원 팁' 전광판 '댄스 타임'까지…한국 야구 제대로 즐겼다",Economics
"젠슨 황-최태원, 서울 삼성동 '깐부치킨'에서 회동 시작",Economics
야구장 찾은 젠슨 황… 베어스 유니폼 입고 시구,Economics
"[속보] 젠슨 황, 최태원 SK 회장과 ‘깐부 회동’",Economics
[기획] 외인 자금 빠지고 기업은 투자금 확보… 메마른 달러,Economics
"또 '깐부 회동'… ""HBM 더!"" 외친 젠슨 황·최태원 [엔비디아 젠슨 황 방한]",Economics
"시구 뒤에도 치킨…젠슨 황, 잠실야구장서 BBQ 113박스 주문",Economics
"올들어 6번 만난 최태원·젠슨 황, 밀월관계 심상치 않다",Economics
"[현장영상+] 젠슨 황, 제2의 깐부회동...SK 최태원·경영진과 '치맥'",Economics
"""포수 대신 회장님 봤더니…"" 젠슨 황, 박정원 향한 빈볼 시구 해명",Economics
"젠슨 황, 시구 마치고 곧장 어게인 ‘깐부회동’",Economics
“치맥보다 좋은 건 없다”…BBQ 치킨에 빠진 젠슨황,Economics
"韓경제 대도약 엔진 삼전닉스, 기술 우위 넘어 상생도 과제",Economics
"[단독] 정부, BP 손잡고 동해 가스전 사업 재개한다",Economics
북촌 월세도 ‘5000만원 시대’…외국인 몰리자 골목상권 물갈이,Economics
"""진짜 깐부"" SK 최태원·엔비디아 젠슨 황, 일주일 4번 회동[현장+]",Economics
"美 증시 폭락·고환율 쇼크, 코스피 '블랙먼데이' 공포",Economics
젠슨 황 방한 스케쥴 의도는? …딸 매디슨의 치밀한 전략 있었다,Economics
60조 잭팟 터질라…1년 만에 '92% 급등' 들썩이는 종목,Economics
K방산 호황에도 희비 갈린 소부장株…무기 성능 좌우할 '핵심 부품사' 질주,Economics
"주가 더 뛸까?…‘삼전닉스’, 2분기에도 최대 실적 기대감↑",Economics
"젠슨 황 던지고, 박정원 휘둘렀다…야구장서 호흡 맞춘 '엔비디아·두산'",Economics
"“치맥보다 좋은 건 없다”…가죽재킷 벗은 젠슨 황, 잠실서 야구 보고 치킨 먹고",Economics
"""아이 러브 코리아"" 외친 젠슨 황…BBQ·카스 '치맥' 예찬에 팬서비스까지",Economics
美 반도체주 시총 2000조 증발… 증시 '검은 월요일' 공포[증시 반도체發 충격파],Economics
“서울시가 좋아하는 그림 그려달라”…한형기 조합장의 ‘재건축 십계명’ [달인열전],Economics
"‘영업익 150조’ 삼전닉스, 한 분기 만에 또 실적 경신",Economics
정보 미리 새나갔나...업비트 잇딴 상장 ‘잡음’,Economics
“중국도 안 베낄 듯”…엔진 없는 페라리 ‘10억 전기차’의 굴욕,Economics
"잠실 마운드 오른 젠슨 황 ""엔비디아와 한국은 함께 성장""",Economics
지갑 닫힌 숙대 앞 상권… 공실률 6배 쑥,Economics
"""세낀집이라니 안보러와요""...비거주 1주택 규제 풀어도 못 산다",Economics
전부 반도체에 올인할 때…버핏 후계자는 ‘여기’ 베팅했다 [오찬종의 매일뉴욕],Economics
[단독] 젠슨 황 '피지컬 AI 생태계' 빅픽처…핵심 파트너로 한국 찍었다,Economics
"두산 유니폼 입은 젠슨 황, SK와 제2 깐부회동도",Economics
젠슨 황-최태원 2차 깐부 회동…만남 1시간 전부터 시민들로 '북적',Economics
"젠슨 황, 두산 홈경기 시구...SK와 '2차 깐부회동'",Economics
"""삼겹살·치킨·냉면까지""…젠슨 황 따라 매출도 뛰었다",Economics
‘잠실전 시구’ 젠슨 황 “훌륭한 파트너와 함께하기 위해 왔다”…박정원 두산 회장과 피지컬 AI 논의,Economics
"두산 유니폼 입고 시구한 젠슨 황 ""치맥보다 좋은 건 없어""",Economics
"20대 사회초년생 ""월급 270만원 중 200만원 증권계좌에… 이런 투자 괜찮을까요""[재테크 Q&A]",Economics
자동차 본업 경쟁력 위에...로보틱스 등 성장성 담아[이런 펀드 어때요?],Economics
AI반도체 밸류체인 상위권… ‘저평가 매력’ 은행주도 강세[ETF 스퀘어],Economics
"흔들흔들 코스피… '상폐 위기' 곱버스, 기사회생 하나",Economics
美금리공포에 반도체 차익실현 韓증시도 '유동성 부족' 먹구름,Economics
"젠슨 황, 오늘은 잠실 야구장·PC방 떴다",Economics
강제청산 파도 곧 몰아친다… 빚투 늘린 개미들 어쩌나,Economics
한국 증시 불안한 월요일…美반도체 지수 5일 하루에만 10% 급락,Economics
"1600원 향하는 환율…2분기 원·달러, 외환위기 후 최고",Economics
금융위기 수준으로 치솟은 환율…“생각보다 오래 갈 수도”,Economics
韓주식 보유하지만 원화는 판다…환율 쏠림 키우는 '외국인 환헤지',Economics
삼전닉스 다음으로 많이 매매된 '이 종목'…상승세 걱정 없다는데,Economics
[단독]AI로 오차 줄이고 찾기 어려운 췌장질환도 탐지…삼성메디슨 英 1위 병원 입성,Economics
"""건축자재 원자재값 63% 급등""…초고환율에 K중기 비명",Economics
"“2670조 스페이스X 상장, 어디서 사냐고요?”…우주 ETF 3종 투자법 [이번주 찜할 ETF]",Economics
자금 반도체 쏠림에…새내기株 절반 공모가 밑돌아,Economics
"젠슨 황, 야구장에서 박정원 회장 끌어안았다…두산 경기 시구 후 관람",Economics
코스피 순위 톱10 중 7개 변동,Economics
6조로 몸집 커진 선물 ETF…소형 상품은 줄퇴장,Economics
"""캐나다서도 삼전닉스 붐… ETF 곧 출시""",Economics
수출·서학개미 호재에…달러예금 다시 '쑥',Economics
"""치맥보다 좋은 건 없어""…'1일 1닭' 젠슨 황, K푸드에 빠졌다(종합)",Economics
시총 판도 뒤집혔다…상위 10개 중 7개 순위 교체,Economics
‘두산 93번’ 유니폼 입고 시구한 젠슨 황…“치맥은 최고”,Economics
"야구장서 한국 치킨 '샤라웃'한 젠슨 황…""치맥보다 좋은 것 없다""",Economics
"""서울에 호텔방이 없어요"" 싹 동났다…'역대급 호황' 이유",Economics
93번 ‘젠슨 황’ 한글 유니폼 입고 시구…“치맥보다 좋은 건 없어”,Economics
"""치맥보다 좋은 건 없다""…젠슨 황, 야구장서 BBQ 단체 주문",Economics
스페이스X 올라탈 ETF…“지금 사라” vs “반년 뒤” 갈린 이유,Economics
전쟁 때보다 더 출렁인 코스피…‘검은 월요일’ 오나,Economics
"[단독]삼성메디슨, 美 빅2 병원 뚫었다",Economics
[부동산 손자병법] 여의도 재건축 잰걸음 … 한강뷰 1.3만가구 미니 신도시로,Economics
맥 못추는 코스닥에…액티브ETF도 ‘발목’,Economics
브로드컴發 '반도체 쇼크'에 코스피 8000 지지선 시험대,Economics
[미국 주식 돋보기] 'M&A 본능' 일라이릴리…시총 1조달러 탈환,Economics
"""치맥 최고, 고 코리아!""…두산 유니폼 입은 젠슨 황의 한마디",Economics
"'치킨 사랑' 젠슨황 덕에 '방긋'...""113마리 배달요""",Economics
BBQ 두 번째 찾은 젠슨 황… 잠실구장 단체석에 치킨 113마리 배달,Economics
변액보험 깨고 직접 투자? … 중도 해지땐 원금도 위험,Economics
"스페이스X 역대급 상장 임박 …""우주 ETF 올라타세요""",Economics
"야구장에 순살 113마리 주문…젠슨 황, 못 말리는 ‘K치킨 사랑’",Economics
"""치맥보다 좋은 건 없어""…'1일 1닭' 젠슨 황, 잠실구장에 113마리 주문",Economics
"젠슨 황, 엔씨·크래프톤과 회동···게임사로 넓어지는 ‘AI 동맹’",Economics
최태원·SK AI 사령탑 총출동…젠슨 황이 치킨집 부른 이유,Economics
"[현장] 젠슨황, 박정원과 잠실서 맞손…두산 유니폼 입고 'AI동맹' 띄웠다",Economics
젠슨 황의 못 말리는 K치킨 사랑…야구장서 BBQ치킨 또 먹는다,Economics
스페이스X가 자금 빨아들이나…외국인 이탈 가속 우려,Economics
"韓 게임시장 공 들이는 젠슨 황, 엔씨·크래프톤과 'PC방 회동'",Economics
"머스크 ""달 호텔서 휴가, 멋지지 않나""…스페이스X 투자 설득",Economics
"'트럼프 랠리' 신기루였나…비트코인, 6만달러선 붕괴에 시장 '충격' [주간 블록체인]",Economics
"가죽 자켓 대신 93번 유니폼 입은 젠슨 황, KBO 첫 시구",Economics
"코스피, '검은 월요일' 오나?…주말 美 반도체 급락에 고환율 덮쳤다",Economics
"[DD 주간브리핑] 로봇빌딩서 만나는 정의선·젠슨 황…애플, WWDC서 AI 비서 판도 뒤집기",Economics
“실업급여 받는 중인데 해외여행 가도 되나요?”,Economics
"[클리니컬 히스토리] 삼진제약, 아리바이오 2차 베팅…치매 다음은 백신",Economics
"젠슨 황, 잠실 마운드 오른다…두산 협력 질문엔 ""시구에 집중""",Economics
"엔비디아, ‘젠슨황 시구’ 잠실구장에 BBQ 치킨 113마리 주문",Economics
반도체 조정 시작됐나…코스피 '숨고르기' 장세 진입,Economics
10MW 풍력터빈 넘어 15MW 개발하는 유니슨…“국산 키우려면 기술 도입 필요”,Economics
"블룸버그 ""글로벌 펀드들, 한국 주식 포지션 '헤지' 강화 나서""",Economics
[현장]휴무 반납하고 젠슨 황 맞을 준비…'깐부회동 2' 현장 가보니,Economics
115조 거대 '블랙홀' 온다…8000피도 위태?[주간증시전망],Economics
코스피 신고가 속 '반도체 쏠림' 심화…하락 종목이 더 많아,Economics
잠실 야구장 방문한 젠슨 황…박정원 회장 마중,Economics
한국에 칩 공급 넘어 AI 인프라 생태계 심는다···젠슨 황 광폭 행보가 말하는 것,Economics
"비트코인, 일주일간 16% '뚝'…1년 8개월 만에 6만 달러 붕괴",Economics
고용 호조에 금리 인하 기대감 뚝…워시 의장 시험대,Economics
“계층 사다리 끊어져”…2030의 분노 이면엔 ‘구조적 불평등’,Economics
"젠슨 황의 3가지 '깜짝선물'…AI 시대, K-반도체·제조업 가치 재확인",Economics
"젠슨황, BBQ 또 먹는다…잠실 야구장에 113마리 주문",Economics
젠슨 황 한마디에 30% 급등…컴퓨텍스 2026 ‘연결’ 수혜株는? [투자360],Economics
6월 첫째주 투자 유치 스타트업은…우주 발사체에 335억 '뭉칫돈',Economics
'1일 2닭' 젠슨 황의 한국 치킨 사랑…야구장서 113마리 주문,Economics
"젠슨황, 시구 후 BBQ 또 먹는다…야구장에 113마리 주문",Economics
"젠슨 황, 최태원과 '깐부 회동'…PC방 회동도",Economics
"홈플러스, 올해만 5000명 실직 위기…잇따른 폐점에 임금 체불·대량 실직 가속",Economics
종횡무진 AI 황제…젠슨황이 구상한 피지컬 AI 영토 확장은,Economics
‘금리 인상 공포’에 비트코인 16% 급락…스페이스X IPO도 부담[가상자산 나침반],Economics
“치킨엔 정말 진심” 113마리나 주문한 젠슨 황…야구장 치맥은 못 말리지,Economics
"젠슨 황·정의선, 평양냉면 회동…피지컬 AI 동맹 강화(종합)",Economics
"기술이전 효과 약해진 아이엠바이오, 다음 동력은 내년 임상 성과",Economics
"‘황형’이 마신 ‘테슬라…하이트진로, 주류 침체 뚫을 돌파구?",Economics
"""지금 안 합치면 끝""…생존 위기감이 키운 보험사 M&A 흥행",Economics
젠슨 황의 ‘입’에 한국이 들썩...치킨·삼겹살·과자 웃었다,Economics
"상위 20% 아파트값, 하위 20% 아파트의 13.4배",Economics
입주 가뭄에 이주 파도까지…서울 전세시장 흔들리나,Economics
"케이옥션, 자사주 134만주 소각…외국계 공매도 '쇼티지' 압박",Economics
"삼전닉스 '쏠림', 코스피 하락종목 더 많아",Economics
"""선거 끝났다"" 65세 정년연장 속도전 가나…하반기 국회 노동입법 분수령",Economics
"""모두의 성장 적임자"" 한성숙 총리 후보자…청문회 문턱엔 '다주택'",Economics
"평양냉면 먹고 PC방 갔다…젠슨 황, 재계·게임업계 광폭 행보",Economics
한성숙 총리 후보자 깜짝 발탁 이유는?…AI 대전환·모두의 성장 이끌 적임자,Economics
美·EU 관세 장벽 높아진다…韓 통상전략 다시 시험대,Economics
"""형님, 알러뷰!""…젠슨 황 뜨자 공항도 홍대도 난리났다",Economics
코스피 지수 하락 대비하는 美 헤지펀드들,Economics
"'역전세 대란 또 온다'...공포의 빌라 집주인들, '130.5%룰' 확대 적용",Economics
"'동분서주' 젠슨 황, 정의선 회장과 '평냉' 오찬…최태원 회장과는 '2차 깐부회동'",Economics
"“인생 최고의 날” 젠슨 황, 8개월 만에 ‘2차 깐부회동’…이번엔 최태원과 러브샷?",Economics
쿠바 경제 붕괴 가속화... 외국 기업들 사업 정리 시작,Economics
대규모 IPO·Fed 긴축에 '유동성 블랙홀' 우려…글로벌 증시 조정장 진입하나,Economics
"‘어서오세..요, 어?’…삼계탕집 기습 방문한 젠슨황 “너무 맛있다”...최태원 회장과 ‘깐부회동’도",Economics
"""내리는데 오르네""…코스닥 외국인 시총 주는데 비중은 '최고치'",Economics
“한국 로보틱스 발전에 기여”···피지컬AI 제국 노리는 엔비디아 가상공장 ‘옴니버스’,Economics
중복상장 맞아?…디티에스·덕산넵코어스 예심 재개 기대,Economics
7개월 만에 깐부치킨 또 간 젠슨 황…최태원과 러브샷하며 ‘깐부’ 인증,Economics
"젠슨 황, PC방 잇달아 방문한 이유는?",Economics
87% 하락에 '상폐위기' 몰린 곱버스…증시 흔들리자 주목,Economics
고환율·고유가에 네 마녀의 날·스페이스X도...아슬아슬한 8000피,Economics
"하루 만에 2000조 증발…전문가들 ""단기과열 해소 과정""",Economics
"""아이온2 사랑해요?"" 젠슨 황, 택진이형 앞에서 RTX 5090·스파크 뿌렸다(종합)",Economics
[뉴스초점] ‘광폭 행보’ 피지컬 AI 동맹 만드는 젠슨 황,Economics
"""시술 절반도 못했는데""..'한달 지나 환불 불가' 피부과 약정..효력 있을까 [소비의 정석]",Economics
"최태원·젠슨 황, 7개월에 7번 만나…오늘 또 '깐부치킨' 회동",Economics
"젠슨 황, 오늘 저녁 최태원과 '깐부치킨' 회동…점심엔 정의선과 평냉",Economics
"""잘 키운 AI 인재 다 빠져나간다""…경고등 켜진 한국",Economics
중동전쟁 100일째…국제 유가 200달러로 치솟지 않은 이유,Economics
"코스피, 너무 빨리·많이 올랐나…글로벌 큰손들 '하락 헤지' 시동",Economics
집값 상승폭 조절했지만 전세는 급등…공급 속도 높이기 과제 [이재명 정부 1년],Economics
"스페이스X 상장 D-5…코스피, 자금 이탈 우려 속 반도체 모멘텀 주목",Economics
"“PC방 없었다면 엔비디아도 없었다”…젠슨황, 김택진·장병규 회동",Economics
"CPU 대신 HBM, 그래픽카드 대신 로봇…달라진 컴퓨텍스",Economics
"국가부채, 낙관론도 위기론도 아직 이르다 [김상철의 경제 톺아보기]",Economics
올해 주가급등에 지분 현금화할래…PEF·오너 일가 블록딜 급증,Economics
"삼전·하닉, 2분기도 최대 실적 예고… 영업이익 150조 육박",Economics
"피지컬 AI 동맹 만드는 젠슨황 ""한국은 AI투자의 위대한 미래""",Economics
변동장에 '빚투' 개미 어쩌나…강제청산 공포 확산,Economics
"""요새 대학생들 돈 없어"" 대학교 앞 상가들 얘기 들어보니...",Economics
수령액 늘리고 문턱 낮췄더니···주택연금 4월 가입자 역대 최대,Economics
"1조원 물 들어온다…LS전선, 인도 HVDC 본격 가동",Economics
“뇌졸중·유방암 등 ‘종합병원’ 진단에도 보험금 거부하는 보험사”,Economics
"에이프릴바이오, 기술이전 자산 고도화 순항…사업화 결실 본격화",Economics
“너무 오른 韓증시”…강세론자도 방어 태세 전환,Economics
[기업기상도] 순풍 타고 돛 단 기업 vs 바람 불어 닻 내린 기업,Economics
"강남은 전세난, 동탄은 영끌…수도권 집값 밀어올리는 실수요",Economics
"젠슨 황-정의선, 깜짝 '냉면 회동'…을지로 '우래옥'서 만나",Economics
"한성숙 총리 후보자, 국회 인사청문회로…다음 달 초 임명 전망",Economics
AI반도체·은행 강세…2차전지·방산·우주항공은 일제히 약세 [ETF 스퀘어],Economics
"젠슨 황, 정의선과 우래옥 '냉면 회동'…광폭 행보 이어져",Economics
"삼전·하이닉스, 2분기 또 '역대급 실적'…영업익 150조 예상",Economics
"젠슨 황, 김택진·장병규 연쇄 회동…韓 게임 업계와 AI 동맹",Economics
외국인 매도세에 2분기 환율 외환위기 이후 최고…공항에선 1620원 넘어,Economics
청년 일자리 효자였는데…은행권 채용문 좁아진다,Economics
롤러코스터 코스피에 시총 순위도 톱 10개 중 7개 바뀌어,Economics
"젠슨 황, 엔씨·크래프톤 수장 연쇄회동…PC방서 팬들과 소통도",Economics
‘정년 65세’에 사실상 국민 합의 모아졌나…2030은 “청년 일자리부터”,Economics
"대구 아파트 분양가, 1년 새 54% 폭등…""오늘이 가장 싸다"" 확산",Economics
'지금 들어가야 돈 번다'…부자들 800억 넘게 쓸어 담은 종목,Economics
"젠슨 황, 정의선과 점심 '평냉'…저녁에는 최태원과 '깐부치킨'",Economics
"李, 새 국무총리 후보자에 한성숙 지명…첫 기업인 출신 女총리",Economics
"""60세 은퇴 너무 이르다""…정년연장 지지 압도적",Economics
"백악관 “금리 내려라”, 시장 “올려라”…고용 반등에 꼬인 케빈 워시 행보",Economics
스페이스X IPO 흥행 돌풍…공모액의 두 배인 1500억달러 몰려,Economics
반도체 성과급 태운 '영끌' 광풍…'셔세권' 동탄 대출지수 70선 돌파,Economics
"젠슨 황, 이번엔 평양냉면…우래옥서 정의선 현대차 회장과 ‘깜짝 회동’",Economics
"""젠슨 황이 찍었다""…K-무선통신장비주 '들썩'",Economics
“국민 10명중 9명 65세 정년연장 찬성”…청년 일자리 잠식 우려도 커,Economics
"‘주가 8000에도 찜찜한 이유?’…갈수록 심해지는 삼전닉스 의존, 코스피↑때 하락종목 더 많아",Economics
“100년 맥주장사 접을 판”…맥주 속 효모로 다른 사업도 한다는 日기린,Economics
"""스페이스X, S&P500 편입까지 최소 2년 더 걸릴 듯""",Economics
김정관 체코행…‘역외보조금 리스크’ 털어낸 두코바니 원전 사업 쐐기 박나,Economics
7년 만에 북한 가는 시진핑…두만강·나선 개발로 북중러 판 흔든다,Economics
"'치킨 사랑' 젠슨 황, 또 깐부치킨 찾는다…최태원과 재회",Economics
"점심엔 정의선과 냉면, 저녁엔 최태원과 치맥…젠슨 황, 광폭 행보",Economics
"치킨 이어 냉면…‘3번째 만남’ 젠슨 황·정의선, 자율주행·로봇 동맹 넓힌다",Economics
"[속보] 젠슨 황, 크래프톤 장병규와 전격 회동…NC 김택진도 만남 예정",Economics
"젠슨 황 '광폭 행보', 정의선 회장과 우래옥서 '냉면 회동'(종합)",Economics
8천피·억대 성과급 '딴 세상'…영세 사장님의 눈물,Economics
"젠슨 황·정의선, 우래옥서 평양냉면 회동…내일 현대차 사옥 방문",Economics
"유가 160달러, 산업 붕괴… '석유 재고' 지금처럼 줄면 벌어질 일 [주말 Q&A]",Economics
"""모어 HBM""…젠슨 황 외침에 K-푸드 '방긋' 과자 매출 8배 급증",Economics
"젠슨 황-최태원, 또 치맥 파티…2차 ‘깐부회동’ 갖는다",Economics
"젠슨 황·정의선, 우래옥서 평양냉면 회동…내일 현대차 방문",Economics
"젠슨 황, 오늘 저녁 SK와 '2차 깐부회동'…최태원·사장단 총출동(종합)",Economics
"젠슨 황, 또 깐부치킨 찾는다…최태원과 '2차 깐부회동'",Economics
전셋값 두 달 새 5억 뛰었다고?,Economics
"젠슨 황, 크래프톤 장병규 만났다…저녁 땐 최태원과 ‘깐부 회동’",Economics
"강남PC방 간 젠슨황, 야구시구 후 저녁 땐 최태원과 '깐부회동'",Economics
"""어디까지 오르려고""…원·달러 환율, 공항선 1620원대",Economics
젠슨 황·장병규 만남…회동 장소 PC방 도착,Economics
"일진전기, 말레이시아서 621억 수주…동남아 데이터센터 전력망 공략",Economics
"초여름 더위에도 '가죽재킷'…젠슨황, 입국때 입은 '디올 재킷' 완판 눈앞",Economics
[단독] 젠슨 황이 나눠준 ‘HBM칩’ 난리났다…매출 766% 급증,Economics
"AI 품은 글로벌 제약사, 무기는 데이터…'K바이오' 승부수는 대학·병원",Economics
믿었던 반도체 '흔들'…'3高 시대' 새 대안주는,Economics
"“한옥 너무 멋져” 젠슨 황, 가족들과 종로 삼계탕집 깜짝 방문…인삼주도 주문",Economics
"“성투의 마무리는 세금”…해외주식 양도세, 고수는 카드로 낸다",Economics
점심 먹고 무조건 한 잔 했는데…아메리카노 빼고 다 오른다 [장바구니+],Economics
반토막 난 EU 철강 쿼터에 美 추가 관세 예고…“지금이 막을 마지막 기회”,Economics
"젠슨 황, 정의선 회장과 '냉면 회동'…우래옥 찾았다",Economics
2분기 들어 평균환율 1490원…외환위기 후 최고 수준,Economics
"삼전닉스 너무 올랐나...""반작용 국면 들어왔다"" [주간 증시 전망]",Economics
‘코스피 돌풍’의 역설…하락 종목이 더 많다 [마켓시그널],Economics
"""태국 바트보다 못하다고?""…1560원 찍은 원화, 무슨 일이[1500원 치솟는 환율]①",Economics
"한미 통화스와프, 고환율 구원투수 될까…전문가 “일관된 통화·재정정책이 더 중요”",Economics
'젠슨황-최태원' 오늘 저녁 깐부치킨서 회동,Economics
일본 서점 수 1만 곳 붕괴…사라지는 ‘동네 책방’,Economics
나스닥 급락·비트코인 붕괴…스페이스X IPO 앞두고 개미 자금 대이동,Economics
"'치킨 홀릭' 젠슨 황, 최태원·SK 사장단과 2차 깐부회동(종합)",Economics
"젠슨 황, 오늘 또 'SK 깐부회동'…최태원 회장과 하이닉스·SKT 수장 만난다",Economics
"최태원-젠슨 황, 오늘 또 '깐부 회동'…하닉·SKT 경영진 총출동(종합)",Economics
젠슨 황의 남다른 ‘닭고기’ 사랑…깐부치킨 또 찾는다,Economics
코스피 대탈출 시작한 외국인들? 시장은 공짜가 없다 [지금이뉴스],Economics
"“밑도 끝도 없이 가격이 오르네”…뿔난 美 소비자들, 새 차 안 사고 만다",Economics
"젠슨 황, 깐부치킨 또 간다…오늘 저녁 최태원과 회동",Economics
또 깐부치킨 찾는 젠슨 황…이번엔 최태원과 '깐부 회동',Economics
"""한국 치킨 그리웠다"" 1일 1닭… K푸드 홍보대사 된 젠슨 황 [권용훈의 트렌드워치]",Economics
계란 한 판에 8000원 육박… 마트 할인행사 땐 순식간에 ‘품절’,Economics
"[그때 그 광고] ""쓱"" 한 글자로 쓱…SSG닷컴의 기발한 실험",Economics
[세아홀딩스 공개매수] 주가 하락 변수…안분 가능성 부상,Economics
"젠슨 황, 오늘 저녁 또 깐부치킨 회동…최태원과 SK 경영진 모인다",Economics
“해커가 골라서 공격하나”…핀테크·중소금융사 빠진 AI 보안대책,Economics
"‘치킨→삼계탕→치킨’... 젠슨 황, SK만 불러 ‘제2 깐부회동’ 갖는다",Economics
"“다른 곳도 많은데 왜?”…최태원·젠슨황 7번째 공개 데이트, 또 깐부치킨",Economics
"""노년에 못 쉬어도 괜찮다""…국민 10명 중 9명 정년연장 찬성",Economics
최태원-젠슨 황 오늘 저녁 또 만난다…2차 깐부회동,Economics
"젠슨 황, 오늘 또 ‘깐부회동’…최태원과 다시 만난다",Economics
"젠슨 황, 게임 거장들과 연쇄 회동…잠실 시구도",Economics
‘환율 쇼크’ 1560원대 뚫렸다… 2분기 평균 환율 28년 만에 최고,Economics
"롤러코스터 탄 코스피…이달 변동성, 이란전 때보다 커",Economics
"젠슨 황-최태원, 오늘 '깐부회동'…SK 사장단 총출동",Economics
이재용 이어 최태원까지…젠슨 황 이번에도 '깐부 회동',Economics
‘깐부 회동’ 또 열린다…이번엔 ‘젠슨 황+최태원’ 조합,Economics
"젠슨 황, 최태원 회장과 오늘 저녁 ‘2차 깐부회동’",Economics
3高(물가·환율·금리)에 부담 커지는데…그래도 식지 않는 '빚투',Economics
"젠슨 황, 또 깐부치킨 찾는다…오늘 저녁 최태원과 재회",Economics
"배민-쿠팡이츠, 정부 제재 임박…자진시정 수용하나",Economics
'스페이스X' 목마른 개미들 줄섰다...한달새 우주ETF에 2조 뭉칫돈,Economics
"일본 95% 장악 ‘연성 내시경’, 2031년 말까지 국산화 나선다",Economics
올해 개미들에게 인기 1등 ETF는? SOL AI반도체TOP2+,Economics
"젠슨 황-최태원, 깐부치킨서 오늘 저녁 회동…'형님 회동' 이후 재회",Economics
"“이란전 발발 때보다 심각한 상황”…‘삼전닉스’ 쏠림 코스피, 이대로 괜찮나",Economics
환율 한때 1560원도 뚫었다…한은 '긴축 페달' 밟을까,Economics
[이정훈의 크립토네이션] 스트래티지를 위한 변명,Economics
"노동력 부족한 日 시장, 'AI 비즈니스 메신저'로 뚫었다",Economics
“보험사 보험금 지급 거절 사유 1위는 주치의 진단 불인정”,Economics
"젠슨 황, 크래프톤·NC 연쇄 회동...프로야구 시구도",Economics
젠슨 황 행보에 유통가 '들썩'…K푸드·주류 글로벌 수혜 주목,Economics
"""수지처럼 화장할래""…K미감 배우는데 지갑 연 외국인들[르포]",Economics
"젠슨 황, 또 PC방 회동…엔씨·크래프톤 만난다",Economics
"""미국 고용은 뜨거운데 임금은 주춤""…연준 금리 셈법 더 복잡해졌다",Economics
[헤비급브리핑] 수출 호황 K-방산 민낯…한화 폭발사고가 남긴 과제,Economics
"[단독]젠슨 황, 남대문 구경…칼국수 먹고 빨간 봉투 건넸다",Economics
젠슨 황 맛집 탐방 '칼국수·삼계탕'…무릎 사인 구광모 '화제 만발',Economics
"'고달픈 2030'…소득 줄어든 유일한 세대, 월세는 두 자릿수 '인상'",Economics
"17년 만의 '환율 쇼크'…공항선 이미 1,620원대",Economics
"""20년째 따라잡겠다더니""…삼성 겨냥 TSMC 직격탄에 '술렁' [강경주의 테크X]",Economics
"젠슨 황, 오늘 PC방서 크래프톤·엔씨 만난다…저녁에는 두산과 '시구'",Economics
美반도체 쇼크에 삼전닉스 긴장…코스피 '검은 월요일' 오나,Economics
"[퇴직연금 투자전략]⑤ ""단기 게임 아니다…과열된 기대수익률 우려""",Economics
"삼성전자, OLED TV 시장서 LG 맹추격… 점유율 격차 6%P",Economics
상장 앞둔 스페이스X 2800조원 몸값 시험대,Economics
삼전닉스에 현대차까지 얹었다…'20배' 레버리지 상품 뭐길래[주末머니],Economics
"홈플러스, 올해들어 2천600명 퇴직…대량 실직 위기",Economics
"美 반도체 폭락·치솟는 환율…""검은 월요일"" vs ""비중확대 기회""",Economics
"젠슨 황, 강남 PC방서 크래프톤·엔씨와 연쇄 회동",Economics
"증권사, 가상자산 거래소와 '합종연횡'…디지털자산 선점 경쟁",Economics
[르포] 젠슨 황 특수는 없었다…침울했던 홍대 상권,Economics
"젠슨 황, 이번엔 삼계탕 맛집 찾았다…서촌 토속촌 깜짝 방문",Economics
"[단독] 박정원, 젠슨 황에 '두산일두' 선물…AI 동맹에 창업 상징 담는다",Economics
8100선까지 떨어진 코스피… 금리인상 기조에 변동성 더 커진다,Economics
"CJ제일제당, 美서 햇반 1억개 팔았다",Economics
쏠리고 쏠리는 증시… ‘투기 심리’에 삼전닉스·액티브 ETF 몰리는 돈,Economics
"""집값, 이제 금리가 아니라 고용과 소득이 결정"" [주末머니]",Economics
"""한국 오면 1일 1닭""…재벌들과 치킨 뜯던 젠슨 황, 가족과는 삼계탕 비웠다",Economics
기준금리 올리기도 전에...반년 새 1%p 오른 주담대 금리,Economics
분양시장 주인공 된 2030… 청약 당첨자 절반 넘어,Economics
ETF 500조 시대…개인 순매수 1위 ‘SOL AI반도체TOP2 플러스’ [코주부],Economics
[마켓 ING]9000선 넘보다 8100선까지 밀린 코스피,Economics
"""한옥 너무 멋지다""…젠슨 황, 아내와 깜짝 방문한 종로 맛집",Economics
노란봉투법 후폭풍에 노동위 사건 폭증…올해 첫 3만건 넘나,Economics
韓 1분기 성장률 OECD 2위…반도체 호황에 IB 연 3% 전망도 잇따라,Economics
"“배송 경쟁 끝” 다음 승부수는 AI…이커머스, 내재화 전쟁 '불' 붙었다",Economics
“삼전·하닉보다 더 올랐다며?”…개미들 검색 1위 오른 또 하나의 ‘삼전’,Economics
연금액 늘고 문턱 낮아진 주택연금…4월 신규 가입 ‘역대 최다’,Economics
"中전기차, 미국 진출 현실화 힘 얻는다",Economics
출시 닷새 만에 완판된 국민참여성장펀드…9월께 2차 출시 전망,Economics
“양도세 중과 전 막차 매도” 다주택 비율 4년 4개월 만에 최저치 찍었다 [부동산360],Economics
"지방 미분양發 PF 부실, 저축은행·보험·신탁사까지 번졌다",Economics
"OK저축은행, 유가증권 투자로 웃었지만 본업은 '빨간불'",Economics
짠한 우리 아버지 같던 대우 올드카···‘빛바랜 추억’ 아닌 미래 생존 열쇠 돼야,Economics
오세훈 테마주 단골손님 '진양화학'[급등주 지금은],Economics
"29년 전 ‘도로 위 풍경’이던 올드카, 백발의 주인과 고향서 다시 빛나다",Economics
일정·동선 직접 챙겼다…젠슨 황 장녀의 '그림자 의전' 눈길,Economics
체코 원전 ‘역외보조금’ 리스크 털고 ‘순항’…EU ‘심층조사 미개시’ 통보,Economics
블랙먼데이 공포 엄습…글로벌 펀드들 韓 증시 하락 방어 시작했다,Economics
"'K치킨 마니아' 젠슨 황, 종로 삼계탕집 깜짝 방문",Economics
"젠슨 황, NC 김택진·크래프톤 장병규 PC방 회동",Economics
조선·車업계 덮친 반도체發 ‘N% 성과급’ 후폭풍,Economics
고환율에 달러선물 ETF 강세…환노출형 美 ETF도 앞섰다,Economics
“CJ ENM 주주 울린 티빙” 개인정보 유출로 기업가치 훼손,Economics
"[인터뷰]타카하시 토모야 토요타 가주 레이싱 사장 ""현대차와 수소 협력 열려 있어""",Economics
"다음주 '5월 CPI' 발표, 美 금리인상 가를 최대 변수…젠슨황 효과는 선반영 [증시레이더]",Economics
매매 이어 청약도 30대가 주도…당첨자 10명 중 6명 ‘30대 이하’,Economics
"""치킨도 좋아하는데 삼계탕도 최고"" …젠슨 황, 서촌 토속촌 깜짝 방문",Economics
시총 10위 내 삼성그룹 대거 편입…반년 새 바뀐 코스피 지형도,Economics
젠슨 황 방한 뒤엔 장녀 ‘지원사격’ 있었다…페이커 미팅·삼겹살 회동 동행,Economics
서울 호텔값이 이렇게 비싸졌어?…외국인 관광객 몰리자 함박웃음 짓는 이 기업 [주末머니],Economics
압구정은 ‘현대’·반포는 ‘삼성’…다음 격전지는 ‘대치’,Economics
집값은 오르는데 매수자는 주춤…정책 변수에 부동산 '숨고르기',Economics
"올해만 2600명 떠났다…홈플러스, 임금 체불에 대량 실직 위기",Economics
"젠슨황, 강남 PC방 찍고 야구 시구…깐부치킨 또 찾는다",Economics
‘IMF급 널뛰기’ 홀짝 도박판 된 코스피,Economics
"방한 3일차 젠슨 황, 오늘도 PC방 간다…이번엔 강남서 크래프톤·엔씨 대표와 잇달아 회동",Economics
"블룸버그 ""젠슨 황 방한, K팝 아이돌 팬미팅과 흡사""",Economics
"젠슨 황, PC방서 엔씨·크래프톤 수장 만난다",Economics
"코스피, 내일 ‘검은 월요일’ 오나···“당분간 변동성 커질 듯”",Economics
"'AI 역풍' 의식했나, 트럼프 ""AI기업 지분인수 검토…국민 혜택""",Economics
"삼겹살에 치맥·뚱바, 삼계탕까지…젠슨황 덕분에 웃은 ‘K-푸드’",Economics
[스테이블코인: 유통 공룡의 탄생]④ 푸빌라로 시작된 신세계의 코인사업,Economics
2분기에도 사상 최대 실적 경신한다…삼성·하이닉스 영업익 150조 전망,Economics
삼전닉스·KB금융 말고 다 바뀌었대…코스피 상위 10위 격변,Economics
"파라택시스이더리움 ""기관급 거버넌스로 국내 최대 DAT 플랫폼 도약""",Economics
야구장서 만나는 젠슨 황·박정원… 두산-엔비디아 '피지컬 AI 동맹' 굳힌다,Economics
"“이번 월요일엔 계좌 못 볼 것 같네요”…美 반도체 폭락, 코스피에도 ‘전운’",Economics
"젠슨 황, PC방서 엔씨 김택진·크래프톤 장병규 만난다",Economics
"중소기업 퇴사 브이로그 뜯어보니…""절반은 입사 1년 내 퇴사""",Economics
"두산·엔비디아 '피지컬 AI 동맹' 굳힌다...젠슨 황·박정원, 잠실서 '투타 호흡'",Economics
"""요즘 애들, 연봉 때문에 관둔다며""…청년 퇴사 브이로그 뜯어보니 '반전'",Economics
“상사 괴롭힘으로 퇴사”…유튜브 퇴사 경험 영상 분석,Economics
"테슬라 모델Y, 쏘렌토 왕좌도 뺏었다…전기차 질주",Economics
"젠슨 황, 오늘 PC방서 김택진 엔씨 대표 회동 뒤 잠실서 시구",Economics
"'K치킨 사랑' 젠슨황, 종로 삼계탕집 깜짝 방문…""너무 맛있다""",Economics
‘야당이 서울 선거 승리한 이유?’…서울 동남권 전셋값 상승률 작년의 3배 ‘급등’,Economics
엔비디아도 팔고 떠났다…서학개미 3개월째 ‘미국 주식 탈출’,Economics
코스피는 사상 최고치인데…오른 종목은 줄고 내린 종목은 늘었다,Economics
10년간 최대 2000만원…'미성년자' 증여재산 공제란 합법적 稅테크 [재테크 Lab],Economics
"OLED TV 시장서 삼성, 1위 LG 턱 밑 추격…격차 6%P까지 좁혔다",Economics
"“PB? 이제 헛돈 쓰는 느낌이”…돈 좀 있는 사람들, 80%는 마음 정했다",Economics
[글로벌 바이오워치]릴리의 '바이오 쇼핑' 멈추지 않는다,Economics
"""내 자식 면접 옷 챙겨주는 마음으로 일해요""...정장 빌려입고 '취업날개' 다는 청년들 [단내나는 짠테크]",Economics
"'중국차' 편견 뚫은 BYD, 아우디·볼보·렉서스 제쳤다",Economics
체감 물가 상승에 오마카세 발길 ‘뚝’…중저가 뷔페는 신바람,Economics
준비는 끝났는데 법이 없다…가상자산 시장의 남은 숙제[가상자산 대전환③],Economics
대출금리 치솟는데 마통은 펑펑…‘빚투족’ 시한폭탄 째깍째깍,Economics
2년래 최악의 한주…물가지표에 초긴장[이정훈의 코인 위클리뷰],Economics
주택연금 역대 최대...더 주고 덜 따지니 4월 가입자 2322명 폭증,Economics
올해만 2600명 떠난 홈플러스… 37개 폐점에 대량 실직 위기 커져,Economics
빗썸 직원실수 25억·업비트 해킹 8억…코인 거래소 ‘고무줄 보상’,Economics
"삼성·하이닉스, 2분기 또 ‘돈방석’…영업이익 150조 예상된다는데",Economics
2분기 환율 외환위기 이후 최고…공항에서는 1천620원대,Economics
젠슨 황 방한서 장녀 큰 역할…총수 회동·유퀴즈 동행,Economics
올 들어 코스피 시총 순위 판도 변동…삼성그룹 계열 약진,Economics
삼성전자·SK하이닉스 2분기 실적 또 신기록 전망,Economics
액티브 ETF 순자산 한 달 새 15% 급증…반도체 담은 상품 수익률 두각,Economics
"""삼전·하닉 주가처럼 상승""…5개월 새 3억 뛴 동탄 집값",Economics
"‘연예인급 인기’ 젠슨 황, 오늘은 두산 시구자 등판…택진이 형도 만난다",Economics
“코스피 1만 짤 고민 중입니다”…취준생도 홀린 여의도 밈 장인의 정체 [여의도란도란],Economics
반년 만에 '톱10' 절반 이상 교체…시총 순위 대격변,Economics
"젠슨 황, '두산 93번 유니폼' 입고 오늘 시구...PC방서 김택진도 만난다",Economics
"“금값 좀 덜 올랐으면 좋겠다”…전세계 채굴 1위 기업, 인상 찌푸리는 이유는",Economics
“월급 벌어 몽땅 월세 내는 데 써요”…서울 ‘월세 300만’ 아파트 10곳 중 1곳,Economics
“회식 중 숨졌으니 보험금은 회사 몫?”…유족에 지급 거부한 보험사 [어쩌다 세상이],Economics
'수술실 촬영 경험'은 10명 중 2명···무용지물 된 '수술실 CCTV',Economics
"[단독] 젠슨 황, 종로 식당 깜짝 방문…삼계탕 즐긴 뒤 “또 오겠다”",Economics
'470만원 재킷' 품절 임박…젠슨 황 패션도 화제,Economics
"셀트리온, 책임 경영 실현…1000억 규모 자사주 소각 최종 반영",Economics
"""유동성 악화 경고 신호 울렸다…비트코인 4만달러 가야 바닥""",Economics
"코스피 변동성 '경고등'…이달 하루 변동폭, 이란 전쟁 때보다 커졌다",Economics
"'하츄핑2' 온다…바닥 찍은 SAMG엔터, 반등 신호탄 되나",Economics
소금빵 하나에 ‘1190원’…한국 최고 핫플서 이 가격으로 장사되는 이유는,Economics
가격 인상 러시 속에도 '아아'는 못 올린다[사(Buy)는 게 뭔지],Economics
AI·로봇주 달군 '젠슨 황 효과'…관련 ETF 수익률 상위권[펀드와치],Economics
"젠슨 황, 오늘 잠실 마운드 오른다…두산 유니폼 입고 시구",Economics
올해만 이미 2600명 퇴직…실직 늘어나는 홈플러스,Economics
심상치 않은 코스피 변동성…중동 전쟁 때보다 커,Economics
젠슨 황이 시민 입에 넣어준 '반도체 과자'…HBM을 먹어봤다[먹어보고서],Economics
또 신기록…‘삼전닉스’ 2분기 영업익 150조,Economics
'물갈이'된 코스피 시총 톱10은 무엇…AI 훈풍에 반도체·삼성주 약진,Economics
삼성그룹주 무섭네…코스피 시총 10위권 대거 싹쓸이 [투자360],Economics
"‘매대 텅 빈’ 홈플러스, 떠난 직원 올해만 2600명",Economics
"올해 코스피 '시총 순위' 지각변동…삼성그룹 웃고, 조선株 울고",Economics
“삼전닉스 없는 내 주식만 떨어져” 사실이었다…코스피 ‘불장’ 하락종목 더 많아,Economics
“전쟁 때보다 더 독하다” 하루에만 무려 ‘3.9%’… 널뛰는 코스피 [투자360],Economics
지방 ‘악성 미분양’에 금융권 ‘2차 충격파’ 오나,Economics
"삼성 올레드 TV, LG 턱 밑 추격…매출 격차 한 자릿수",Economics
"李 ""집값 너무 비싸"", 강남·과천·분당 표심 ""…""",Economics
"삼성과 SK의 성과급, 무엇이 달랐나? [김문경의 리더십테크] (15)",Economics
8000선 위에서 출렁이는 코스피…개인 매수·외국인 이탈,Economics
반도체 랠리의 역설…삼전·하이닉스 급등이 ‘원·달러 환율’ 끌어올렸다,Economics
美 반도체주 폭락에 '삼전닉스 쏠림' 코스피도 변동성 불가피[주간증시전망],Economics
소득 상위 10% 진입선만 6.4% 껑충…평균 증가율의 3배[세쓸통],Economics
'고철까지 싹쓸이'…中 텅스텐 사재기에 美 공급망 '비상',Economics
"“더 간다” VS “조정장 온다”…“코스피 만이천피 간다” 파격 전망도, 변수는",Economics
"삼전닉스 상승률, IT버블도 넘었다…주의할 점은 [주末머니]",Economics
[주末머니]상장 앞둔 스페이스X…어떤 ETF 담을까,Economics
수입차에 안방 내준 국산차…가격 인하 공세에 ‘비상’,Economics
"‘잠실벌 난리나겠네’…젠슨 황, ‘93번’ 투수로 마운드 오른다",Economics
"""유재석 어깨 감싸고 케데헌 '골든' 춤추고""…'젠슨 황, '유퀴즈'서 포착된 모습",Economics
"냉면 한 그릇 2만원 시대…'집냉' 뜬다 [이 집! 지금, 이 맛]",Economics
수급자 절반 “기초연금 40만 원은 돼야”…34만 원 적정 응답 20%뿐,Economics
"삼전닉스 쏠림 가중…반도체까지 흔들리면, 코스피는 어쩌나",Economics
"""젠슨황 왔지만, 월요일 무섭다""…'3고·반도체 조정'에 떠는 개미",Economics
"""내 주식은 왜 이래?""…삼전·LG 폭등 뒤 개미들 한숨 이유",Economics
‘한국 불장되니’ 돌아오는 서학개미?…6월들어 美주식 1.2조 내다팔아,Economics
[단독] 경동나비엔 ‘열교환기 특허’ 유효성 인정…귀뚜라미 청구 기각에 법정 공방 2라운드,Economics
"""왜 내 주식만 안 오르지?""…8천피 질주에도 되레 '뒷걸음'",Economics
"20대 청년, ‘1억 7000만원’ 억울한 체납세금 털어낸 사연[세금GO]",Economics
지방 미분양의 늪…건설사 하루 12곳 문 닫았다 [건설사 줄도산 공포]①,Economics
"""스페이스X 블랙홀 되나""…코스피 흔들 변수에 쏠리는 시선 [주간전망]",Economics
신현송 언급 빈도 급증…낯선 단어 ‘GDI’는 왜 지금 한국에 중요한가,Economics
‘국평 57.8억’ BTS 제이홉 사는 성수 최고급 아파트는 어디[누구집],Economics
[공모주달력]피스피스스튜디오 상장...수요예측도 줄줄이,Economics
"강남 전셋값 상승률, 작년의 3배…월세화·공급부족 여파",Economics
"'작년 1733억弗' 반도체 수출, 올해 3500억弗 찍나…자동차는 흐림",Economics
증시 출렁일 때 배당매력 돋보이는 이 종목[주末머니],Economics
'코인 사고파는 시대' 끝…투자판이 달라진다[가상자산 대전환②],Economics
보험사 M&A 예상 밖 흥행…원매자별 각기 다른 셈법은,Economics
"젠슨 황, 오늘 마운드 오른다…위기 속에 지켜낸 '허슬 두'의 가치",Economics
"한국 1분기 성장률, OECD 34위→2위…반도체 특수에 올해 3% 전망도",Economics
"‘굳건한’ 삼전·닉스, ‘쫓겨난’ 이차전지·조선…시총 순위 지각변동",Economics
"지수는 사상 최고치인데 내 주식은 왜…코스피, 대형주만 웃었다",Economics
[속보] ‘나만 삼전 닉스 없어’고민 진짜였다… 코스피 오를때 하락종목 더 많아,Economics
"""돈 벌려면 국장?""…서학개미 '유턴' 속 최애 종목 보니",Economics
"기상이변이 난방비 폭탄 막는다?…""LNG값 붙잡은 엘니뇨""[주末머니]",Economics
올해만 2천600명 떠났다…임금 체불에 대량 실직 위기 홈플러스,Economics
고환율·고금리·고유가 '3고' 장벽 넘을 대안주는?,Economics
"BBQ 1년만 소원 성취...젠슨 황, 삼겹살에 소맥·뚱바까지 'K푸드 쇼케이스'",Economics
"""지수형 만족 못해"" 액티브 ETF 몰리는 돈…순자산 한달새 15%↑",Economics
"삼성전자, OLED TV 시장서 LG전자와 격차 6%포인트로 좁혀",Economics
올해 코스피 '시총 순위' 지각변동…'톱10' 중 7개 바뀌어,Economics
올해 개인이 가장 많이 산 '최애' ETF는…SOL AI반도체TOP2+,Economics
"코스피 변동성 주의보…이달 변동률, 이란전 발발 때보다 커",Economics
‘야후 vs 구글’ 경쟁 닮은 오픈AI와 앤트로픽의 AI 각축전,Economics
고환율·스페이스X 암초 만났다…시험대 오른 반도체 랠리 [선데이 머니카페],Economics
"석유화학 기업들, 2분기까진 ‘어쨌든 흑자’ 전망…문제는 하반기 [비즈360]",Economics
현대차 공부하는 포르쉐?…전기차 ‘가상 변속’에 꽂힌 車업계 [여車저車],Economics
"20대 사회초년생 ""월급 270만원 중 200만원을 투자하는 데 괜찮을까요"" [재테크 Q&A]",Economics
진화하는 전세사기 막는 똑똑한 대처 방안,Economics
"[르포] “삼전닉스만 집 사나요?” LG직원들 몰리자, 마곡도 국평 20억 찍었다 [부동산360]",Economics
"로또 1227회 당첨번호 26억, '서울·대구·대전 동일하네'",Economics
"[150조 머니무브] 에이티넘, '1조 펀드' 도전…관건은 하드캡",Economics
싼 약값에 창고형 약국 인기…동네약국 붕괴 우려도,Economics
"높아진 재취업 문턱, 정치인 '낙하산'?...공직자 '못 간 자리' 누가 채우나",Economics
미국 301조·EU 철강 고율 관세…한국 통상전략 또 시험대,Economics
젠슨 황 방한 뒤엔 장녀 있었다…총수 회동도 직접 챙겨,Economics
"젠슨 황, 오늘 93번 유니폼 입고 잠실 마운드 오른다…국내 AI·로봇 스타트업계도 만날 듯",Economics
"[단독] HD현대로보틱스, 6년만에 협동로봇 신제품 출시…두산과 정면 승부",Economics
"재취업 문마저 닫힌다...""기회 될 때 돈 더 주는 민간 회사로"" MZ '대탈출'",Economics
"구두개입도 속수무책, 1560원 뚫은 환율 쇼크…""당국 카드 제한적""",Economics
"""'여기 우리가 쭉 가는 곳', 이젠 없다"" 꽉막힌 재취업…공직사회, 멘붕",Economics
"AI 패권 전쟁의 최전선, SK하이닉스 곽노정의 ‘조용한 승부사’ 리더십 [박영실의 이미지 브랜딩]",Economics
한 달 미만으로 나눠 쓴 육아휴직…“기간 합산해 급여 신청 가능” [이인혁의 판례 읽기],Economics
선주사 눈독 들이는 ‘바다 위 데이터센터’… 삼성重이 먼저 깃발 꽂았다,Economics
[주간증시전망] ‘AI 인프라’ 주도 계속될까… 스페이스X 상장 ‘빅이벤트’,Economics
"“IMA 승기 잡아라”… NH투자증권, 4000억 장전하고 IMA 돌격",Economics
"""젠슨 황 '삼쏘' 뉴스 떴을때, 팔아야했나"" 동맹주 개미들 '희망고문'에 갇힌 주말 [개미의 세계]",Economics
8800까지 치솟다 8160로 식은 코스피…백화점·금융주만 웃었다,Economics
"""차세대 증권은 토큰화""…돈·인재 뉴욕으로 몰린다[월가 뒤흔든 토큰혁명]①",Economics
이틀간 7% 빠진 코스피…이번 주 물가지표·스페이스X '고비',Economics
빚투·공매도 모두 역대 최대…변동성 올라타 한몫 챙기려는 '투심',Economics
"""자본이 곧 경쟁력""…증권사들 '실탄 확보' 속도전",Economics
'방어→공격' 전환한 파킹형 ETF…자금 회수해 '불타기' 나섰다,Economics
회생 열쇠는 자금수혈…MBK·메리츠 평행선[벼랑 끝 홈플러스②],Economics
조선·자동차 업계 하투 본격화…'이익 N%' 성과급 쟁점,Economics
한국 잠재성장률 뒷걸음질…주요 47개국 중 28→31→32위,Economics
"외국인 매도에 2분기 환율 외환위기 후 최고…공항선 1,620원대",Economics
한국 1분기 성장률 OECD 2위…반도체 특수에 연 3%도 바라본다,Economics
금리인상 아직인데…저소득층은 이자에·2030은 월세에 허덕인다,Economics
"[단독] 서학개미, 미국 주식 버렸다…10개월 만에 ‘마이너스’ 전환",Economics
일본은 18홀에 5만원?…한국 골프장만 ‘배짱 가격’ 안 꺾이는 이유 [권준영의 머니볼],Economics
"낮엔 1539원, 밤엔 1559원…환율 왜 야간에 더 튀나",Economics
'강제노동 트집' 韓 12.5% 관세…'15% 상한' 절대사수 과제,Economics
코스피 두배 뛸때 코스닥은 제자리…'2천스닥' 가능할까,Economics
"젠슨 황, 오늘 두산 박정원과 투타 호흡…내일 현대차 정의선·LG 구광모 단독 회동 ""K로봇과 동맹""",Economics
"""스페이스X IPO, 역사상 가장 정교하게 설계된 개미지옥""",Economics
"유조선사들, 호르무즈 해협 재개방 앞두고 시장 붕괴 우려",Economics
[비즈토크<하>] 태풍인 줄 알았는데 미풍이었네…은행권 ELS 과징금 대폭 '뚝',Economics
“집 사려면 대기업 가야 하나” 말 나올만도…직장인들 ‘사내대출’에 몰린다,Economics
[비즈토크<상>] 젠슨 황 '쇼맨십' 활활…현장 안전은 '아슬아슬',Economics
"젠슨 황, K피지컬 AI 낙점한 이유…“서버 이어 로봇 시장도 독점”",Economics
“20명 대기 중”… 젠슨 황 ‘삼소회동‘ 후 고깃집 ’문전성시’ [오승혁의 '현장'],Economics
"“엄마, 사과가 제일 싸요”…가격 폭등에 ‘갓성비’로 거듭난 맥북",Economics
젠슨 황 'K-회식'하며 'AI 동맹' 다졌다‥2차는 역시 치맥,Economics
홍대 '불금' 보낸 젠슨 황…'소맥·깻잎 쌈' 한국식 회식 즐겨,Economics
[돈이 보이는 경제] 맥 못 추는 원전·전력설비 주가…이유는?,Economics
"젠슨황, '삼소 회동'에 2차는 치킨…구광모가 고기 굽고, 이해진이 결제",Economics
"젠슨 황 ""서울에 AI 기술센터 세운다""…8일 현대차·LG '로보틱스 주도' 韓기업 릴레이 회동",Economics
"통곡물이 나쁜 콜레스테롤과 중성지방, 심장질환 위험 낮추는데 왜 안먹지? [수민이가 궁금해요]",Economics
'비트코인' 공격 투자 즐기던 40대 의사…'이렇게 바꿨다',Economics
“다음주 코스피 걱정된다” 나스닥 4% 급락…금리 인상 공포에 AI 랠리 흔들 [투자360],Economics
"[자막뉴스] ""월급 몽땅 아파트 월세 낸다""..서울 9.5%는 '3백만 원 월세'",Economics
반도체 급락에 개미들 '당황'…연기금·외국인은 '이것' 샀다 [종목+],Economics
"“재개발 빨라진대” 선거 끝나자 북아현3구역, 갑자기 2억 올렸다 [부동산360]",Economics
美 국채보다 金…전 세계 중앙은행 쓸어 담는다,Economics
"‘반도체 쏠림’ 완화되나…‘삼전닉스’ 던진 외인, 반도체 다음 ‘이것’에 몰렸다 [투자360]",Economics
상품 가격 아닌 ‘교환 비율’일 뿐…균형으로 수렴하는 힘 내재,Economics
'영업익 N% 성과급'은 경영판단 영역?…대법원 판례 보니,Economics
6월 8일 코스피 검은 월요일 공포를 뒤엎을 두 기업은?,Economics
엔비디아·마이크론 등 반도체주 급락…하루 만에 2천조 원 증발,Economics
美반도체 지수 5일 하루에만 10% 폭락.. 삼전닉스 괜찮을까,Economics
엔비디아 등 시총 하루새 2000조 날아가…반도체주 급락한 뉴욕증시,Economics
중동전쟁 끝나야 이득 보는 방산주가 있다고? [주末머니],Economics
"코스피 오를 때 20% 빠진 '이 종목'…""하반기 희소식 있다"" [종목+]",Economics
"""월요일이 무섭다""…하루 만에 시총 2000조원 증발 '공포'",Economics
AI 랠리 '급제동'…하루 만에 시총 2000조 증발,Economics
뉴욕증시 반도체주 급락···하루 만에 시총 2000조원 증발,Economics
"“너만 혼자 거지될래?”…예금 깨고 나온 돈, 우주항공·AI ETF로 향한다",Economics
"‘반도체 위기론’ 잠재운 엔비디아 젠슨 황의 선물…“한국, 가장 중요한 파트너’",Economics
고환율.반도체 폭락 겹악재…코스피 '검은 월요일' 경고 나왔다,Economics
프리미엄 TV 왕좌 지킨 삼성…AI로 격차 벌린다,Economics
[뉴스초점] 젠슨 황 '삼소 회동' 들썩 …투자 기대감도 확대,Economics
"젠슨 황 ""로보틱스, 韓 다음 핵심 산업""…삼성·LG 피지컬AI 속도",Economics
"삼전·닉스 신고가 랠리에도 유럽 최대 운용사 ""거품 아냐""",Economics
삼겹살·소맥에 치킨집까지…K-회식 제대로 즐긴 젠슨 황,Economics
젠슨 황 '삼소 회동' 1년 전에 'SK·네이버·LG 주식' 샀다면…,Economics
"[자본中심] 기술 냉전의 시대, 고립 택한 중국 AI",Economics
[주末머니]불닭의 인기가 끝이 없네…K푸드 성장주 주목,Economics
"미국, 이란 해안 군시설 폭격",Economics
"스페이스X, 상장 앞두고 美 국방부와 ‘조단위’ 잭팟 [김기혁의 테슬라월드]",Economics
'오래 살라' 약속한 집주인의 변심...'1억2000만원 어디서 구하나' 한숨 [부동산 아토즈],Economics
“나를 위해 이정돈 괜찮아”…6900원짜리 ‘작은 사치’가 뜬다 [비크닉],Economics
"""어제 레버리지 샀더니…"" 삼전닉스 급락에 개미들 '멘붕'",Economics
젠슨황과 총수들 ‘홍대 삼겹살 회동’…“광모는 좋은 친구야” 어깨동무도,Economics
난방도 전기화 시대… 공기열히트펌프 보일러 뜬다 [New & Good],Economics
'국민 유튜버' 백종원이 돌아왔다,Economics
"젠슨 황의 메시지: AI 팩토리 시대, 대만 공급망의 지위 격상 [돈 되는 해외 주식]",Economics
삼소·치킨회동서 유쾌한 맏형 최태원…고기굽던 막내 구광모,Economics
"[단독] “전력망 2.8조 깔아 반도체에 보내면, 159조 열린다”",Economics
[보푸라기]'나이 많아 거절?' 다이렉트 화재보험은 왜 나이를 따질까?,Economics
‘역사상 최대어’ 스페이스X 공모… “한국 일반 투자자는 제외”,Economics
"""한국이 AI 중심지""…'불금' 즐긴 젠슨 황에 외신도 놀랐다",Economics
“유퀴즈 찍고 야구장으로”… 한국 홀린 엔비디아 수장 젠슨 황의 파격 행보,Economics
“로또식 투자 끝난다”…아파트 대신 임대수익 시대 온다 [강영연의 건축 그리고 건축가],Economics
대형마트 족쇄 풀리면…홈플러스 M&A 판 바뀐다 [해묵은 규제 풀어야]②,Economics
"코인시장, 바닥 밑 지하실?…반등론도 '솔솔'",Economics
'탈원전 인사' 지원에 때 아닌 잡음…한수원 무슨 일?,Economics
"수익률 -16%에도 '사자'…8,600억 뭉칫돈 몰려간 곳",Economics
"""참이슬·바나나우유·치킨까지""…젠슨 황 한 끼에 웃는 식품·외식업계",Economics
"한국 치맥·삼소에 푹빠진 젠슨 황, 유재석 만나 무슨 말?",Economics
“젠슨황 새 찐친 소개합니다”…1주일새 50% 뛴 두산로보틱스 [이주의 Bull기둥],Economics
"삼전 –6.40%, SK하닉 –9.92%… 미국발 충격에 반도체주 '출렁' [주간 증시해설서]",Economics
"‘막판 대역전’ 오세훈, 사상 첫 5선 서울시장 새역사 썼다 [이번주인공]",Economics
“전세금 못받아 새 집 계약금 날렸다”…집주인에게 받을 수 있나[집과법],Economics
"청약시장 고립된 3040, 사각지대 내몰려 ‘영끌족’ 주축 됐다",Economics
"“우린 바퀴벌레다” 인도 Z세대, 토요일 광장에 집결한다[딥다이브]",Economics
"월급 몽땅 월세로…서울 아파트, 열 중 하나는 ‘300만원 월세’ [부동산360]",Economics
[바이오 문해력]기술이전 알겠는데 '옵션 딜' 뭐지?,Economics
[바이오사이언스] K바이오 기술수출 '30조' 시대 당겨질까,Economics
AI發 훈풍에 뭉칫돈 몰린 반도체·전력 ETF… 차기 투자처는?,Economics
"젠슨황, 최태원에 ""주가 오르냐"" 묻고 ""빵!"" 자답",Economics
"삼겹살 먹더니 '선물 보따리' 풀었다…젠슨 황 ""한국은 정말 바빠질 것""",Economics
“잘 있어라 개미들아” 삼전서 ‘30조’ 팔아치운 외인…그 돈 다 어디로 흘러갔나 보니,Economics
"""삼전닉스 2배 벌자"" 개미들, 반도체ETF 팔고 '삼전닉스 레버리지'로 대이동",Economics
"[속보]이스라엘, 레바논 남부 맹폭...헤즈볼라 휴전안 거부에 교전 격화",Economics
"""삼전닉스 2배 ETF, 내건 왜 더 낮지?""…수익률 성적표 보니",Economics
‘고점 불안’에 반도체주 ‘털썩’…美 주식·채권·금 동반 급락,Economics
하루 만에 20% 급락…삼전닉스 레버리지 ‘직격탄’,Economics
멈춰선 SK실트론 매각…M&A 시장에 ‘새드 엔딩’은 없다,Economics
세계최대 비트코인 보유기업 스트래티지는 왜 4년만에 비트코인을 팔았을까 [주末머니],Economics
'브로드컴 쇼크' 삼전닉스 비명 터질때 환호성 터진 종목들[김근희의 증시 랩업],Economics
"스페이스X 충격 맞은 비트코인, 20개월 만에 최저…추가 하락 경고등",Economics
"""더워서 못 살겠다""...강남 첨단 아파트 무슨일? [부동산 산책]",Economics
당첨돼도 못 산다…청약시장 흔드는 현금 장벽,Economics
"""주식 5년 했다며? 돈좀 벌었어?"", '이 습관' 때문에 웃지 못하는 김대리[인치범의 주식투자 부트캠프]",Economics
삼전닉스 무섭게 추격한다...낸드 존재감 키우는 中,Economics
[ETF워치]증시 변동성에도 ETF 유입자금 더 늘어,Economics
설립 3년 만에 한국땅서 로켓 발사 성공…투자자들 335억 태웠다,Economics
'스페이스X' 상장 임박…우주항공 ETF에 兆단위 뭉칫돈 유입,Economics
긴축 공포…1년8개월 만에 한때 6만달러 붕괴 [코인 모닝콜],Economics
"[주末머니]환율 왜 안떨어질까…""달러당 1500원대 머물 수도""",Economics
"홍대서 총수들과 삼겹살·소맥…젠슨 황 ""Go 코리아!"" 건배사",Economics
피지컬 AI 테마 부상…삼전·현차 담은 채권혼합형 상품 등장[ETF언박싱],Economics
"""1억 넣으면 월 300만원, 당연히 원금 보장""...'이 기사' 클릭했다면 당신이 '다음 피해자' [은퇴자 X의 설계]",Economics
삼성전자 30조 팔아치운 외국인...무슨 종목 담았나 봤더니,Economics
"한강벨트 안 부럽다…토허구역 밖 동탄, 넉달간 집값 5.1%↑",Economics
삼성전자 30조 판 외국인…'리밸런싱' 자금 어디로?,Economics
삼겹살 비계까지 자른 막내 구광모…젠슨 황 “내일 주가 오를거야”,Economics
"폭락장 부른 '이 종목'…증권가선 ""매수 기회""",Economics
“당첨 가능성 없는데”…청약통장 떠나는 사람들,Economics
"한화에어로, 같은 공장 세번째 폭발사고…안전 전담 임원도 없다",Economics
비트코인 32개 팔았을 뿐인데…시장 뒤흔든 스트래티지,Economics
[머니플로우] 스페이스X 상장 임박…'우주테크' ETF 자금유입 '쑥',Economics
"지분 사들이는 금융권…코인시장, '쩐의 전쟁' 시작[가상자산 대전환①]",Economics
“요즘 진짜 하나도 안 보이네”…젊은 사람들 술집서 사라지자 ‘심야 지하철’도 텅 비었다,Economics
코스피 5% 급락…8000선 경고등 켜졌다,Economics
3고 위기 ‘성공의 비용’ 발언한 청와대…전문가들 “교병필패”,Economics
코스피 5.5% 급락 8160…브로드컴 실적·스페이스X 몸값 겹악재,Economics
AI가 스스로 진화한다…앤스로픽 “지금 멈추지 않으면 통제 불능”,Economics
고 SK! LG! 네이버!…홍대 달군 'AI 황제' 젠슨 황의 밤,Economics
“반도체 힘든데 설마 K배터리까지?”…일본 ‘조립식공장’에 긴장,Economics
모텔을 샀는데 영업을 못한다고? [한경부동산밸류업센터],Economics
[TheTax] 부부 해외자산 각 3억원…보유한도 안 넘었는데 신고해라?,Economics
"""한국 정말 바빠질 것""…젠슨 황이 꺼낸 '4가지 선물' 뭐길래",Economics
삼성 쫓는 인텔 파운드리의 부활 찬가…“1.4나노는 더 쉬워…흑자 전환 빨라진다”,Economics
"'막내' 구광모, 고기 굽고 소맥 말고…젠슨 황 ""굿 프렌드"" 삼촌미소",Economics
전국 아파트값 상승률 1위 찍은 '갭투자 성지'…반도체 벨트도 토허제 사정권[부동산AtoZ],Economics
"깐부치킨 부러워하던 BBQ, 결국 젠슨 황 품었다",Economics
"[서울데이터랩] 미국 뉴욕증시, 기술주 급락에 일제히 하락 마감…나스닥 4%대 밀려",Economics
“여기까지 올라오니 1만피가 저기 보이네”…6월 쉬어가도 천장 열려있다,Economics
브로드컴發 후폭풍 서학개미 '비명'…마이크론 13%↓,Economics
스페이스X 상장 임박…비트코인엔 호재일까 악재일까,Economics
'깜짝 고용'에 번진 금리인상 기대…주식·국채·금 '트리플 약세',Economics
"흔들린 전망에 휘청인 코스피‥""반도체 안 꺾여""",Economics
"총수들과 '삼겹살·치킨'‥""한국, 바빠질 것""",Economics
‘젠슨황 깐부株’ 효과 벌써 끝…두산로보틱스 16% 급락[코주부],Economics
“AI가 메모리 산업에 구조적 변화 불러와… 마이크론 PER 15배로 재평가돼야”,Economics
‘젠새니티’가 휩쓸고 간 亞 최대 IT 전시회…대만의 더 노골화된 AI 공급망 야심 [컴퓨텍스 2026],Economics
오자마자 “한국 치킨 그리웠어”…젠슨 황의 못말리는 K-푸드 사랑,Economics
앤트로픽·스페이스X 대형 IPO 줄줄이…코인판 자금 유출 가속하나,Economics
낡고 피곤한 효도관광 옛말…뻔한 日보다 낫다 난리난 이 곳,Economics
'전체 2%' 年70만톤 왜 중요할까…LNG캐나다의 진짜 가치는,Economics
동탄은 벌써 꿈틀…주택시장 ‘삼전닉스 150조 태풍’ 예보 [안장원의 부동산 노트],Economics
‘검은 금요일’ 코스피 급락…젠슨황 수혜주도 ‘우수수’,Economics
‘오세훈 테마주’ 하루천하…진양화학 9%·천일고속 4% 하락[이런국장 저런주식],Economics
"홍대에 뜬 젠슨 황, 아이돌 같은 인기…'깻잎 쌈' 등 K푸드 폭풍먹방",Economics
'깜짝 고용'이 키운 긴축 우려…반도체 투매 속 나스닥 4.2%↓,Economics
"“코스피 로봇 대장주, 다들 아시죠?”...‘현대차 이름표’ 단 ETF 봇물",Economics
“바가지 잡겠다”던 BTS 부산 대체숙소… 공연 코앞인데 절반 넘게 배정 안 돼,Economics
"젠슨 황, 회장들과 소맥 만찬에 2차 치킨까지…홍대거리 달군 'AI 동맹'",Economics
코스피 하락 대비해 돈 빼는 '해외 큰손',Economics
"명품 뷰티 품었더니…CJ온스타일, 럭스뷰티관 매출 ‘쑥’",Economics
"구다이글로벌, CJ올리브영 출신 구창근 공동대표 선임…글로벌 유통 강화",Economics
[속보]코스피8%급락 ‘서킷브레이커’…야수개미 2000억 순매수,Economics
"""미래는 지금 여기서부터""…현대차, 월드컵 캠페인 전개",Economics
"젠슨황, 정의선과 종로 우래옥서 ‘깜짝 회동’",Economics
"정부 ""과도한 환율 변동성 용인 안해…투기 엄정 조치""",Economics
수도권 레미콘 1만여대 8시부터 운송 중단…반도체 공사 비상,Economics
"[현장] 젠슨 황 ""SK하이닉스는 우리의 최대 파트너…CPU·로봇까지 협력 확대""",Economics
"삼전닉스 2배, '검은 월요일' 직격탄 맞았다…무더기 손실 구간 진입",Economics
'블랙먼데이 쇼크' 코스피 8000선 내주고 천스닥도 깨졌다…환율 1555원,Economics
"""AI 주식 매우 싸다"" 젠슨 황 구원 등판…삼전닉스 낙폭 줄었다",Economics
폭락장일땐 주식창을 닫는 것도 투자다 [시장 엿보기],Economics
"유나이티드항공 CEO ""항공권 올라도 부유층은 탄다""",IT
“AI 구축은 이제 시작”... 젠슨 황 “SK와 협력 규모 상당히 커질 것”,IT
"삼성重, LNG운반선 1척 수주…상선 목표 91% 달성",IT
‘사망 위험 2배’ 근력 부족…‘앉았다 일어서기’로 측정하는 법,IT
TJ 만날 때는 가죽 재킷·장병규는 면 재킷⋯젠슨 황의 '재킷 교체' 눈길,IT
"[주간 클라우드 동향/6월①] 젠슨 황, 방한 후 종횡무진…핵심 키워드로 떠오른 'AI·클라우드'",IT
"‘각 세종 4배’ 초대형 AI 팩토리 짓는다…네이버, 엔비디아와 글로벌 인프라 공략",IT
"젠슨황x이해진, 오늘 네이버 '비전스테이지'서 치지직 생방송",IT
"“GW급 AI 팩토리, 2027년 첫 가동”…SKT, 엔비디아 ‘클라우드 파트너’ 합류",IT
"네이버-엔비디아, 국내 최초 기가와트급 AI팩토리 짓는다…각 세종 4배 규모(종합)",IT
"SKT-엔비디아, 韓 GW급 AI팩토리 짓는다…亞 최대 AI 인프라(종합)",IT
美 40개 신의료기기 메디케어 우선 적용...K의료기기 수혜 기업은?,IT
"잠실 달군 젠슨 황, 이번엔 두산과 AI팩토리 손잡았다",IT
"가스공사, LNG 캐나다 수도권 첫 입항…키티맷~인천 8500㎞ 12~13일이면 운송",IT
"HBM만? 노! SK·엔비디아, 칩부터 데이터센터까지 'AI 풀스택 깐부' 맺었다",IT
"SKT, 엔비디아와 GW급 ‘AI 팩토리’ 짓는다… 2027년 한국서 첫 가동",IT
"""소버린 넘어 피지컬 AI까지""…엔비디아 손잡은 네이버, 세종 넘어 데이터센터 글로벌 확장",IT
"디앤디파마텍, 빅딜 기대감에 '강세'…에임드바이오·이뮨온시아 ↓[바이오 맥짚기]",IT
"엔비디아, 네이버와 기가와트급 AI 팩토리 구축 협력",IT
"파로스아이바이오, 일라이릴리 '튠랩' 전격 합류…엔비디아 AI 플랫폼 쓴다[only 이데일리]",IT
독박 육아 대신 ‘함께 키우는 회사’ 택했다 [애 낳으면 1억…IT업계가 달라졌다]②,IT
K-문샷 PD에 예산권 준다더니…권한 범위 논란,IT
"이통3사, 알아서 요금 내린다고?…요금제 줄이고 구독상품 강화",IT
"마지막까지 바쁜 젠슨 황, 오늘은 LG·서울대·현대차·네이버 찾는다",IT
"위기의 애플, '구글 AI'로 시리 전면 개편…WWDC서 반격[모닝폰]",IT
"[단독] 삼성전자 파운드리, 올 3분기 흑자전환 전망… “4년 만에 성장궤도 진입”",IT
"“1억 지원금”…IT업계, 육아 복지에 힘 쏟는 이유 [애 낳으면 1억…IT업계가 달라졌다]①",IT
"인간 배아 DNA ‘오타’ 고쳤다… 생명의 빨간펜, 득인가 실인가",IT
[PLAY IT] 'AI PC 사춘기 끝'…퀄컴 스냅드래곤X2 엘리트 실측해보니,IT
"발바닥 통증 ‘족저근막염’, 왜 자꾸 재발할까",IT
원전? 석유? 태양광? 특정 에너지원만으로는 안보 못 지켜,IT
"젠슨 황, 오늘 네이버 로봇 사옥 방문…'로보틱스' 협력안 나올까",IT
"미토스로 '미토스 쇼크' 막는다…과기정통부, 대응 본격화",IT
젠슨 황 “HBM 더 많이 필요”…오늘 SK와 청사진 발표 예고,IT
"공공 서비스 첫 관문 ‘본인인증’, 딱 한번 설정해 3년 편하게",IT
운전대·페달·계기판 없앴다… 로보 택시의 진화,IT
인류 첫 ‘마라톤 서브2’… 신발보다 계산된 훈련-강한 경쟁자 덕,IT
‘깐부’와 점심·저녁…그 사이엔 PC방 두 번 간 젠슨 황,IT
젠슨 황 만난 최태원 회장 옆 정재헌 SKT 사장…'깐부회동' 왜 함께했나,IT
"젠슨 황, 네이버 치지직 뜬다…이해진과 1784서 특별 라이브",IT
"젠슨황, 내일 SK그룹 새 협력방안 직접 발표한다",IT
"""젠슨 형이 왜 여기에?""…치지직 생방송에 젠슨 황·이해진 의장 '등판'",IT
"SK 깐부회동의 깜짝 선물…젠슨 황, T1 완전체 사인 후드 받고 '함박웃음'",IT
젠슨 황 “韓에 빚졌다”…PC방-식당-야구장-깐부 회동까지 광폭 행보,IT
"“친구들과 일한다”…최태원과 치맥한 젠슨 황, 다음 행선지는 삼성·네이버",IT
"젠슨 황, 최태원과 '치맥 깐부회동'…SK와 새로운 협력 계획 예고",IT
젠슨 황-최태원 '깐부 회동'에 SKT 수뇌부는 왜?…HBM 넘어 AI 통신망까지,IT
달에서 대포를?…‘뻥’이 아니야,IT
위성 발사만큼 중요한 전자부품의 우주 검증[찌릿찌릿(知it智it) 전기 교실],IT
‘19금’ 내세워 반전…“너무 심하다했더니” 결국 살아나는 티빙,IT
"젠슨 황 ""HBM! 더 많은 HBM!""...내일 전영현 부회장 회동",IT
"젠슨 황, 치지직 생방송 뜬다…이해진과 네이버 사옥 1784서 특별 라이브",IT
"“이러다 다 망한다?” ‘99만원’ 맥북, 어마어마하게 팔리더니…가격 싼 노트북 ‘우르르’ 등장",IT
"잠실 시구, 삼성동 2차 깐부회동…젠슨 황 광폭 행보에 ‘그늘’도 커져",IT
48시간 만에 최태원 다시 만난 젠슨 황…두산 유니폼 입고 치킨집 등장,IT
"젠슨 황·최태원, 서울 강남 '깐부회동' 식당 도착",IT
86조 車 디스플레이 잡아라…삼성·LG 주도권 경쟁,IT
"LGU+, 파주에 데이터센터…""2030년까지 5조 수주""",IT
"젠슨 황, 두산 유니폼 입고 ""코리아!""...잠실구장 '들썩'",IT
"""이대로면 상장폐지 될라""…위기의 '바이오 동전주' 결국",IT
K제약바이오 원팀 뜬다… ADC·비만신약 글로벌 빅딜 정조준,IT
"PC방 세 번 찾은 젠슨 황 ""e스포츠가 지포스 키워""",IT
'첨단기술 집약' 수도권 최대 AIDC… 완공도 전에 1동 완판[현장르포],IT
텔레픽스 “AI 위성 설계부터 검증까지...하드웨어·소프트웨어 다 잡았죠”,IT
다시 PC방 향한 젠슨 황… 크래프톤·NC 만나 “PC방처럼 지포스 빅뱅(bang)”,IT
"삼전닉스, 2분기 또 '최대 실적' 전망…영업익 150조 추정",IT
젠슨황 잠실 시구 “치맥보다 좋은 건 없다”,IT
"택진이형 만난 젠슨 황 ""사랑해요 '아이온2'""…엔씨·엔비디아, PC방서 25년 동행 기념",IT
AI시대 대량실업 불가피 사회 안전장치 서둘러야,IT
구글 이어 메타도 100조원대 유증 카드 만지작,IT
이통3사 요금체계 개편…통신비 내려간다,IT
컴퓨터 기자에서 네이버 최초 여성 CEO까지…한성숙 후보자는 누구?,IT
젠슨 황은 왜 PC방에서 NC·크래프톤을 만났나[서대문 오락실],IT
[AI픽] PC방에 뜬 젠슨 황…K게임과 AI 협력 속도낸다,IT
미토스 발표이후 AI가 찾아낸 취약점만 월 900건…구글·AWS도 예외 없었다,IT
"""게임과 AI가 만나는 시대""…크래프톤·엔씨 찾은 젠슨 황, PC방 투어(종합)",IT
"""아빠, 진짜 젠슨 황 와요?""…2차 깐부 회동에 ""저녁보다 젠슨 황""",IT
엔비디아서 MS·구글·삼전까지…‘AI 파트너’로 뜨는 K게임,IT
"젠슨 황, 엔씨·크래프톤과 'PC방' 회동…""직접 보고싶다"" 강조해",IT
"PC방 뜬 젠슨 황, '택진이형' 샤라웃…'AI PC 전초기지' 한국 낙점?",IT
젠슨 황은 왜 연일 PC방을 찾나,IT
“이차전지 물렸는데 ‘이 종목’은 589% 폭등”…K-증시 시총 톱10 대이변,IT
한국 PC방 누빈 젠슨 황…엔비디아·K게임 AI 동맹 굳혔다,IT
"총리 후보자에 한성숙 중기부 장관…""네이버 출신 잘나가네""",IT
"젠슨 황, 김택진 손잡고 “아이온2·NC 사랑합니다!” [현장]",IT
"[AI is] 젠슨 황 만나는 정재헌…SKT, 피지컬AI 선점 나선다",IT
서버 한 대가 수백 대 전력 삼킨다…LG유플러스 파주 ‘AI 공장’ 가보니,IT
[현장에서] 배그 유저 만난 젠슨 황…크래프톤과 AI 협력 주목,IT
"파주 AI 데이터센터 1동 이미 '완판'... LGU+ ""2030년까지 5조 원 수주""",IT
"[현장] 배틀그라운드 행사에 젠슨 황 떴다…장병규 ""게임과 AI 결합의 시작점""",IT
휴온스랩-휴온스 합병 추진에 주주 반발…내달 3일 임시주총서 주주의견 수렴,IT
"중동전쟁 100일…MOU 초안도 불발, 호르무즈 재개방 안갯속",IT
여름철 심근경색 주의보… 에어컨·탈수가 심장 위협,IT
'벤처 4대강국' 앞장선 한성숙 총리 후보자…기업인 출신 장관(종합),IT
[뉴스1 PICK]젠슨 황의 강남 'PC방 외교'… 크래프톤·엔씨와 연쇄 회동,IT
첫 기업 출신 총리 한성숙 누구? 네이버서 AI 플랫폼 전략 밑그림,IT
"수도권 최대 AIDC 구축 LGU+…""2030년까지 5조 수주""[현장+]",IT
[기획] ‘근본’ 다시 챙긴 엔비디아… 韓게임서 피지컬AI 미래 찾는다,IT
"AIDC 매출 향후 5조 달성 목표…LGU+, 수도권 최대 AI 데이터센터 승부수(종합)",IT
“아이 러브 아이온2” 외친 젠슨 황... 김택진과 엔씨 이용자들 깜짝 만남,IT
"젠슨 황, 현대차·엔씨·크래프톤·두산·SK 등 연쇄 회동…韓 협력 광폭 행보",IT
AI 자금 조달 급해진 빅테크들...유상 증자 카드도 만지작,IT
PC방서 “아이 오우 유(I Owe You)” 외친 젠슨 황,IT
PC방에 젠슨 황이?…괴물 그래픽카드 'RTX 5090' 쐈다[현장],IT
"젠슨 황의 'PC방 찐사랑'…장병규·김택진 ""PC방서 봅시다""(종합)",IT
총리 후보자까지 네이버 출신…IT업계 존재감 부각,IT
"젠슨 황 만난 크래프톤 장병규 ""게임과 AI가 만나는 출발점""[현장+]",IT
"“엔비디아 안 부럽다”... 베일 벗은 토종 AI 칩, 초거대 모델 한 장으로 돌렸다 [only 이데일리]",IT
"젠슨 황, PC방서 게이머에게 RTX 5090·스파크 쐈다[현장+]",IT
"'한국과의 인연' 강조한 젠슨 황 ""e스포츠가 엔비디아 키웠다""",IT
"티빙 해킹, 단순 정보유출 넘어 클라우드 계정 관리 논란으로 확산",IT
"[현장]""아이 러브 아이온2! 아이 러브 엔씨!""…김택진과 우애 뽐낸 젠슨 황",IT
"[강민성의 헬스토리] 뱃살의 주범 ‘내장지방’, 역류성식도염·변비 유발",IT
‘게임업계에선 이미 황제’ 여기저기서 환호성…젠슨 황 “아이온2 최고”,IT
"젠슨 황, '배틀그라운드' 게이머 찾았다... 장병규 의장과 강남 PC방 회동",IT
"6·3 지방선거 항의 집회, 연예인 SNS까지 불똥",IT
"젠슨 황의 한국 사랑…""e스포츠는 한국이 만들었다""(종합)",IT
"장병규·김택진과 ‘PC방 투어’ 나선 젠슨 황…“PC, AI와 함께 다시 발명”",IT
AI 기업 지분 사들이나…미국서 떠오른 ‘국가 주주’ 실험,IT
"젠슨 황 ""아이온2 최고""…김택진과 PC방 깜짝 라이브(종합)",IT
"젠슨 황-김택진, 강남 PC방 '아이온2' 행사 회동…셀카 찍으며 파트너십 재확인",IT
"넷마블, 구로 사옥 6976억 매각…2028년 과천 신사옥 입주",IT
"서울대-엔비디아, 젠슨 황 방한 속 8일 '빌드 어 클로' 개최",IT
19년만에 여성 총리 탄생하나...한성숙은 누구인가,IT
"시진핑, 내일 평양 간다…7년 만 북중 정상회담, 핵·연대·경제 '3대 의제' 주목",IT
'벤처 4대강국' 앞장선 한성숙 총리 후보자…기업인 출신 장관,IT
삼성전자·SK하이닉스 2분기 합산 영업이익 152조원 전망,IT
"[현장] 젠슨 황, '아이온2' 이용자에 그래픽카드 주고는 ""당신은 이제 부자""",IT
"삼성, OLED TV서 LG 바짝 추격...격차 6%P로 좁혀",IT
"젠슨 황, NC '아이온2' 이용자에 최신 그래픽 카드 '깜짝' 선물…가격이?",IT
'PC방 투어' 나선 젠슨 황…이번엔 엔씨·크래프톤,IT
젠슨 황 방한 뒤 장녀 있었다…삼겹살집 부터 유퀴즈까지 다 챙겨,IT
"李대통령, 한성숙 총리 지명...""AI대전환 완수""",IT
투자·토큰으로 엇갈리는 청구서… AI 경제학에 이는 균열,IT
"잠실 투표소 '개인정보 유출' 파장…개보위, 사실관계 파악 나서",IT
노화를 막는 세포 ‘안전벨트’ 발견했다 [달콤한 사이언스],IT
K제약바이오 '바이오USA 2026' 출격 신약 경쟁력으로 글로벌 공략,IT
'삼소 회동' 이어 PC방까지…젠슨 황 광폭 행보[뉴스잇(IT)쥬],IT
[현장] 젠슨 황 '왕림' 앞두고 엔씨 아이온2 서프라이즈 라이브 '입장마감',IT
[속보]젠슨 황-크래프톤 장병규 만났다…PC방서 게임업계 회동,IT
젠슨 황·장병규 '엄지 척'…강남 PC방 회동,IT
"[속보] 젠슨 황, 크래프톤 장병규 만났다…게임업계 회동 시작",IT
TV예능 프로그램 출연한 젠슨 황…유재석 어깨 감싸고 '골든' 춤까지,IT
"정재헌 SKT 대표, 최태원-젠슨 황 '깐부 회동' 참석…""AI·반도체 논의할 듯""",IT
"EU, 美 빅테크 의존 끊는다…클라우드·AI 주권 선언",IT
"日 95% 독점 ‘전자 내시경’ 도전장…산학연병, 2031년 국산화 목표",IT
"젠슨 황, 삼성동 깐부치킨 또 간다…저녁 최태원과 회동",IT
"젠슨 황, 오늘 또 '깐부치킨' 회동...최태원 SK 회장과 두차례 만남",IT
"젠슨 황, 최태원과 또 '깐부'…SK하이닉스·SKT 경영진 총출동(상보)",IT
"SKT, 시험기간 맞춤 혜택 제공…골드번호 1만개 추첨도",IT
"""클라우드 비용 부담 끝낸다""…시놀로지, 韓 기업시장 정조준(인터뷰)",IT
"“DNA가 촉매 성능 프로그래밍” KAIST, DNA 염기서열 설계만으로 촉매 성능↑",IT
"“日 세계시장 95% 독점 깬다”…韓 드림팀, ‘AI 로봇 내시경’ 국산화 도전장",IT
"일본 95% 장악 '연성 내시경'…228억 투입, 국산화 나선다 [지금은 과학]",IT
운전석·페달 없는 로보 택시 등장...AI 운전 적합하게 형태 바뀌는 자동차,IT
"한은 ""생성형 AI 쓰면 시간 절감…생산 증가는 아직""",IT
LG유플 파주 AIDC 완공 전부터 ‘완판’…“2030년 5조원 수주 목표”,IT
“그쪽 당 지지자면 안 만날래요” 반대 정당 지지하면 데이트도 피했다,IT
"메이플·마비노기 쌍끌이 흥행에…넥슨, 모바일 게임 글로벌 성장률 1위",IT
26조원 체코 원전사업 리스크 해소…보조금 위반 의혹 조사 종료,IT
"젠슨 황, 오늘 PC방서 크래프톤 장병규 의장, 엔씨 김택진 대표 잇따라 만나",IT
"젠슨 황, 연이틀 PC방에...NC 김택진·크래프톤 장병규와 '게임 회동'",IT
젠슨 황 또 다시 PC방으로…장병규·김택진과 회동,IT
"SKT, 1만개 골드번호 추첨…8일부터 21일까지 응모",IT
"SKT, 2026년 골드번호 추첨",IT
"lg유플, 파주 AI 데이터센터 시작으로 “2030년까지 5조원 수주",IT
"동물실험 대체 확산…유럽연합, 단계적 폐지 로드맵 발표",IT
젠슨 황의 유별난 PC방 사랑…이번엔 강남서 장병규·김택진과 '게임 회동',IT
"[챗ICT]서브노티카2, 얼리액세스로 등장한 이유",IT
"‘방한 사흘째’ 젠슨 황, 또 PC방 간다…오늘은 누구 만나나 보니",IT
"[르포] ""완공 1년 전인데 완판""…'수도권 최대' LG U+ 파주 AIDC 가보니",IT
"韓 연구진 포함 과학자들, 인간 배아서 첫 염기 초정밀 교정",IT
"젠슨 황, 강남 PC방 찾는다…장병규·김택진 연쇄 회동",IT
[현장] 젠슨황X택진이형 회동 강남 PC방 오전부터 긴줄,IT
"티빙, 900만 MAU 눈앞…개인정보 유출에 성장세 '찬물'",IT
피지컬 AI 집중하는 젠슨 황…SK·LG·네이버 협력안 기대감,IT
삼성 감사 페스티벌 8일 실시…통신사도 프로모션 가세 [Q&A],IT
‘세계 최초’ 수술실 CCTV 도입 3년…환자 절반 “있는 줄도 몰랐다”,IT
"젠슨 황, 엔씨 김택진·크래프톤 장병규 PC방에서 만난다",IT
"SKT, 시험기간 대학교 찾아가 커피 쏜다",IT
"[단독] 젠슨 황, 크래프톤 PC방에서 만난다…NC와도 'PC방 회동'",IT
"""1111·1004 번호의 주인공 찾는다""…SKT, 골드번호 1만개 추첨",IT
[100세건강] 다이어트 성공했는데 귀가 이상?…이관개방증 의심,IT
"""배당주라 샀는데""…美 식품주, 인플레·비만약에 줄하향",IT
"젠슨 황, PC방서 엔씨 김택진·아이온2 이용자 만난다",IT
"[인터뷰] 톰 예 벤큐 총괄 ""MA 모니터, 맥북 경험 따라 확장…32인치 6K 검토""",IT
"[르포] ""1mm 오차도 허용 안 한다""… 벤큐 '빛의 품질'에 집착하는 이유",IT
'베라 루빈 시대' 준비하는 LGU+…파주 AIDC서 '600MW' 향한다,IT
[위클리반도체] HBM5·2나노 승부수 던진 삼성… 젠슨 황과 혈맹 과시한 SK하이닉스,IT
트럼프 AI 정책 설계자 떠난다…백악관 고문 스리람 크리슈난 퇴임,IT
"고성능 수소 촉매, 국수 가락 뽑듯 대량생산 길 열렸다",IT
"""2002년 영광 재현할까"" KT, 광화문서 월드컵 거리관람 행사 개최",IT
"'AI' vs '로스쿨 교수', 법률 추론 대결...승자는",IT
"KT, 내달 5G·LTE 통합요금제 출시…전 구간 데이터 안심 옵션 적용",IT
얇아지는 옷차림에…음료도 닭고기도 ‘저당 열풍’,IT
"""학생 수업시간까지 공략했다""…스냅·메타·틱톡·유튜브 집단소송 확산",IT
"""내 번호는 1004""…SKT, 골드번호 1만개 추첨",IT
"“특별한 폰 번호 잡아라”…SK텔레콤, 1만 개 골드번호 추첨",IT
"SKT, T월드·T다이렉트샵서 맛집 식사권·포켓몬 카드 제공",IT
[AI위클리] 젠슨 황 방한에 커지는 AI 동맹…보안 AI 경쟁도 격화,IT
"[ZD브리핑] 젠슨 황 엔비디아, LG그룹-현대차-네이버 방문...협력 강화 '주목'",IT
"“골드 번호를 잡아라”… SK텔레콤, ’1004′ 등 1만개 추첨",IT
"스퀘어에닉스, 파이널판타지7 리벨레이션 2027년 봄 출시",IT
"SKT, '1111·1004' 등 골드번호 1만개 추첨",IT
"[르포] 수도권 최대 AIDC 짓는 LG유플러스…""2030년 누적 수주 5조 목표""",IT
"KT, 광화문서 월드컵 거리응원 개최…“응원 메시지 전달”",IT
"[르포]118억짜리 엔비디아 '베라루빈' 받는다…LGU+, 수도권 최대 AI 데이터센터 승부수",IT
"올릭스·아키소스템, 이번 주 각각 1100억·40억 투자 유치 [바이오 투자 레이더]",IT
"LGU+, 2030년까지 AIDC 수주 누적 5조원 목표",IT
"""2030년 AIDC 수주 5조원 목표""…LGU+ '파주 AIDC' 가보니 [르포]",IT
"프리그로우, DIPS 첨단제조 분야 선정...UWB 단일 측위 단말, 육해상 통합 장비로 진화",IT
"[르포] 추론형 AI 시대, AIDC 수요 폭등 온다…“2030년까지 5조 수주”",IT
"UNIST, 사우디 KAUST와 수소 대량생산 촉매 전극 개발",IT
광화문광장서 월드컵 생중계...KT 미디어월 활용,IT
LG유플러스 “2030년까지 AI데이터센터 5조원 수주”,IT
"[AI픽] LGU+, AI 데이터센터 승부수…""2030년 수주 5조원""",IT
"[현장] 축구장 21배 'AI 요새' 짓는다…LGU+, 파주 AIDC로 5조 수주 '정조준'",IT
[영상]성게 닮은 이 로봇…왜 만들었나 봤더니,IT
"[르포]LG유플, 차세대 AIDC 전략 발표…""누적 수주 5조원 정조준""",IT
"수도권 최대 AIDC 확보한 LGU+ ""2030년까지 5조 수주 목표""",IT
"KT, 전사 시스템에 '제로 트러스트' 보안 확대",IT
LGU+ 축구장 21개 크기 '데이터공장' 1년 만에 짓는 비결,IT
글로벌 대작 쏟아진 'SGF 2026'…K-게임도 신작 공세,IT
"[뉴겜] 스마일게이트 '크로스파이어', AAA 싱글플레이로 새 전장 연다",IT
"젠슨 황, 오늘 잠실 마운드 오른다…‘93번’ 등번호 담긴 의미는",IT
"SKT, 맛집 식사권부터 포켓몬 카드까지…T월드 매장서 이벤트",IT
"클라비, 예지보전에 생성형 AI 입힌다…스마트팩토리 공략 시동",IT
"상장 앞둔 스페이스X, 구글에 47조원 규모 AI 인프라 임대",IT
"비트코인, 일주일 사이 17% 급락…스트래티지 재매수 여부 '촉각'",IT
"미 행정부 vs 오픈AI, 엇갈린 AI 규제 청사진…위험 판단-평가 방식 차이",IT
"젠슨 황, 오늘 잠실 마운드 오른다…'93번' 달고 시구",IT
"""SKT 매장에서 최신 갤럭시 사면 전국 맛집 식사권 쏩니다""",IT
"애플, 8일 WWDC26 개막…AI 전략 재정비 무대 되나",IT
"젠슨 황, 오늘 김택진·장병규 만난다…게임 거장과 '로보틱스 동맹' 그린다",IT
[AI혁명](202)기업을 AI 네이티브로…'회사를 바꾸는 회사' 클리브,IT
SF 영화가 현실 될까···하루 1400t 폭격 가능한 우주 무기 ‘매스 드라이버’가 뭐길래,IT
"""시리야~ 네!"" 아이폰 똑똑해진다…WWDC서 베일 벗는 'AI 시리'",IT
“구글이 먼저 전기 사갔다”…핵융합 발전소 상용화 성큼,IT
"[KISTI의 과학향기]‘아기 땐 네발, 어른 되면 두발’…공룡의 걸음 진화",IT
네이버 주가 20% 상승했는데 카카오는 13% 하락...'파업 위기'에 주주들 분통,IT
"잠이 편해야 관절도 편하다…수면 건강, 골관절염 관리 변수로 주목",IT
"[비욘드 미토스②] 삼성·SK·정부, 앤트로픽 미토스 손잡았다…'국산 AI 생태계' 고민은 숙제",IT
서버 넘어 스토리지로 번진 글로벌 AI 인프라 수요…공급망·마진 압박은 숙제,IT
초유의 투표용지 부족사태…수요예측에 AI는 없었다,IT
[르포] “용산은 쇠락했지만 광화는 건재”… ‘PC 강국’ 대만이 AI 서버 강국 된 비결,IT
"엘리스그룹, IPO 출사표…클라우드 사업, 교육 넘어설 전망 [AI 클로즈업]",IT
"삼성·하이닉스, 2분기 또 최대실적 가능성…영업익 150조 전망",IT
"여름철 심근경색 환자, 겨울보다 많았다…폭염 속 ‘심장 주의보’",IT
“AI가 알아서 다 해줬어요”…‘바이브 코딩’의 두 얼굴,IT
'카카오→라인' 대주주 교체 앞둔 카카오게임즈…하반기 변화에 쏠린 눈,IT
[여성과학자로 산다는 것] 함께라서 가능했던 리더의 길,IT
[컴퓨텍스 2026] 결산 ㊤ 'PC 부품 메카'서 'AI 실전 무대'로… 타이베이 휩쓴 'K-반도체',IT
"AI 대학, 내년부터 400명 정원으로 4대 과기원 모집…흥행 여부 촉각",IT
"""한국은 AI투자의 위대한 미래""…피지컬 AI 동맹 만드는 젠슨황",IT
'무너진 韓 교권' 겨눈 넷플릭스…6월 신작 '참교육' 공개,IT
"스페이스X 상장, 기업이 국가 움직인다",IT
'피지컬 AI'의 심장을 찾아...젠슨 황이 게임사 만나는 이유,IT
"“생일 선물하기도 부담인데…이맘때 선물 준 친구까지 뜬다, 어쩌나” 너무 심한 ‘국민 메신저’",IT
전기비행기 국내 첫 상업 비행…‘도심항공’의 미래는? [기술:너머],IT
"세가, 월드컵 앞두고 'SFCC 2026' 띄운다…안정환·김남일 앞세워 韓 시장 재공략",IT
[오늘의 웹툰] 게임 속 인연이 현실로 '우리 길드 아이돌',IT
“삼전 35만원에 샀다” “하이닉스 230만원이다” 공포의 월요일이 온다…개미들 ‘초긴장’,IT
"티빙, 홈화면에서 '비밀번호 변경' 안내",IT
"휴머노이드 경쟁, 이젠 월드모델로…1X 전담 연구소 설립",IT
"EC, 한수원 두코바니 원전사업 EU역외보조금규정 조사 종결",IT
"잠실 투표소 선거인명부 대조전표 외부 노출…개보위, 사실관계 조사",IT
“AI 하자더니 보고서만 쓰다 나왔어요”…AI 인재들이 대기업 떠나는 이유 [MTR],IT
中 휴머노이드 1만대 양산권…엔비디아 협력 모델도 나온다,IT
"“저녁 메뉴까지 AI 뜻대로” 하루 25억번 대답하는 AI…전기 사용량, 곧 한국 넘어선다 [지구, 뭐래?]",IT
팀 쿡 마지막 WWDC 개막 임박…애플 AI 전략 시험대,IT
"선관위, 선거인명부 대조전표 유출 신고… 개보위 “사실관계 확인”",IT
"""AI 전쟁 판 뒤집나""…머스크가 점찍은 차세대 돈줄의 정체",IT
핀란드선 이미 일상?…식료품 배달 5건 중 1건 로봇이,IT
에이전틱 AI 결정하고 사람은 승인만…가트너 “HITL 착각 조짐”,IT
피규어로 음악 듣는다? '베어브릭' 블루투스 스피커 [더스쿠픽 쇼츠],IT
美증시 반도체주 시총 하루새 2000조원 증발…코스피 ‘블랙 먼데이’ 우려,IT
'1세대 게임 BJ' 난닝구 별세… 향년 46세,IT
"시계→반지→안경, 그 이후는?…주머니 탈출한 AI[AI를 입다③]",IT
"젠슨 황, 한국 예능 첫 출연… '유퀴즈' 녹화",IT
하정우 논란 다시 보니…‘7명 스타트업’ 시절 일을 현재 잣대로 재단했나,IT
"AI 유출방지, DLP가 만능?…과도한 오탐·효율저하 피하려면",IT
"""메모리 값 뛰어도 TV 가격 그대로...광고수익 겨냥""",IT
"""소화기 메고 산길 누빈다""…中 휴머노이드 로봇 화제",IT
독감 치료제 타미플루가 치매 막는다고? [사이언스 브런치],IT
"""어젯밤 심장이 이상했나요?""…손목 위 'AI 주치의'가 병원 가라 하네[AI를 입다②]",IT
이번엔 CU편의점 택배…아이디·비번 등 개인정보 유출,IT
CU편의점 택배 온라인 회원 개인정보 유출,IT
"'스텔라 블레이드' 다음 장 열린다…시프트업, 'SGF'서 후속작 '블러드 레인' 최초 공개",IT
"“선수로서 성장한 경기도, 내겐 제2의 고향”…경기 이네이트 이한울 “성적으로 보답”",IT
젠슨 황이 ‘픽’한 디지털 트윈 뭐길래…개발 뛰어든 통신3사 [빛이 나는 비즈],IT
"""스마트폰 집어삼킨다""…눈앞에 다가온 100조 'AI 안경' 전쟁[AI를 입다①]",IT
"스마일게이트 신작 베일 벗어…'크로스파이어' IP, 잠입 액션 장르로 진화",IT
"네이버, 軍 AI 시장에 꽂힌 이유",IT
"""1분만? 켜면 1시간 훌쩍""…SNS '무한 스크롤'의 덫",IT
"[스노우플레이크 서밋 26] 베누아 다쥬빌 공동창업자 “기업 AI, 데이터 이동 최소화가 핵심”",IT
우주정거장서 공기 누출…ISS 비행사들 2시간 대피,IT
"앤트로픽, AI 에이전트 보안 백서 공개… “제로트러스트 적용해야”",IT
[테크톡노트] 가상세계서 로봇 키운다…엔비디아 아이작 심,IT
[자막뉴스] 상상도 못한 우울증 치료...국내 연구진이 또 해냈다,IT
“얼마나 물렸으면”…AI 레이저 모기 퇴치기 만든 개발자,IT
젠슨 황은 왜 韓 게임업계를 만나나…게임과 피지컬AI 연결성에 ‘주목’,IT
소포 배송 실패? 우체국 사칭 피싱 이메일 주의보… ”링크 절대 누르지 마세요“,IT
[게임위드인] 젠슨 황이 게임사 만나는 이유…피지컬 AI의 숨은 강자,IT
"구광모 비계 손질에, 젠슨 황 깻잎쌈까지…온라인 달군 ‘삼소 회동’",IT
"아이폰18 프로맥스, 두께 그대로인데 배터리는 더 커진다?",IT
"AI發 낸드 훈풍…삼전닉스 1·2위, 中 YMTC 3위 넘본다",IT
"젠슨 황, 주말엔 유퀴즈 녹화하고 잠실서 시구…게임업계 회동도",IT
"젠슨 황, 주말엔 유퀴즈 출연… 7일 두산베어스 시구도",IT
구글 이어 메타도 AI 투자 위해 유상증자 검토,IT
"젠슨 황, 유퀴즈 찍는다... 7일 잠실구장서 시구도",IT
"[사이언스샷] 인간 배아의 염기 교정 첫 성공, 판도라 상자 열리나",IT
엔씨 '아이온2' 9월 글로벌 출시…SGF서 새 트레일러 공개,IT
"엔씨 ‘아이온2’, 9월 글로벌 출격…SGF서 사전 예열",IT
"시프트업, '스텔라 블레이드: 블러드레인' 발표…자체 퍼블리싱(종합)",IT
한미약품 1.9兆 ‘잭팟’부터 美 BINSA 발의까지[바이오 주간 결산],IT
[컴퓨텍스 2026]대만에서도 빛난 'K-반도체 열풍',IT
"“은행 차세대 전산망에도 AI 반영”… 삼성SDS, 금융권 AX 속도",IT
"""선거 끝나자 관망세 걷혔다""…공공 IT 대규모 발주 예고, IT서비스 업계 '속앓이'도",IT
"엔씨, '아이온 2' 글로벌에 오는 9월 출시…흥행 이어갈까",IT
"[ZD e게임] 위메이드커넥트 '메이크 드라마: MAD', 남성향 '매운맛' 게임",IT
대작 쏟아진 SGF…'스트레인저 댄 헤븐' 내년 1월 출시,IT
3Tx로 5G 업링크 670Mbps...미디어텍·삼성 새 이정표,IT
"시프트업, 신작 '스텔라 블레이드 블러드레인' 발표",IT
스타벅스 불매 잦아드나…선물하기·결제액 엇갈린 신호,IT
WBD 합병에 소비자 극장 반독점 우려 소송 제기,IT
"[SW키트] ""보여야 통제한다""…기업 새 과제로 떠오른 '에이전트 거버넌스'",IT
"""전선도 배터리도 없다""…레이저로 로봇에 24시간 전력 공급",IT
티빙 탈퇴해보니…가입 형태에 따라 6~12단계[잇:써봐],IT
2600년 묵은 미스터리…정전기 범인은 공기 속 '탄소 먼지'?,IT
"얼음은 왜 뜰까…물, 4℃에서 가장 무거운 이유",IT
"[AI는 지금] 페루, 국가 AI 전략 2030 발표…공공 AI·거버넌스 제도화 속도",IT
"[헬스토크] 선크림, 자주 덧발라야 효과 유지돼",IT
"순위 나열·내용 복붙 ""NO""…AI 인용 잘되는 비결 공개",IT
1억 바닥 뚫린 비트코인… '급락' 공포에 한때 6만달러도 붕괴,IT
"스마일게이트, '신작' 크로스파이어로 글로벌 확장 시험대",IT
"엔씨 아레나넷 신작 ‘길드워3’, ‘서머 게임 페스트’서 공개",IT
에이전틱 AI 시대 CPU·데이터 전면에…컴퓨텍스 2026 폐막,IT
방귀 잡는 스마트 기기 등장…장 건강 상태까지 분석한다,IT
"[지금, 명의] “수술해도 재발 잦은 폐암…조기 암도 표적치료제로 생존율 높여”",IT
"[주말엔게임]댓츠노문 ""신작 '크로스파이어' 서사·전술 재미 더해""",IT
"스마일게이트 ‘크로스파이어’, 트리플A 싱글플레이 게임으로 진화",IT
"[지금, 명의] “증상 없는 난소암, 발견 땐 이미 전이…완전 절제·항암이 생존 좌우”",IT
“누가 내 뱃속에 돌 넣어놨냐”…화장실서 못나오는 당신을 위한 처방전 [MK약국 x 약들약],IT
사고 나기 전에 막는다…인공지능이 ‘위험 경고’,IT
"엔씨 북미 자회사 아레나넷, '길드워 3' 발표…내년 베타",IT
"세가 풋볼 클럽 챔피언스 2026, 韓 축구 팬에 다시 도전장…""제대로 준비""",IT
"북중미월드컵 공인구 ‘트리온다’, 내장 센서로 비디오 판독 돕는다",IT
80만원 스마트폰으로 라이카 감성을? 직접 찍어봤다[잇:써봐],IT
티빙 유출된 ‘CI’ 뭐길래…암호화 여부가 관건 [IT백과],IT
'언차티드' 개발진이 만드는 '크로스파이어'…서사 중심 싱글 게임,IT
비주류 꼬리표 뗀 ‘서브컬처 게임’…K게임 새 승부수,IT
"11억명 즐긴 IP의 변신…스마일게이트, AAA급 '크로스파이어'로 서구권 겨냥",IT
"[컴퓨텍스 2026] 결산 ㊦ ""모바일·그래픽 칩 경계 없다""… 타이베이 달군 반도체 영토 전쟁",IT
"스마일게이트가 투자한 댓츠노문, 신작 '크로스파이어' 공개",IT
[AI돋보기] 젠슨 황은 왜 '슈퍼갑'이 됐나…AI 판을 바꾼 20년,IT
"“테슬라 놓친 투자자들 몰렸다”…스페이스X, 상장 전부터 광풍[주형연의 에구MONEY]",IT
"[AI세계속으로]AI 빠른 진화에 윤리적 고민…""발전 속도 늦춰야""",IT
가격 올라도 재고 안 쌓는 ‘삼전닉스’… 메모리 초과이익과 한국 경제,IT
‘기업가치 1조달러’ 앤트로픽 투자로 대박… SK텔레콤·아마존·줌 지분가치 껑충,IT
"""월 10원만 내면 5GB""…알뜰폰 '파격 할인' 이유 있었다",IT
개인정보 유출에 몸살 앓는 기업들…티빙도 예외 아니었다,IT
초미세먼지 오래 마시면 ‘뇌 속 백과사전’ 지워진다… “10년 노화보다 치명적”,IT
[알쓸신기] ⑨ 내 폰 안에 '천재 비서'…인터넷 없이도 똑똑한 '온디바이스 AI',IT
AI 반도체 열풍의 어두운 그림자…13억 인구의 물이 마른다,IT
[알아BIO] 쏟아지는 기술수출 낭보…제약·바이오 반등 신호탄?,IT
[여성과학자로 산다는 것] 어머니의 돌봄 위에 세워진 나의 연구 인생,IT
"""4만원대 요금제로도 공짜"" 모토로라 G77, '그 시절 가격'으로 귀환[테크로그]",IT
"스페이스X, 구글과 월 9억 달러 AI 컴퓨팅 계약…IPO 앞두고 수익화 본격화",IT
"고용호조·금리인상 우려↑, 美 나스닥 '검은 금요일'…반도체 급락",IT
"젠슨 황, 주말엔 유퀴즈…시구·게임업계 회동도",IT
"[단독] 젠슨 황, 비공개 간담회에 NC AI 초청…두 차례 만남 갖는 엔씨",IT
모건스탠리 “스페이스X 2040년 매출 5000조원 올릴 것”,IT
PC방서 페이커 만난 젠슨 황 “한국은 e스포츠 발상지”,IT
폭증하는 토큰 사용량…‘AI 비용 청구서’ 더 늘어난다,IT
"“치킨이 그리웠다” 젠슨 황의 ‘BBQ치킨 2차’, 최태원이 ‘244만원’ 골든벨",IT
젠슨 황의 '삼소 회동'…네이버 이해진 얼굴로 결제했다,IT
젠슨 황 1경짜리 삼겹살 회동...한국 파트너십 공고히(종합),IT
홍대 ‘불금’ 즐긴 젠슨 황…韓 기업들과 ‘AI 동맹’,IT
젠슨 황 ‘삼소회동’서 한턱 낸 이해진···'네이버페이 커넥트' 주목,IT
‘1차 삼소·2차 치맥’ 불금 보낸 젠슨 황…골든벨 울린 네이버,IT
"젠슨 황, '삼쏘 회동' 뒤 치킨집 2차…K-치킨 애정 과시",IT
[가보니] 이해진의 한 수…젠슨 황 앞서 '얼굴 결제'했다,IT
노래방 얘기도 나왔지만… BBQ로 발길 옮긴 젠슨 황 ‘K-치킨’ 사랑,IT
"이해진 네이버 ""제가 쏠게요""…젠슨 황에 '페이스사인' 뽐내",IT
"'K직장인' 회식 코스 따라한 젠슨 황... ""한국, 내년에 많이 바빠질 것""",IT
500만원 골든벨 울린 이해진…네이버페이 '안면인식' 결제로 쓱,IT
젠슨 황 '삼소회동'에 뜬 세븐일레븐·하이트진로...빙그레,IT
소맥 제조한 최태원·고기 구운 구광모·골든벨 이해진,IT
"엔비디아, AI 기술센터 설립…장소 ""서울 유력""",IT
"젠슨 황, 방한 선물 공개…메모리 대규모 주문 시사",IT
"앤트로픽 ""AI 개발 잠시 늦추자"" 호소…무슨 일",IT
젠슨 황이 한국에 가져왔다는 '깜짝 선물' 네 가지는,IT
"젠슨 황, 대만서 입었던 ‘470만원 디올’ 韓서도 그대로…‘패션템’ 모아보니 ‘약 770만원’",IT
엔비디아 “4가지 큰 선물”…한국 AI센터 서울 유력,IT
젠슨 황 ‘삼소회동’ 이해진이 네이버페이로 ‘골든벨’… 2차는 BBQ 치킨,IT
"카리나도 “밥 먹는 중” 매시간 2초씩…‘날것’ 그대로 공유하자 780만명이 움직였다 [이슈, 풀어주리]",IT
‘HBM칩스’ 나눠준 젠슨 황 “현대·LG·SK·삼성·네이버와 함께 성장”,IT
“그냥 한 봉투에 버려도 재활용 되잖아요”…납 10배 차이가 반박했다[후암동 논문 연구소],IT
"젠슨 황 삼겹살값 누가 냈나…이해진, ‘네이버페이’로 골든벨 울렸다",IT
GPU부터 HBM칩·붕어빵까지…선물 잔뜩 뿌린 젠슨 황,IT
"젠슨 황 만난 이해진…네이버, 엔비디아와 'AI 동맹' 과시 [현장+]",IT
"""이번엔 이해진이 쐈다"" 젠슨황 삼소회동, '네이버페이'로 '골든벨'",IT
"[팩플] 삼겹살 회식서 만난 네이버·엔비디아, 3년 간의 밀착 협력",IT
"“물을 왜 돈 주고 사 먹어” 30년 전까지 불법이었던 ‘생수’…알고 보니, 골칫덩어리 [지구, 뭐래?]",IT
"젠슨 황 홍대 ‘삼소 회동’ 건배사는 “Go 코리아, SK, LG, 네이버”",IT
"'치킨 마니아' 젠슨 황, 2차는 치킨집… 1차 '삼소 회동' 계산은 이해진이",IT
"젠슨 황 ‘삼소 회동’에...“형님 제가 쏠게요” 네이버 깜짝 등판, 무슨 일?",IT
"젠슨 황, 홍대서 최태원·구광모·이해진과 '제2 깐부회동'",IT
"셀럽의 행보 젠슨황…낮엔 페이커, 밤엔 재계 총수들과 삽겹살 회식",IT
"젠슨 황, 공항 사인에 PC방·삼소까지…넘치는 '한국 사랑'",IT
"""막내가 구울게요~"" 삼소회동서 직접 고기 굽는 구광모 LG회장",IT
"젠슨 황 '삼쏘 회동' 밥값은 누가?…네이버 ""형님 제가 쏠게요"" SNS 깜짝 마케팅",IT
"피지컬 AI로 만든 비행사 로봇 ""조종사처럼 하늘 난다""",IT
"[단독] 젠슨 황, '삼소 회동' 끝나고 노래방 간다",IT
"파이슨, AI 인프라 지원 위한 스토리지 전략 제품 공개",IT
"젠슨 황, 최태원-구광모-이해진 총수와 홍대서 '삼소' 회동",IT
"젠슨 황, 홍대 삼겹살집 도착해 총수들과 회동… 소맥은 ‘테슬라’",IT
"[속보]젠슨 황, LG 구광모·SK 최태원·네이버 이해진과 회동 시작",IT
"젠슨 황 방한에 들뜬 AI 업계…""엔비디아 생태계 종속 경계해야""",IT
"T1에 사인 유니폼 전달했던 젠슨 황, 이번엔 페이커 사인 유니폼 받았다…‘쉿’포즈까지 소화",IT
"젠슨 황과 총수들 '삼소 회동', 막내 구광모가 고기 굽고 냅킨 가져왔다",IT
“두쫀쿠 아직도 잘 팔려” 이 말 믿었는데…유행 지난 메뉴 덜컥 팔았다간 ‘큰 낭패’,IT
"카카오게임즈, 라인게임즈 출신 사내이사 선임…공동대표 체제 예고",IT
“‘게임 체인저’ 수많은 생명을 구할 것”…세계 최초 ‘AI 설계 백신’ 첫 인간 임상 통과,IT
"""젠슨 황 보고 싶어요""…불금 홍대서 ‘형님회동’ 시작 전부터 인산인해",IT
'선물 꾸러미' 예고한 젠슨 황 섰던 자리에서 최태원 응답했다 “기회 있을 것”,IT
"""젠슨황 오는곳마다 주가 뜨네"" … '동선 추적 사이트' 인기몰이",IT
"PC방서 페이커 만난 젠슨 황 …""PC게임 없인 지금의 엔비디아 없어""",IT
AI가 촉발한 글로벌 전력난…핵융합 상용화 시간이 빨라졌다,IT
"""제조 역량 활용땐 '한국판 웨스팅하우스' 나올 것""",IT
메모리 가격 상승 속 '가성비 업그레이드' 카드 꺼낸 AMD,IT
"""스페이스X 상장땐 빅테크서 950억弗 이탈""…K반도체株도 비상",IT
젠슨 황 “15억쯤 나갈지 모른다”…페이커 만난 PC방서 뿌린 선물,IT
페이커 만난 젠슨 황 “PC 게이밍은 엔비디아 모태”…K게임 손잡고 AI PC 승부수,IT
"[유미's 픽] 작년 경주 빅딜서 빠졌던 LG…구광모, 젠슨 황과 'AI 판' 다시 짜나",IT
"DGIST, 한국판 '일론머스크' 만들기 프로젝트 시동",IT
"""삼소 회동 궁금해"" 마포 고깃집 앞에 젠슨 황 보려는 구름 인파",IT
"홈플 노조 ""김광일 MBK 부회장 고가 차량, 법인등록 여부 조사해야""",IT
‘젠슨황♥페이커’ PC방에서…대기업 총수 다 제치고 가장 먼저 만났다 [영상],IT
"세상에 없던 '조만장자' 머스크, 첫 주인공 된다",IT
[DD퇴근길] 홍대에 뜬 젠슨 황…깜짝 선물 보따리 푼다,IT
"PC방 찾은 젠슨 황 ""한국, e스포츠 발상지…내게 각별한 나라""(종합2보)",IT
"젠슨 황, 방한 첫 일정 '페이커'…""한국이 e스포츠 만들어""[현장+]",IT
"젠슨 황, 홍대 PC방서 '새 AI 노트북' 띄웠다…교환권·사인 그래픽카드 선물",IT
"페이커 만난 젠슨 황 ""K-게임이 지포스 키웠다""",IT
"젠슨 황 사로잡을 'K결제'…이해진, '페이스사인' 선보인다",IT
젠슨 황 “메모리 3사 HBM4 퀄 통과…양산 진행 중”,IT
"페이커에 RTX 5090 선물한 젠슨 황…""韓 게임 열렬한 팬""(종합)",IT
"""쉿, 이건 미출시 제품입니다"" PC방서 페이커 만난 젠슨 황 ""AI시대로 이끌어줄 것""[르포]",IT
"엔비디아, 韓 R&D 센터 짓는다…젠슨 황 “이미 인력 채용 중”",IT
"“게임은 엔비디아의 시작”… 젠슨 황 방한 첫 일정, ‘페이커’ 만났다",IT
"한국판 팔란티어 도전장…네이버, 국방 AI 전담조직 띄운 이유",IT
피시방서 페이커 만난 젠슨 황 “게임은 엔비디아 출발점”,IT
"""K-게이머가 날 키웠다""…젠슨 황, 입국 첫발에 페이커 찾은 이유",IT
"[현장]홍대서 페이커 만난 젠슨 황 ""엔비디아 GPU, 한국이 키워""",IT
[단독] 젠슨 황 “PC게임은 엔비디아의 모태… 방한때마다 PC방 가려고 고려”,IT
"엔비디아 젠슨 황, PC방서 페이커 만났다...“한국은 e스포츠 발상지”",IT
젠슨 황 “한국은 e스포츠 발상지”…페이커에 선물도,IT
"PC방 찾은 젠슨 황 ""한국, e스포츠 발상지""(종합)",IT
"“YTN DMB 지분 한도 초과”…방미통위, 경남기업 고발키로",IT
"DGIST, AI대학 신설…AI 응용인재 200명 키운다",IT
"""매우 특별해""…젠슨 황, 총수들보다 '이 사람' 먼저 만났다 [현장+]",IT
"""15억 이상 가치""...젠슨 황, 페이커와 함께 사인한 '이것' 깜짝 선물",IT
“대체 얼마인지 감도 안 온다” 젠슨황·페이커 사인한 ‘이것’ 당첨된 시민,IT
"다크포럼스에 등장한 '개인정보 판매' 주장글…해당업체 ""우리 데이터 아냐""",IT
“삼성·SK도 합류한 앤트로픽 미토스”… 글로벌 빅테크 ‘AI 보안’ 경쟁 본격화,IT
“미국 이어 유럽도”…‘단계적 동물실험 폐지’ 로드맵 발표,IT
"젠슨 황 ""한국에 '깜짝 선물' 있다""...페이커 만남→'삼소' 회동 광폭 행보",IT
"[단독]티빙 해킹범 DB 침입 확인…""단순 개인정보 유출 아냐""",IT
"‘롤 황제’ 페이커 만난 젠슨 황, 사인 새긴 ‘미출시 그래픽 카드’ 증정 이벤트",IT
"젠슨황, 배경훈 부총리도 만난다…‘GPU 보따리 풀까’",IT
"삼성, 올해 폴더블폰 3종 500만~600만대 출하 목표...폴드8·와이드폴드에 기대",IT
[뉴스1 PICK]'안녕하세요' 외치며 입국한 젠슨 황,IT
"금속탐지기로 발견한 로마 시대 황금 반지…""전례 없는 발견""",IT
젠슨 황 첫 일정...T1 PC방서 페이커 만나 “韓이 E스포츠 발상지”,IT
"KT, 5G·LTE '통합요금제' 출시…105종→18종 간소화",IT
가죽 재킷 벗은 젠슨 황이 선택한 브랜드는?…삼소를 먹어도 명품룩,IT
[AI 고속도로] 국산 클라우드-NPU 연합 생태계 본궤도…정부 육성정책 결실 맺나,IT
"[속보] 젠슨 황, 동교동 PC방 도착... 기다리고 있던 페이커와 만났다",IT
"[비즈톡톡] 한국IBM, 적자날 땐 475억 배당하고 흑자날 땐 배당 안 한 이유는",IT
"젠슨 황x페이커 만나는 'T1 베이스캠프', 방문 전부터 후끈",IT
[가보니] 젠슨 황 뜨자 김포공항 들썩…팬들과 셀카·사인까지,IT
"젠슨 황 ""한국에 깜짝 놀랄 선물 준비…투자 관심사는 로봇공학""(종합)",IT
젠슨 황 기다리는 동교동 PC방... 페이커 2시경 도착,IT
유출 규모·암호 방식도 깜깜이…티빙 '해킹 사태' 미궁 속,IT
HBF 시장 노리는 후공정 장비업계…국내외 기업 모두 참전,IT
젠슨 황 “한국에 깜짝 선물 준비돼 있어”,IT
"젠슨 황, '하이트진로'vs'롯데칠성' 술 선택은?...유통업계 촉각",IT
공룡 사라진 뒤 유럽 누빈 거대 소 발견 [사이언스 브런치],IT
"""젠슨 황을 기다리며""…홍대 삼겹살집 앞에 선 사람들 [르포]",IT
SKT·KT·LGU+ 5G·LTE 통합요금제 출시…연령혜택 자동적용,IT
"""사람은 믿지만, 로봇 눈은 불신""…아이들 ‘시선 실험’했더니",IT
"스페이스X 상장 임박…머스크, 인류 첫 1544조원 자산가 되나",IT
"""뮤직비디오 한 편에 5억? AI로 500만원에 만들었다""",IT
[기고] 누가 카카오모빌리티의 미래를 막았는가,IT
"HD현대, SMR 추진선 개발 확대…자동차운반선 개념설계",IT
"30년 장수 ‘포켓몬’, 사람들은 왜 포켓몬에 열광할까",IT
새 시장 열린 양자내성암호…보안업계 '선두 잡기' 사활,IT
"정부, KT스카이라이프 7년 재허가",IT
"영풍·MBK, 고려아연 사외이사 공개 추천 제안…자체 추천 포기",IT
개인정보 털려 티빙 이용권 받았는데…“여기서 또 털리다니”,IT
"YMTC, 1분기 낸드 점유율 13%…키오시아·마이크론 턱밑 추격",IT
"젠슨 황, 한국 오자마자 회장님들 제치고 페이커와 PC방",IT
"[AI는 지금] 메타, AI 모델 공개 또 연기…1450억 달러 투자 회수 '안갯속'",IT
"카카오게임즈, 김태환·이시우 공동대표 선임",IT
“놀라운 조종 실력”…세계 최초 ‘로봇 파일럿’ 등장,IT
“아파트 무료로 청소해준다” 수천명 몰렸는데…AI 학습에 활용한다는 스타트업,IT
"젠슨 황 ""페이커 팬"" 한국 오자마자 PC방 간다…저녁엔 총수들과 '삼소 회동'",IT
컴퓨텍스 2026 폐막…젠슨 황 AI PC 청사진·韓 AI 동맹 돋보여,IT
이해진-젠슨 황 7개월 만에 재회⋯'AI 협력 시계' 빨라질 듯 [IT돋보기],IT
비 안 와도 ‘장마철’…기상학계 ‘장마’·‘장맛비’ 용어 손질,IT
장마 설명때 나오는 '오호츠크해 고기압'→삭제된다 [지금은 기후위기],IT
美·EU 동물실험 퇴출 본격화… K바이오에 기회 찾아온다,IT
"젠슨 황, 방한 첫 일정은 T1 PC방…페이커 만난다",IT
"항암제 내성 전이암 잡는 신물질 발견…""게임 체인저 작용 기대""",IT
"젠슨 황, 방한 첫 일정은 ‘페이커’…T1 선수단 만난다",IT
"젠슨 황, 방한 첫 만남은 '페이커'…T1 PC방 찍고 재계 '삼쏘 회동'",IT
"백종원, 1년 만에 유튜브 복귀…첫 영상은 ‘요리비책’",IT
"젠슨 황, 홍대 PC방에서 페이커 만난다",IT
"삼성전자 최대노조, 과반 지위 상실…'노노 갈등'에 조합원 이탈",IT
"성수 아닌 홍대였다…젠슨 황, 최태원·구광모·이해진과 삼겹살 회동",IT
[AI는 지금] 애플 메시지에 AI 에이전트 첫 진입…'AI 통행세' 시대 열리나,IT
"핸디소프트, '폴라리스AI핸디'로 새 출발…문서·피지컬 AI 품는다",IT
"매각 카카오게임즈, 대표 전격 교체",IT
"""AI 시대 폭증하는 데이터, 고용량 HDD에 담는다""",IT
"韓, 캐나다 ‘수소 트럭’ 투자 제안…차세대 잠수함 수주 연계",IT
이론을 현실로…'체급'으로 기초과학 이끄는 포항 4세대 방사광가속기,IT
"요금 단순화·QoS 확대…이통3사, 통합요금제 출격(종합)",IT
"'깐부'에서 '형님'으로…젠슨 황의 두 번째 한국, 달라진 것들",IT
"하루에 420억원, 100년을 써야 재산탕진…조만장자 앞둔 머스크",IT
"'깐부' 이어 '삼소'…젠슨 황, 오늘 홍대서 재계 총수 회동",IT
美서 60년 만에 '살 파먹는 구더기' 재등장…인간도 위험할까,IT
"메타, AI모델 개발자용 도구 출시 지연… “수익화 계획 차질”",IT
"[단독] 홍대 찾는 젠슨 황, PC방서 '롤 황제' 페이커 만난다",IT
"1년 일하려다 11년, 고생 많았다…화성 탐사선 ‘메이븐’ 임무 종료",IT
20대 홀린 '2초 일상 SNS' 셋로그…지난달 780만명 몰렸다,IT
"이재명 정부 1년, 혁신성장정책 어땠나…성적표 매겼더니",IT
"젠슨 황, 홍대서 총수들과 삼겹살 회동 예정",IT
"""삼성, 갤럭시Z플립 8에 듀얼 칩 검토""…원가 절감 노리나",IT
"KT, 105→18종 요금제 축소…데이터 ‘안심 옵션’ 전면 도입",IT
"'젠슨 형 보러 홍대갈까'...'삼소' 회동 식당 ""예약 마감""",IT
"클래시스, 제프리스 헬스케어 컨퍼런스 참여 ... K미용기기 알렸다",IT
'맥북 울트라'로 돌아온다…애플 첫 OLED 맥북 프로 윤곽,IT
"젠슨 황, 오늘 SK·LG·네이버 총수와 홍대서 '삼겹살' 회동",IT
"""AI, 2030년까지 매년 에펠탑 250개 맞먹는 폐기물 유발""",IT
“톰크루즈 못잖은 놀라운 조종 실력”…세계 첫 로봇 파일럿 등장,IT
삼성 차기 폴더블폰 ‘갤럭시Z폴드8 울트라’ 유력,IT
"코어라인, 유럽 폐암검진 AI 평가 1위권…독일 국가검진 수혜 기대",IT
"AI 안경 1500만대 시대…구글·삼성, 메타 추격 나선다[모닝폰]",IT
"MS, AI 에이전트 검증·통제 기준 제시…""정책 위반 차단""",IT
"[인터뷰] 모하메드 아와드 Arm ""자체 CPU 없는 빅테크 겨냥…인프라 최적화가 핵심""",IT
전시장 바닥에 앉아 쉬는 젠슨 황 포착 …소탈한 '호랑이 경영자',IT
한배 탄 라인게임즈와 카카오게임즈,IT
"""연봉 조금 적어도 성과급 주는 회사 다닐래요""",IT
문닫는 美 전문직(H-1B)비자…엔비디아만 ‘숨통’ 열어뒀다,IT
"[인터뷰] 해밀턴 WD 디렉터 ""NVMe-oF, HBM 부담 덜 SSD 확장 계층 될 것""",IT
선 없는 GPU의 비밀…젠슨 황이 마벨을 띄운 이유,IT
"""내 정보 털려서 티빙 구독권 받았는데, 거기서 또 털리다니""",IT
"""우리 딸 반친구 절반이 걸렸대요""…수족구병 유행 주의보",IT
"스페이스X “AI 데이터센터, 결국 우주로 간다…우린 우주 AI인프라 기업”",IT
"[사이언스카페] 몸에 뿌리는 모기약, 오히려 유인제 될 수도",IT
‘저승사자’ 한동훈 당선에 업스테이지 초긴장… 국민성장펀드·국가대표 AI 어쩌나,IT
[체험기] 韓 상륙한 메타 AI 안경 써보니… 말 걸면 그림 설명·번역 ‘척척’,IT
[비욘드 미토스①] 앤트로픽 '글래스윙'에 올라탄 한국…AI 사이버방어 새 국면,IT
"""경쟁사 속도전에 자극받았나""…애플, 비전 프로 접고 안경으로 급선회",IT
"'젠슨 황이 주목한 용접로봇용 AI' NC AI, 한화오션과 개발",IT
"[사이테크+] ""우리은하 중심 블랙홀은 현재 활동중…'바람' 분출 흔적 발견""",IT
물의 비밀부터 신소재까지… 과학 난제 해결사 된 ‘포항의 빛’,IT
"AI 글라스 써보니… 미술관 명화 해설부터 번역까지, ‘일상 속 비서’",IT
"불붙은 AI 글라스 전쟁, 메타 독주에 삼성-구글 연합 맞불",IT
"젠슨 황, 한국 게임사 왜 만날까… AI 노트북, 피지컬AI 플랫폼 확장 노리는 듯",IT
"젠슨 황, 오늘 방한…K-게임사 대표들과도 연쇄 회동",IT
"삼성전자-넷리스트, 美특허분쟁 확전...HBM도 쟁점",IT
"“인스타도 이제 끝인가”…월 6000원 내면 ‘이것’까지 가능, 누리꾼 탄식",IT
“새로운 곳 찾을까” “아는 맛집 또 갈까”… 여행지 식당 선택법 수학으로 풀었다,IT
머스크 꿈 산다면 2700조…리스크도 감안 땐 1200조,IT
"""AI반도체 세계 선도 가능...피지컬AI와 '원팀' 이뤄야""",IT
"“명품도 아닌데 ‘69만원’ 짜리 안경”…이걸 누가 사나 했는데, 실제로 써보니",IT
"젠슨 황, 5일 오후 1시 김포공항 도착 후 '삼소 회동' 예정",IT
"""너무 비싸니까 깎아줘""…'30조' 돈벼락 맞은 직장인 향한 곳",IT
한국 직장인들 '연차' 얼마나 쓰길래…'뜻밖의 결과',IT
영수증 사진 찍으면 알아서 1/n…아이폰에 ‘더치페이’ 기능 생긴다,IT
1분기 낸드 시장서 삼성 1위·SK 2위…中 YMTC는 13% 돌파,IT
"‘옷깃만 스쳐도 주가 오른다’ 한국인들 난리더니…7만명 ‘우르르’ 몰렸다, 무슨 일이",IT
“오늘 뭐 먹지?”…50년 전 천재 물리학자가 알려준 정답 [일상다과학],IT
"시놀로지 ""스토리지에 AI 결합해 데이터 관리 더 쉽게""",IT
"바이오 파업, 반도체만큼 치명적… '연속공정 보호' 인정할까",IT
연구실 밖으로 나온 'K-AI 칩'…英선 교통약자 돕고 지리산에선 산불 잡는다(종합),IT
"웨이저자 회장 ""삼성전자가 TSMC 추월? 아직은 꿈""",IT
"퀄컴, 컴퓨텍스 2026서 '드래곤플라이' 랙 모형 공개",IT
삼성은 'HPB' SK는 'iHBM'…HBM5 발열 관리 기술 승부처,IT
"'저가폰의 비애'… 제조사들, 부품값 급등에 ""남는 게 없다"" 손절",IT
"이번엔 삼겹살 회동…젠슨 황, 성수동부터 간다",IT
"“징징대지 말고 퇴사”… 삼성전자 메모리 신입, 파운드리 20년 차 선배 조롱 ‘논란’",IT
"젠슨 황, '대상혁'도 만난다…페이커 회동 타진, 이유는?",IT
엔비디아 젠슨 황이 K-게임사 찾는 이유…'피지컬AI' 협력 가능성↑,IT
"양계장·드론·콜센터까지…국산 AI반도체, 산업 현장 파고든다",IT
"NHN, 순이익 돌아오자 PBR도 뛰었다…1배 회복 시험대",IT
"절치부심 MS, 논란의 위상 양자컴 '마요라나' 후속작 공개",IT
"김성환 기후부 장관 ""지역별 전기요금 곧 공개…석화·철강 수혜""",IT
"""전기 없어요""… 美데이터센터 절반 첫삽도 못 떠",IT
"넷마블, 구로 '지타워' 6977억원에 매각…과천 신사옥 이전",IT
"김정수 회장, 삼양식품 지분 20만주 자녀 증여…오너 3세 전병우 2.87% 확보",IT
"젠슨황, '대상혁' 만난다…韓 게임 애정으로 페이커 회동 타진",IT
"[이준기의 D사이언스] “탄소중립, 기술보다 속도가 관건”… 시장 진입 문턱 낮춰야",IT
"""엔비디아 의존 줄여라""…K-AI칩 생태계 커진다",IT
죽었지만 살아있네…5300년 된 ‘아이스맨’ 미라서 고대 미생물 발견 [핵잼 사이언스],IT
"[단독] 오치영, 지란지교 재편 속도…지란지교데이터, 6년 만에 소프트로 흡수합병",IT
11만원 넘던 도수치료 4만원에 받는다…年 15회 이상 치료 '불가',IT
"성과급 갈등에 삼성전자 초기업노조, 과반 노조 지위 상실",IT
“이 음식 칼로리 계산해줘”“총 510입니다”…일상으로 들어온 메타 스마트 글래스,IT
"오스코텍, 다음 주력 분야는 ‘항내성 항암제’",IT
[르포] 젠슨 황 '컴퓨텍스 2026' 중심⋯나란히 선 한국 기업들,IT
"카카오게임즈, 김태환·이시우 공동대표 체제로 전환한다",IT
도수치료 ‘무제한’ 못 받는다…주 2회·연 최대 24회 제한,IT
글로벌 WFE 전망치 줄상향…국내 전공정 장비사 '훈풍' 기대감,IT
"이노스페이스, 0.4톤급 메탄엔진 지상연소 420초 국내 처음 달성",IT
"선거 끝, 외식 가격 줄인상…""예고된 수순""",IT
[DD퇴근길] 또 빗나간 지상파 출구조사…샤이보수 표심 놓쳤다,IT
"젠슨 황, ‘롤 황제’ 페이커 만난다… 韓게임사도 연쇄 회동",IT
라인 품에 안기는 카카오게임즈…김태환·이시우 공동대표 체제 검토,IT
"넷마블, '구로 랜드마크' 지타워 판다…자산 전략 재편",IT
"NC AI, 한화오션 선박 용접 로봇 '두뇌' 맡는다",IT
"안경쓰면 AI가 답해주는 시대왔다…메타, AI안경 韓 출시",IT
"[팩플] 젠슨 황은 왜 K스타트업, K게임사 만나나",IT
"‘동분서주’ 최태원 회장, 엔비디아·TSMC 이어 폭스콘 회장도 만났다",IT
티빙도 개인정보 털렸다…해킹 충격에 ‘넷플 대항’ 좌초되나,IT
"""헤이 메타"" 부르자 번역·코디 척척…메타표 'AI 글래스' 써보니",IT
AI 서버 다음은 ‘공장’… 컴퓨텍스 2026서 드러난 대만의 ‘AI 제조’ 야심,IT
"게임이 로봇 훈련장?…젠슨 황, 크래프톤·엔씨에 '러브콜'",IT
"넷마블, 지타워 매각…2028년 2분기 과천으로",IT
[데스크라인]'K-보안'에 거는 기대,IT
[뉴스줌인] AI 보안 주권 확보 나선 'K-글래스윙',IT
"""페이커"" 외쳤던 젠슨 황, '롤 황제' 이상혁과 깜짝 만남 타진",IT
"넷마블, 구로동 사옥 ‘지타워’ 6977억원에 매각",IT
'젠슨 황' 성수동 회동 이어 사옥 미팅까지…'이해진 AI 올인',IT
"랜섬웨어, 데이터 협박으로 진화…양자암호까지 손댔다",IT
'젠슨 황 랠리' 하루천하였나…엔씨 상승분 반납·크래프톤 소폭 상승,IT
"젠슨 황, 7일 잠실서 시구… 박정원 두산 회장은 시타",IT
“식탁 위 음식은 500kcal” 뿔테 선글라스에서 답변이 흘러 나왔다,IT
‘1조 기술수출’ 오스코텍...윤태영 대표 “3년 내 또 성과낼 것”,IT
"삼성·현대차·LG·두산, 美 최대 로봇 전시회 총출동",IT
"달에서 쓰려던 초소형 원자로, 대통령 관심에 군사용으로 먼저?",IT
"약가인하 두달 앞으로…제약사, 매출 20% 감소 예상 속 방어 총력",IT
중국판 팰컨9 떴다…재사용 로켓 '창정 12호B' 깜짝 발사 [우주로 간다],IT
"이통사, 통합요금제 맞춰 온라인 요금제 20~50% 줄인다",IT
AI 쓰면 빨라질 줄 알았는데…IBM “개발 전 주기 최적화해야 진짜 생산성”,IT
"AI 수석·AI전략위 부위원장 빈자리, 누가 채우나… '디플정 라인' 하마평 무성",IT
[AI는 지금] 모델보다 플랫폼…기업 AI 에이전트 전략 바뀐다,IT
"이노스페이스, ‘경량화’ 메탄엔진 핵심 기술 개발…420초 지상연소시험 성공",IT
"파두, Gen6 SSD 컨트롤러 최초 공개… 아시아 시장 공략 속도 [컴퓨텍스 2026]",IT
"젠슨 황, 크래프톤과 AI·칩셋 협력 논의…페이커도 만난다(종합)",IT
"카카오 노조 ""카카오엔터프 임단협 결렬…경영진 책임 회피가 원인""",IT
사상 최대 잭팟 노리는 스페이스X…몸값 거품 경고음도 나와,IT
"라온시큐어, 양자보안 금융권 첫 발…KDB생명에 양자내성암호 공급",IT
"반도체 기판 '대목' 맞은 LG이노텍, 베트남에 공장 증설 나선다",IT
"LG이노텍, 베트남에 반도체 패키지 기판 신공장 투자…'생산지 이원화' 첫 걸음",IT
"LG이노텍, 베트남에 반도체기판 공장 세운다…""생산지 이원화""",IT
"LG이노텍, 베트남에 첫 반도체 기판 공장…""4년내 매출 3조""",IT
"""스마트폰보다 낫다""…제니 쓴 'AI 안경' 메타가 미는 이유 [현장+]",IT
삼성 LPDDR5X-PIM 사용한 AI칩 내년 나온다,IT
한국투자증권이 코인원 택한 이유…'이것',IT
"코인원, 한투證·OKX 품었다…‘4자 연합’ 구축",IT
"최태원, 젠슨 황 이어 TSMC·폭스콘 회장 연쇄 회동…AI 동맹(종합)",IT
지구가 지금처럼 산소 많은 행성 된 이유는 이것 덕분? [지구를 보다],IT
[단독]연구원 퇴근해도 로봇이 밤샘 실험…국내 첫 AI 신약 개발 자율 실험실 가보니,IT
"젠슨 황, 내일 방한… ‘반도체 깐부’ 넘어 엔비디아-韓 ‘피지컬 AI 동맹’으로",IT
"전세기 입국 젠슨 황, ‘삼쏘회동’부터 시구까지…‘AI 담판’ 나흘 강행군",IT
[6·3 지방선거]서울 자치구청장 민주 17곳·국힘 8곳…4년 만에 판세 정반대로,IT
"카카오 노조 ""(사측과) 교섭한 적 없어""...2차 조정 결렬 이후 '교착상태'",IT
스페이스X 참여 가능성은…美 5G 주파수 입찰 열기 '미지근' [IT클로즈업],IT
"젠슨 황, 내일 오후 5시 전세기 타고 김포공항 입국",IT
"홈플러스, 휴점 37개 점포 결국 문 닫는다…희망퇴직 실시",IT
"분당차여성병원, 복부에 구멍 하나 뚫어 난소·담낭 동시치료",IT
대장암 항암치료제 내성 원인 찾아…떨어진 약효도 되살리다,IT
"'연속공정' 중단 시 치명적 손실...法, 삼성바이오 특수성 인정할까?",IT
"브로드컴 ""HBM 물량 2029년까지 확보 계획""",IT
"‘아르키메데스 스크류’ 닮은 나노선, 전자를 나르는 ‘양자 펌프’ 된다",IT
"휴머노이드 플랫폼 푼 젠슨 황, 韓 스타트업 만난다",IT
[컴퓨텍스 2026] 한미반도체 첫 참가… 글로벌 AI 반도체 공급망 정조준,IT
"[르포] LGD ""OLED 게이밍 모니터 수요 못 따라가""…中 추격에도 자신감",IT
"“엔비디아 칩에 MS 영혼 얹었다”… 30년 동맹, AI 시장 표준 독점 선언",IT
AI 수요에 낸드 시장 역대 최대…삼성전자 1위 수성,IT
"카카오 노조, 파업 전 연일 회사 압박…""교섭 결렬은 경영진탓""",IT
"[단독] 티빙 CI 유출, 2차 피해 우려에…방미통위, 긴급 실태점검",IT
"델, 컴퓨텍스에 코어 시리즈3 노트북 신제품 'XPS 13' 전시",IT
"애플, 구글 제미나이 품은 새로운 ‘시리’ 9월 출시 전망",IT
"中 배터리, 해외 전기차 시장서도 훨훨…후발주자 세 자릿수 성장세",IT
"‘대표 교체’ 단행 카오게임즈, 하반기 분위기 반전 나선다",IT
"슈퍼마이크로, 1GW급 'AI 팩토리' 청사진 공개…에이전틱 AI 인프라도 강화",IT
"[단독]젠슨 황, T1 찾는다…롤 황제 '페이커'와 만남 추진",IT
[써보니] 말 걸면 답하는 메타 AI 안경…스마트폰 넘본다,IT
“챗GPT에 ‘고맙습니다’ 줄이면 전기차 서울~부산 74만번 왕복 전력 아낀다”,IT
100배 넓은 시야로 지구 밖 본다…‘로만 우주망원경’ 8월30일 발사,IT
"""나랏돈을 왜 과학자한테 줘야 합니까?"" 뼈아픈 질문에, 이렇게 답했다",IT
시스코 “AI 투자 멈추면 멸종”[시스코 라이브 2026],IT
"[속보] 젠슨 황, 5일 전세기 타고 방한…‘삼겹살 회동’·스타트업 간담회 참석",IT
‘교육감’ 방송 3사 출구조사도 예측 빗나가…직전 선거 ‘100% 적중’ 신화 깨져,IT
"보령, 오리지널 항암제 탁소텔 영업 양수…제네릭 ‘디탁셀’ 매각 진행",IT
"""신입도 30분 만에""…한국IBM, AI 개발 파트너 '밥' 공개",IT
"[현장] AI가 코딩해도 배포는 왜 늦을까…IBM, SW 전 과정 조율하는 'IBM 밥' 공개",IT
임무 끝나면 스스로 사라진다…서울대 '소멸 로봇' 기술 개발,IT
"과일 먹던 유인원-고기 먹는 인류 가른 원인, 알고 보니[사이언스 브런치]",IT
"[혁신기업] 엔비디아·델도 ""K-빅테크""… 네이버클라우드, 글로벌AI 도전",IT
"""3초면 답변 뚝딱""…韓 상륙 메타 ‘AI 글래스’ 써보니",IT
"""헤이 메타 한마디면 OK""…내 시선과 티키타카하는 'AI 안경'",IT
"14년만의 ‘6월 태풍’ 장미 日 상륙, 우주서 봤더니 [우주서 본 지구]",IT
"유라클 경영진, 자사주 장내 연쇄 매수로 '책임경영' 선포",IT
"[컴퓨텍스 2026]LGD, '黑'으로 게이밍 OLED 시장 잡는다",IT
"[단독] LX세미콘, 현대차 공급망 합류…제네시스향 차세대 ADAS칩 개발 협력",IT
"애플, 비전 프로 접나…차기 애플 CEO, 스마트 안경에 올인",IT
"코인원, 컴투스·한투·OKX 품고 디지털금융 플랫폼 도약 시동",IT
40대도 떠나고 5060만 남았다…'고령화' 된 포털 정치 댓글창 [분석+],IT
"바이오·핵융합·이차전지에 AI 심는다…과기정통부, '과학기술 AI' 개발 착수",IT
티빙 해킹사고로 CI 정보도 빠져나갔다는데…괜찮을까,IT
1조 달러짜리 회사가 두개? '스페이스X' IPO 앞둔 머스크 꿈과 현실,IT
"유라클 경영진, 주식 2만8020주 장내매수…AI 전환 자신감",IT
"[현장] 배경훈 부총리 ""독자 AI 완성 위한 핵심 기반 마련""…'K-AI 반도체' 확산 주력",IT
삼성 갤럭시 워치9에 생체 징후·심장 건강 점수 탑재,IT
"배경훈 부총리 ""젠슨 황, K-AI 반도체도 살펴봤으면""",IT
"젠슨 황, 크래프톤 장병규 만난다…로보틱스·칩셋 논의 가능성",IT
"유라클 경영진, 자사주 장내 매수…""AI 기업 전환 자신 있다""",IT
AI 시대에도 결국 화면… 대만서 OLED 미래 경쟁 나선 삼성·LG,IT
"“리벨리온 NPU 적용 수질정화 로봇, 중동서 러브콜”",IT
“며칠에서 몇 분 만에”…AI로 개발 전 과정 책임지는 'IBM 밥' 韓 출시,IT
“듣는 기기에서 디지털 잇는 포털로”…샥즈가 본 오디오 산업 변곡점,IT
젠슨 황 이어 TSMC 회장도 만난 최태원... AI 칩 공급 동맹 다져,IT
티빙 개인정보 유출 규모 공개 안 돼 파장 여전,IT
삼성전자·하이닉스·SKT·KISA ‘글래스윙’ 참여,IT
[단독] KT 중고폰 반납 ‘자회사 밀어주기’ 의혹… “더 비싸게 팔 소비자 권리 제한 우려”,IT
"젠슨 황, 韓 로보틱스 생태계에 '엔비디아 AI' 심는다",IT
"인텔, 컴퓨텍스 2026서 AI 에이전트·로보틱스 시연",IT
삼성·하이닉스도 앤트로픽 미토스 활용 AI 보안 협력,IT
"""AI 에이전트가 임원""…뤼튼AX, 기업 AX 자동화 승부수",IT
"비트코인, 또 2% 하락…'우군' 스트래티지 배신 때문?",IT
"젠슨 황, 크래프톤과 회동…피지컬AI·게이밍 협업 논의",IT
"화성 탐사선 ‘메이븐’ 역사 속으로…NASA, 임무종료 선언 [우주로 간다]",IT
"국산 AI반도체 400여억 수출…배경훈 ""엔비디아급 기술력""(종합)",IT
"넥슨 '아크 레이더스', 韓 PC방 무료화에 순위 급등…이용자 몰렸다",IT
"LGD ""1000Hz OLED 간다""…中 추격에 기술격차 자신 [컴퓨텍스 2026]",IT
50세 이하 발병률↑ ‘대장암’…항암제 내성 극복 단서 찾았다,IT
"삼성전자, 삼성헬스 개편...갤럭시워치 신제품 우선 탑재",IT
"국산 AI 반도체, 양산·상용화 본궤도…정부 ""독자 AI 핵심 기반""",IT
"""더 작게, 더 가볍게"" 이노스페이스, '핵심' 액체 메탄 엔진 기술 확보",IT
"이노스페이스 ""차세대 메탄엔진 핵심 기술 개발 완료""",IT
"젠슨 황, 크래프톤 만난다.... 휴머노이드·AI PC 협력 논의",IT
"UNIST, 나선형 물질 위상 전하 펌핑 작동 원리 규명",IT
"[단독] ‘헝가리 양산 코앞’ 에코프로, 성일하이텍 찾았다",IT
"삼성전자 초기업노조, 과반노조 지위 상실...성과급 격차에 1만8000명 이탈",IT
"PBS 폐지·예산복원 호평, '관료제 극복' 과제…과학기술 A-학점",IT
"NC AI, 한화오션 선박에 ‘자율 용접 로봇 AI 두뇌’ 장착한다",IT
"""젠슨 황 지금 어디에""…동선 추적 사이트 '북적'",IT
"‘팀코리아,’4조원 규모 美 루이지애나 천연가스 해양플랜트(FLNG) 수주",IT
"어머니는 시신기증, 아들은 뇌사 장기기증…한 가족의 특별한 유산",IT
"[AI 고속도로] ""GPU보다 뜨겁다""…달아오른 냉각 시장, 엑스너지 몸값에 '깜놀'",IT
"""투표용지가 없어서 못 찍다니""...선거 용지 부족 사태 법적쟁점과 전망은",IT
"젠슨 황, 크래프톤 장병규 만난다…게임사의 피지컬 AI 확장",IT
"국산 AI반도체, 양산·상용화 속도…정부 “독자 AI 핵심 기반”",IT
[서울데이터랩]개장 직후 인기 검색 종목 20選,IT
"과기정통부, 국산 AI 반도체 상용화 본격화…‘성장 포럼’ 개최",IT
"빨라진 '사람잡는 더위'…온열질환 벌써 185명, 1명 사망",IT
"한미반도체, 컴퓨텍스 첫 참가…차세대 HBM4 장비 공개",IT
K-AI반도체 실증 넘어 수출로…英·中 등에 3000만佛 계약,IT
"정부 ""K-AI 반도체는 AI 3대 강국 도약 기반""",IT
"한미반도체, 컴퓨텍스서 차세대 HBM 장비 총출동",IT
"셀트리온, 1000억원 자사주 소각 완료…연내 2조 규모 주주환원",IT
"시놀로지 ""AI 위협 확대... 백업도 진화해야 한다""",IT
"젠슨 황 ""수조 달러 기회""…엔비디아, 개방형 휴머노이드 로봇 발표",IT
국회로 돌아온 '방통위 투톱'…과방위·법사위 배치 촉각,IT
"구글, '젬마 4 12B' 출시…""음성·이미지 처리 간소화""",IT
"""말보다 행동"" 셀트리온, 2조 주주환원 ""주가 끌어올린다""",IT
"라온시큐어, KDB생명보험 등 금융사에 양자내성암호 공급 확대",IT
"셀트리온, 1000억원 규모 자사주 소각 최종 반영 ... 연내 2조 소각 추진한다",IT
당근 비즈프로필 단골 1000만 돌파…지역 가게 연결 강화,IT
앤트로픽 ‘미토스’ 접근 권한 확보…삼성·SK·KISA,IT
"美·英 링크드인 채용 제안 주의보...""알고보니 중국 스파이""",IT
"젠슨 황, 크래프톤도 만난다…피지컬 AI·AI 게이밍 협력 논의",IT
하품 전염은 엄마 뱃속에서부터 시작된다,IT
"'일베' 문 닫을까…이훈기 의원, ‘일베 금지법’ 발의",IT
보상부터 쌓인 웹3…'실사용 과제' 해결 노력 | 컴투스홀딩스②,IT
"[AI 고속도로] 구글, AI 데이터센터 전력에 '베팅'…발전사업까지 품는다",IT
"“화재 위험 원천봉쇄”…ETRI, ‘수계아연전지’ 상용화 난제 해결",IT
"""차세대 발사체 표준 잡아라""…이노스페이스, 메탄엔진 420초 연소 성공",IT
"파두, 컴퓨텍스서 Gen6 SSD 공개…올해 신규 수주 3000억 돌파",IT
"스페이스X, 美 IPO 새 역사 쓰나…""시총 2700조 목표""",IT
"국방 이어 조선까지…NC AI, 한화오션 자율용접 AI 개발 나선다",IT
"""패치해도 안 죽는다""...자동진화형 AI웜 등장[글로벌AI브리핑]",IT
"시놀로지 ""NAS용 운영체제 'DSM'에 AI 적극 통합""",IT
“에어팟 다음은 오픈이어…귀에 거는 AI 비서 온다”,IT
"이노스페이스, 차세대 메탄엔진 기술 개발…'국내 최장' 420초 연소 버텨",IT
"시스코, '클라우드 컨트롤' 공개…""인간·AI 에이전트 함께 일하는 시대""",IT
"[스페이스버드2] ⑦""우주의 무중력은 인체에 영향""…GIST서 그린 미래 우주",IT
"월급쟁이부자들, 새 CTO에 '김상효' 본부장 선임",IT
"NC AI, 한화오션 조선소에 ‘AI 용접공’ 투입한다",IT
"""갤럭시Z폴드8 울트라, 더 얇아진다…배터리 용량도 14%↑""",IT
"가온전선, 美 AI데이터센터 송전 케이블 시장 뚫었다",IT
서울시장 초박빙...개표 13시간 만에 오세훈 역전,IT
"이승진 메디포스트 美법인 대표 “FDA 단일임상, 근본치료제 도전 기회 열었다”",IT
"젠슨 황, '리니지' 엔씨 이어 '배틀그라운드' 크래프톤 만난다",IT
디앤디파마텍 MASH 신약 몸값 재평가…“선급금 3~5배 뛴다”,IT
"""전압 대신 회전으로 전자 옮긴다""…UNIST, 나선형 나노선 '양자 펌프' 작동 원리 규명[과학을읽다]",IT
"젠슨 황, 크래프톤 장병규 만난다…피지컬AI·칩셋 협력 논의",IT
"아이폰18 프로 배터리 큰 변화없다…""용량 1% 증가""",IT
"[단독] ""카톡방서 챗GPT 쓴다""…AI 힘주는 카카오",IT
"메디포스트 카티스템, 美 3상 1개로 끝낸다…'FDA 단일임상 허용'[only 이데일리]",IT
"NC AI, 한화오션에 ‘자율 용접 로봇 AI 두뇌’ 공급한다",IT
"로봇이 배도 만든다고?… NC AI, 한화오션 사업 최종 수주",IT
"스크류같은 1차원 나노선서 펌핑 현상 첫 규명…""고장없는 전자소자 가능할까""",IT
"UNIST, 1차원 나선형 물질 위상 전하 펌핑 작동 원리 이론 규명",IT
"최태원, 젠슨 황 이어 TSMC 회장도 만나…AI 반도체 협력 강화",IT
[챗ICT]네이버가 블로그·카페에 1조 베팅한 이유,IT
"[르포] ""3년 걸릴 줄 알았는데 벌써 여기까지""…600조 쏟아붓는 SK하이닉스 용인",IT
"민주당, 16곳 광역단체장서 12곳 확보...서울시장 초박빙",IT
"반도체, AI를 넘어 ‘피지컬’의 시대로 [트랜D]",IT
"초소형원자로 MMR, 한미 우주협력 새 카드 되나",IT
"""30년간 왜 가려운지 몰랐어요""…원인 '진단' 난치성가려움증센터 [K-메디컬리포트]",IT
"[비즈톡톡] 구글, 25년 만에 검색창 개편… 엉뚱한 답변에 이용자 평가 엇갈려",IT
식사 만족 극대화하려면...파인만의 ‘식당 메모’ 50년 만에 풀렸다,IT
"바이오도 중국 굴기…中 신약, 美 최대 암학회 메인 무대 올랐다",IT
[이재명 정부 1년]③'AI 3대 강국' 가시권 진입 성과...지속 가능한 생태계 구축은 과제,IT
"[이재명 정부 1년] R&D 정상화 첫걸음, 실행 필요하다",IT
블랙아웃 경고가 현실로…반복되는 유료방송-PP '사용료' 전쟁,IT
"“무릎 속 ‘천연 방석’ 반월상연골판, 손상되면 관절염 빨라질 수 있어”",IT
안방서 젠슨 황 맞는 네이버…이해진·최수연·김유원 총출동하나,IT
“AI 판 뒤집히면 민주주의 붕괴”…中에 쫓기는 美 ‘섬뜩 경고’ [팩플],IT
"""안방보단 해외인데""… 무대 고민하는 게임사들",IT
“35억 투자해 2조2000억 수익”…신들린 투자 주인공은 카카오,IT
수돗물 5분 끓였더니 미세플라스틱 90% 사라져,IT
[스타트업 리포트]'치매에도 골든 타임 있다' 치매 예방 앱 개발한 이준영 이모코그 대표,IT
포털은 네이버·AI는 챗GPT…한국인 92.5%가 쓰는 최애 메신저는?,IT
"끊기지 않는 SKT 초심경영, 40년 장기고객 직접 찾았다",IT
"‘콜 오브 듀티’ 신작에 소총 든 박 이병, 한국 배경으로 한 글로벌 게임 잇따라",IT
자동차 OS·보안 통신에 집중… 블랙베리 올해만 주가 130% 뛰어,IT
"눈에 띄면 규제 대상… AI, 안 보여야 산다",IT
“예약부터 요약까지 대화방에서 지시 끝”… 텔레그램 ‘AI 플랫폼’ 진화,IT
현실과 닮은 ‘그녀’… ‘공각기동대’ 실현도 머지않았다,IT
"가독성 좋아진 OLED, 사무용 모니터 시장 노크",IT
"MS, AI 독립 선언… 자체 개발 모델 대거 선보여",IT
택시 업계 “자율주행 택시하려면 면허 사라”,IT
"젠슨 황, 이번엔 피지컬 AI 파트너 찾는다",IT
“스팟·아틀라스 온다” 인력 충원하는 현대오토에버,IT
"[컴퓨텍스 2026]MS ""엔비디아 슈퍼칩 탑재 AI노트북 올 가을 출시""",IT
"설마했는데…“월드컵 전 경기 보려면 4900원 내세요” 전 국민 ‘우르르’ 몰린다더니, 네이버 결국 ‘유료화’",IT
양자컴 주도권 노리는 MS…'비밀병기 칩' 마요라나2 공개,IT
"""13년전 두나무 발굴 …2조 수익 실현""",IT
수학자들 “AI 능력 과신하지 말라... 냉정하게 평가해야”,IT
"치매 산업, 신약 경쟁 넘어 인프라 경쟁 단계 진입… '플랫폼 기술'이 핵심 승부처",IT
"""인터넷 없이도 AI 쓴다"" MS, 신형 PC 공개",IT
"K바이오 성장 과실, 美·獨 소부장이 챙겼다",IT
"""인텔·애플 M5 다 비켜""…퀄컴 '스냅드래곤 X2 엘리트' 성능 지표 '압도' [컴퓨텍스 2026]",IT
中게이머 홀린 엔씨 리니지2M·스마일게이트 카제나,IT
"개인용 AI 컴퓨팅 시대 열린다…젠슨 황 ""40년 만에 PC 재탄생""",IT
15國 판 커진 앤스로픽 ‘미토스’ 보안 실험… 삼성·SK·KISA 합류,IT
"민주 11곳·국힘 1곳 우세, 경합 4곳...지상파 출구조사",IT
"젠슨 황, K스타트업에 ‘깜짝’ 초대장 보냈다",IT
[단독] 엔비디아 주도 AI랜 총회 11월 한국서 열린다,IT
"BOE, 오는 17일 8.6세대 OLED 양산식…삼성D와 본격 양산 경쟁 시작",IT
"MS, 양자칩 '마요라나2' 공개…""양자컴 2029년 상용화""",IT
"LG전자, '中 생태계 활용' 전략 시동…로봇청소기 프리미엄·볼륨존 라인업 대거 확충",IT
"22년만에 시총 1위 내준 도요타, 2위마저 '흔들'…日도 AI 열풍",IT
"작년 ‘수퍼갑’으로, 올해는 ‘파트너 간택’하러 오는 젠슨 황...그가 풀어놓을 보따리는?",IT
가독성·번인 약점 잡고 사무용 시장 노리는 디스플레이 업계,IT
반도체 레이저 어닐링 공정 저변 확대…SiC·400단 낸드 적용 추진,IT
"“카톡은 못 떠나고, 쇼핑앱은 갈아탄다”…500조 플랫폼 시장 흔드는 속마음",IT
"中 딥시크, 텐센트·CATL로부터 11조원 조달 추진",IT
"印 암바니 제쳤다…바이트댄스 창업자, 아시아 부호 2위 탈환",IT
"'개인정보 유출' 티빙, 범인은 신원 미상의 해커…""깊이 사과""",IT
"""외산 AI 모델은 불안""…네이버·SKT·NC가 군대로 간 이유는",IT
우주에서 위성 데이터 처리···AI큐브위성으로 동유럽·아시아 시장 잡는다,IT
"""월 5500원 내면 더 보여줘요""…14만명 홀린 '수영복 그녀' 정체",IT
"‘미토스 보안동맹’에 KISA·삼전·하닉·SKT 포함된 듯…""국가 보안공백 해소 기대""",IT
"스페이스X, 2667조원 몸값 IPO 추진…美 증시 최대 기록 쓰나",IT
스페이스X 기점 韓 우주스타트업 웃나···우나스텔라 ·텔레픽스 등 주목,IT
'티빙'도 개인정보 유출…'CI'까지 털려 2차 피해 우려,IT
"국가AI컴퓨팅센터, SPC 이달 출범…본사는 해남·이사회 3자 구성",IT
삼성바이오 이어 셀트리온도 성과급 요구 태풍…바이오 투톱 경영진 위기관리능력 ‘시험대’,IT
"""CPU 물량 확보 전화 불난다""…'AI 시대' 극적 부활한 인텔",IT
가벼워진 ‘갤럭시 Z 폴드’…가로형 디자인으로 아이폰 폴더블 견제,IT
한국도 '미토스' 접근 가능…삼성전자·SK하이닉스·SKT·KISA 참여,IT
"길쭉한 폴더블폰 종말? 삼성, 애플, 화웨이 '여권폰 동상삼몽' [IT+]",IT
"앤트로픽, ‘미토스’ 보급 150개 기관으로 확대…삼성·SK도 참여",IT
"“스페이스X, 공모가 주당 135달러 제시”…기업가치 1조7500억달러 목표",IT
HBM부터 피지컬 AI까지… 컴퓨텍스 2026서 존재감 커진 한국 기업,IT
"오픈AI, 코덱스와 챗GPT 통합…기업 고객 공략 박차",IT
"MS, ‘오픈 AI 독립 선언’...자체 AI 모델 대거 공개",IT
"엔씨는 '리니지', 스마일게이트는 '카제나'…中 시장서 승부수",IT
"중동, 다시 긴장 고조되나…이란, 바레인·쿠웨이트 미군기지 타격 주장…미군 “모두 실패”",IT
‘푸바오 동생’ 쌍둥이 판다도 떠난다…올겨울 中 귀환 준비,IT
[유미's 픽] 6·3 선거판 달군 'AI 유치전'…데이터센터·제조 AX 현실화될까,IT
인텔 제온 7 다이아몬드 래피즈 공개…192코어 집적한다 [고든 정의 TECH+],IT
앤트로픽 '프로젝트 글래스윙'에 KISA·삼성·SK 포함,IT
"돈은 ‘AI 네이티브’로…챗GPT 前 유니콘들, 몸값 평균 52% 증발",IT
“로봇에 AI 붙인다고 피지컬AI 아냐…경쟁력은 산업 현장서 증명”,IT
해킹 괴물 미토스 접근권 얻었다…과기부·삼전닉스 ‘글래스윙 프로젝트’ 전격 합류,IT
"오늘이 제일 싸다? 끝 모르고 오르는 전자제품 가격, 왜 이럴까",IT
“코딩 도와줘” 했더니 40만원 청구서…AI 비용 절감법 찾은 개발자,IT
"'유증 추진' LB세미콘, ""내년까지 R&D 인력 2배로...반도체 후공정 확대""",IT
"앤트로픽, '미토스' 접속권 확대…삼성·SK 합류한 듯",IT
택시업계 “자율주행 택시하려면 면허 사라”… ‘제2 타다’ 되나,IT
"스페이스X, 경쟁사 폭발 사고에도 웃지 못하는 이유는",IT
"""없으니 불편하네"" 너도 나도 '탈팡' 난리나더니…인터넷 쇼핑 절반은 '쿠팡'",IT
"""엔비디아 RTX 스파크, Arm 윈도 PC의 전환점""",IT
"에브리봇, '휠리스 SLAM' 구현…자율주행 기업 노린다",IT
"마이크로소프트, 양자 칩 '마요라나 2' 공개…""신뢰성 1000배↑""",IT
미토스發 보안 수요 기대감…동시에 커진 인프라 비용 부담,IT
젠슨 황-최태원이 띄운 'AI 팩토리'…AI 공급 패러다임이 변한다,IT
세상에서 가장 강력하고 위험한 AI…한국에도 상륙한다는데,IT
비트코인 하루 만에 6% 넘게 급락…5만 달러 대 하락 전망도,IT
"통신장비사, 신사업 채비 속도…AI·군 위성·전장 확장",IT
"네이버·카카오도 막은 오픈클로, MS 손잡고 기업 시장 두드린다",IT
"스마트폰 다음은 ‘AI 배지’?…MS, 에이전트 전용 디바이스 실험",IT
"MS, 자체 AI 모델 7종 공개…오픈AI·앤트로픽에 정면 도전장",IT
"GLP-1 비만치료제 맞은 여성, 유방암 위험 30% 적었다",IT
"대기업 전산실 취급받던 SI, '몸값 100만원' 대반전",IT
챗GPT가 쏘아 올린 공...'구형 스타트업' 유니콘 무더기 탈락,IT
"[빌드 2026] MS, 자체 AI모델 7종 공개…“애저 AI칩에 최적화”",IT
"MS, 안정성 1000배 높인 차세대 양자 칩 ‘마요라나 2’ 내놨다",IT
"앤트로픽, ‘미토스’ 접근 권한 150개 기관으로 확대…삼성·SK도 합류(종합)",IT
한날한시 ‘AI 직원’ 꺼낸 MS·오픈AI…‘챗GPT 동맹’ 깨고 경쟁자로,IT
돼지 신장·간 ‘53살 뇌사자’에 동시 이식…5일간 정상 작동했다,IT
"깃허브, '코파일럿 앱' 공개…""AI 작업 통제권 강화""",IT
"9만→39만원, 1월에만 샀어도 ‘대박’…젠슨 황 효과 이 정도였어?",IT
[AI 고속도로] AI 서버 전성시대…델·HPE·슈퍼마이크로 고공행진,IT
"'미토스'가 바꾼 트럼프 AI 정책…美정부, 사전검증 도입",IT
"HLB 진양곤 의장, 계열사 주식 추가 매수",IT
AI 데이터센터發 반도체 슈퍼사이클…4년 만에 10배 성장 전망,IT
"[사이언스샷] 5300년 전 냉동된 미라, 미생물은 살아 있다",IT
"""1300억 투자해 3조5000억 됐다""…SKT '뜻밖의 잭팟'",IT
노벨상 수상자도 고민한 '오늘 뭐 먹지'…파인만의 수학 해법 약 50년만에 검증,IT
"""개표율 60%인데 '당선 확실'?""…개표방송 AI 예측시스템의 비밀",IT
"""자동화 늘려도 사람 공백 못 메워""…헥사곤이 짚은 제조 AI의 본질",IT
전기차보다 전력망이 본게임…유럽 전기화에 K-전력기기 기회,IT
"미국 상공 뒤흔든 ‘쾅’…NASA, 폭발 운석 정체 밝혔다",IT
노르웨이 신차 98%가 전기차…비결은 보조금보다 ‘세금 설계’,IT
에이전틱 AI 바쁜데…내부 갈등에 어수선한 카카오,IT
올해 대형 로봇주 150% 상승…'젠슨 황 효과' 주목,IT
"[빌드 2026] MS, 차세대 양자칩 ‘마요라나2’ 공개…""2029년까지 양자컴 상용화""",IT
"[AI픽] ""출근 전 AI 한판 붙자""…SKT 직원들 몰린 수요 챌린지",IT
"“여러분과 경쟁 안 해” 오픈 AI, 기업 고객 향한 ‘러브콜’",IT
"나쿨 두갈 퀄컴 ""AI 핵심은 엣지·로보틱스""…현장 휴머노이드 로봇 등장 [컴퓨텍스 2026]",IT
"'오딘' 넘어 장르 다변화 본격화…라이온하트, 글로벌 시장 도전장",IT
"[르포] ""수천명 쓰면 감당 안 돼""… AI 구독료 폭등 잡는 인텔 '슈퍼클로' 현장 가보니 [컴퓨텍스 2026]",IT
"""응급환자 이송 혁신사업 운영 안정적""…사망 줄고 환자 수용 늘어",IT
"[빌드 2026] MS, 에이전트 위한 새 기기 공개…AI 일상화 시대 선점 나서",IT
"[단독] 최태원 “SK실트론 매각, 실무진이 결정”",IT
"[인터뷰] 배태원 인텔코리아 사장 “AI 사용량 증가에 ‘녹는 토큰’, 대안은 하이브리드 AI”",IT
"""맥북 네오보다 가볍다""… 델, 599달러 'XPS 13' 메인스트림 정조준 [컴퓨텍스 2026]",IT
축지법 쓰는 젠슨 황...방한 기간 '광폭 행보'[1일IT템],IT
[AI 클로즈업] 앤트로픽·오픈AI 상장 임박… B2B 비중이 판가름,IT
페루사막 '나스카 지상화' 2천년이상 보존된 이유는? [과학 유튜브 보니],IT
"""1CPU:8GPU 공식은 깨졌다""…에이전틱 AI가 촉발한 'CPU 역습'",IT
"'지직' 끊기던 카폰에서 손주 해외 영통까지…40년 SKT만, 왜?",IT
스페이스X 실체 다 파봤다…투자설명서에 170번 나온 말,IT
[李정부 1년]인프라 깔고 AI 주권 세웠다…청신호 켜진 이재명표 'AI 고속도로',IT
"MS, 클라우드 안 거치고 AI 에이전트 구동…윈도 온디바이스 AI 강화",IT
"마이크론, 엔비디아 제언에 AI 붐 타고 시총 1조달러 돌파",IT
"립부 탄 CEO ""TSMC는 파트너, 엔비디아는 친구… '뉴 인텔' 개방과 협력"" [컴퓨텍스 2026]",IT
"PC 시대 윈도처럼…MS, ‘AI 에이전트 OS’ 정조준 [MS 빌드]",IT
"고유가 시대, 양수발전의 재발견",IT
"[사이테크+] ""목성급 자기장 가진 외계행성 증거 발견…자기장 세기 첫 추정""",IT
LG헬로서 사라지는 '스포티비'…왜,IT
"""우리 동네 시의원 누가 됐나""…케이블TV, 구석구석 선거방송",IT
앤트로픽 'AI 보안동맹' 한국도 합류… 삼성전자·SK하이닉스·KISA 참여,IT
"MS, 애플 맥미니에 반격…엔비디아 손잡고 AI용 PC 공개",IT
“오픈AI보다 IPO 먼저”… 앤스로픽 몸값 1조달러 육박,IT
젠슨 황 “메모리 부족 지속”… 최태원 “5년 내 생산 능력 2배 확대”,IT
"앤트로픽 '글래스윙' 150곳으로 확대…韓, KISA·삼성·SK 포함(종합)",IT
"인텔 ""CPU·GPU·파운드리·맞춤형 반도체 중심 전략 재정비""",IT
[카드뉴스] 젠슨 황이 한국에 온다,IT
전남친 인스타 염탐하려고 아이디 새로 파는 사람 많더니…“6000원에 마음껏 몰래 보세요”,IT
주민등록상 나이 말고 ‘진짜 내 몸 나이’ 재는 시계 나왔다[후암동 논문 연구소],IT
"립부 탄 인텔 CEO ""새로운 인텔 만들기에 주력""",IT
논란의 '카톡 개편' 주도했던 임원 퇴사에…날 세운 카카오 노조,IT
"[종합] 삼성·SK, 대만서 엔비디아 생태계 핵심 과시…HBM 경쟁 가열 [컴퓨텍스 2026]",IT
[지금 AI] AI와 전력,IT
"“바닷속에 웬 ‘라면냄비’가” 상식 밖 쓰레기 속출하는 바다…치우는 사람, 따로 있다 [지구, 뭐래?]",IT
"젠슨 황, SK하이닉스 부스 깜짝 방문…""HBM4E 더 만들어달라""",IT
"자금 지원처마다 평가, 또 평가…스타트업계 ""이제 제발 그만해달라""",IT
최초 공개 'HBF'부터 'HBM4E'까지… SK하이닉스 차세대 메모리 '정조준' [컴퓨텍스 2026],IT
"최태원 ""생산 2배 늘린다""…젠슨 황 ""제발 더 만들어줘""(종합)",IT
"엔씨 김택진 대표, 젠슨 황과 7일 회동",IT
그의 '입'과 '발'에…주가가 춤춘다,IT
"""AI인프라 투자금 선점해야 경쟁력""… 상장 속도낸 앤스로픽",IT
"HBM5 꺼낸 삼성전자, 시장 우위 강조한 SK하이닉스… 컴퓨텍스 2026서 HBM 주도권 경쟁",IT
'삼성·SK 임원' 구독하는 사장님들…채용 대신 빌려 쓴다,IT
젠슨 황 ‘선택적 침묵’ 왜?... 삼성전자 언급 않고 하이닉스만 칭찬,IT
"판 커지는 AI 베팅 … 4대 빅테크, 올 '1천조원' 쏟아붓는다",IT
1조달러 상장 레이스 … 오픈AI에 선수 친 앤스로픽,IT
CONX 리브랜딩에도 가상자산 가치 하락 |컴투스홀딩스①,IT
"'깐부' 최태원과 하이닉스 부스 본 젠슨황…""제발 더 만들어줘""",IT
"[단독] “K바이오 키우겠다”던 제이랩스, 3년도 못 채우고 철수",IT
UN “올여름 ‘비정상적 폭염’ 확률 80%”…한국도 피할 수 없다는데,IT
"""D램 공급난에 HBM 협상력 커져…내년 계약가격 몇배 상승 전망""",IT
"""유심 바꾸러 갔는데 선불폰 개통""…LGU+ 대리점 직원의 실수?",IT
"최태원 ""SK하이닉스 생산능력 5년 내 두 배로…메모리 2030년까지 부족""",IT
"젠슨 황, 2년 연속 SK하이닉스 찾았다… 'HBM4E'에 친필 사인",IT
엔비디아에 밀린 인텔의 반격…‘18A 양산’ 승부수 던졌다,IT
"중국산 인조 다이아몬드, 반도체 시장서 각광…왜?",IT
스타벅스 논란 후 숨 고르는 이마트…롯데마트는 할인 공세,IT
"최태원 ""웨이퍼 생산능력 5년내 2배 늘린다…공급부족 해소""",IT
젠슨 황 “한국·대만 모두 특별한 파트너…비교 중요하지 않아”,IT
"젠슨 황, 엔씨·업스테이지에 2차 깐부회동까지…로봇·AI 협력 '광폭 행보'",IT
"삼성전자, HBM5 실물 첫 공개… 방열 신기술 SK하이닉스와 격돌",IT
"[DD's톡] ""젠슨 황 효과""…네카오 주가, 희비 엇갈렸다",IT
"[단독]젠슨 황, 8일 현대차·LG 사옥 찾는다…피지컬 AI 협력 논의",IT
"젠슨 황의 자신감 ""컴퓨터 재발명""…판도가 뒤바뀔까[이런일이]",IT
"젠슨 황의 부탁…""SK하이닉스, HBM 더 만들어줘""",IT
주가 들썩이는 '젠슨 황' 파워…실시간 동선 추적 사이트도 등장,IT
[DD퇴근길] 이번엔 삼겹살에 소주다…젠슨 황과 이해진의 ‘삼쏘 회동’,IT
[이재명 정부 1년] 외형 성장 이룬 AI 산업…‘질적 성숙’은 여전히 물음표,IT
"오뚜기까지 日 법인 설립…K푸드, 일본 식탁 쟁탈전",IT
[비즈톡톡] 이름값 못한 넷마블 ‘왕좌의 게임:킹스로드’… 출시 열흘 만에 이용자 72% 감소,IT
"앤트로픽은 IPO 개시, 알파벳은 거액 유상증자…판돈 커지는 AI 산업",IT
"젠슨 황, 하이닉스 부스서 최태원 만나… 소캠2 보며 “아름답다”",IT
엔비디아 손잡은 네이버 'AI 영토' 확장…국방까지 광폭 행보,IT
"최태원 회장 ""향후 5년간 웨이퍼 생산 능력 2배로… 2030년까지 메모리 부족""",IT
"젠슨 황, 8일 韓 AI·로봇 스타트업 만난다",IT
"""엔씨에 무슨 일이""…젠슨 황 회동 기대감에 30만원선 회복",IT
'한국 로봇' 콕 집은 젠슨 황… 관련주 뛰고 동선 지도까지 나왔다,IT
최태원 “HBM 부족 2030년까지 지속… 생산능력 5년 내 2배 확대”,IT
"“젠슨 황 어디 가나”…방한 일정 추적 사이트까지 등장, 엔비디아 수혜주 들썩 [only 이데일리]",IT
"눈앞에 다가온 휴머노이드 시장… 삼성전자 파운드리, 초기 고객사 기반 확대에 전력투구",IT
"최태원 SK 회장 ""5년 내 SK하이닉스 캐파 2배로 확대할 것""",IT
"""구글·오픈AI도 눈독 들인다""…네이버가 던진 1조 '승부수'",IT
"""2분기 범용 D램 가격 1분기보다 최대 63% 상승 전망""",IT
"젠슨 황 ""40년 된 PC 재발명할 때""...N1X 이어 N2X·N3X로 AI PC 확장 선언",IT
AI 추론 전환이 쏘아올린 D램 가격…2분기 최대 63% 급등 전망,IT
"앤트로픽, 美 상장절차 착수…오픈AI와 'AI 상장 1호' 경쟁 본격화",IT
"AI 모델 경쟁, 국방으로 번진다…네이버·NC AI 가세",IT
"[컴퓨텍스 2026]젠슨 황, '탄탄한 공급망' 과시… “HBM 부족 우려 없다”",IT
[컴퓨텍스 2026]삼성·SK “AI 투게더”…나란히 메모리 공급망·기술력 과시,IT
"앤트로픽, EU 사이버보안청에 AI '미토스' 개방 예정…韓은 언제쯤?",IT
"판촉 경쟁 숨고르기…통신 3사, 갤럭시 S26 지원금 하향",IT
"Arm ""AI 에이전트가 CPU 시장 키운다... 성장세 이례적""",IT
블루오리진 로켓 발사대 ‘초토화’…우주서 본 폭발 현장 [우주서 본 지구],IT
연봉 ‘542억원’ 젠슨 황 ‘삼성 성과급’ 질문에…“난 직원들에게 최대한 보상”,IT
“젠슨 황 어디쯤 왔나”…방한 앞두고 ‘발자취 추적 사이트’까지 등장,IT
"또 협의체, 또 연구반…콘텐츠사용료 갈등 키운 정책 공백 [강소현의 방송통신문]",IT
동접 16만 K-인디게임 'TBH: 태스크바 히어로'…흥행 속 서버 안정화 과제 남아,IT
[기고] 카카오 위기의 진짜 범인은 누구인가,IT
"체크포인트 ""AI 기반 신제품 'AEV로 한국 시장 공략""",IT
중동 위기에도 통했다…하나증권 외화채 흥행에 증권가 '촉각',IT
"""우리집 PC가 AI 두뇌 된다"" 젠슨 황, 엔비디아 AI PC 공개",IT
젠슨 황 '택진이형'도 만난다…게임 넘어 '피지컬 AI' 협력 주목,IT
"“AI 빅6 가치 11조 달러, 뉴스만 공짜로 삼켰다” 세계 언론 ‘생존’ 화두, 빅테크에 ‘뉴딜’ 요구",IT
"송재혁 삼성전자 CTO ""HBM5 미세공정 도입…1나노 한계 깰 것""",IT
"'상장 문턱서 고배' 파블로항공, 사업화가 관건",IT
"‘더치페이’ 돈 계산 머리 아픈데... 아이폰, 영수증 찍으면 알려준답니다",IT
"젠슨 황, 삼성전자 성과급 질문에 ""직원들에 가능한 많이 보상해 줘야""",IT
바다 일렁이는 천체 ‘타이탄’ 탐사 준비 속도…핵심장치 ‘방열판’ 시험 성공,IT
"상선 목표 88% 채운 삼성중공업, 해양서도 4.3조 FLNG 수주",IT
"젠슨 황 엔비디아 CEO, tvN '유퀴즈' 출연한다",IT
"젠슨 황, 엔씨 김택진도 만난다…게임 넘어 피지컬AI 접점 찾나",IT
"젠슨 황 ""직원 보상은 다다익선...나는 그렇게 한다""",IT
"[컴퓨텍스 2026] 삼성전자, HBM5 시제품 첫 전시…송재혁 ""HPB·2나노 베이스 다이 준비""",IT
"오바마 전 美 대통령 인스타 해킹, 알고보니 AI 상담 챗봇 탓",IT
"씨어스, 모비케어 UAE 초도물량 출하 임박...FDA·중동 모멘텀 부각",IT
"젠슨 황, 韓서 '택진이형' 만난다…게임·피지컬AI 협력 주목",IT
아이폰 울트라 색상 유출…화이트 모델 첫 공개,IT
"삼성전자, HBM5서 기술 초격차 시동…발열 낮춘 'HPB' 적용 추진",IT
젠슨 황이 찍으면 무조건 뜬다?···방한 장소·테마주 주가 실시간 추적 사이트 등장,IT
"AI, 로봇… 젠슨 황 방한이 몰고 올 '포스트 반도체' 바람",IT
"[단독] LG유플러스 대리점, 무료 유심 교체한다더니 서류 위조해 무단 개통",IT
“최대 폭발력 규모 3.5 지진과 맞먹어”… 로켓 고체연료 얼마나 위험한가,IT
"AI PC 판도 '급변'…HP·에이수스, '엔비디아 RTX 스파크' 동맹",IT
"엔비디아 ‘RTX 스파크’, 윈도우 ARM으로 고성능 PC 재창조할까 [고든 정의 TECH+]",IT
"블루오리진 폭발, 달 탐사계획까지 휩쓸었다…발사대 복구 2028년",IT
젠슨 황 방한 때 네이버 이해진과 AI 팩토리 구상 공개 [팩플],IT
반도체에 웃은 한국 증시…인도 제치고 세계 6위로 부상,IT
"젠슨 황, 방한 중 김택진 엔씨 대표와 회동",IT
젠슨 황 동선 따라가는 웹사이트까지 등장…관련주 정보도 담았다,IT
인류 문명 탄생 ‘비옥한 초승달 지대’ 형성의 비밀 풀었다 [달콤한 사이언스],IT
블루오리진 로켓 폭발로 주춤한 미국...“이 때다” 싶어 바짝 쫓아오는 중국,IT
치사율 최대 90%인데 백신도 없다…에볼라 재확산에 전 세계 비상사태,IT
"삼성전자, HBM5 목업 첫 공개⋯발열 방지 'HPB' 기술도",IT
"""우리도 만들고 있습니까?"" …李 대통령 언급한 'MMR' 뭐길래",IT
"김택진 엔씨 대표, 젠슨 황 만난다...게임·피지컬 AI 협력 논의 전망",IT
"李 대통령 ""행정 전반에 AI 즉시 도입하라""…'용역 관행'에 직격",IT
"압박 수위 높이는 카카오 노조…홍민택 CPO 퇴사에 ""회피형 퇴장""",IT
"엔비디아 젠슨 황, 엔씨 김택진 만난다…'AI·게임' 협력 주목",IT
"""내가 공 던질 수 있을까?"" 젠슨 황 뜨기도 전에 ""옆테이블 잡아""",IT
NASA “블루오리진 발사대 복구 2028년 전망… 스페이스X 대안 검토”,IT
"젠슨 황, 성과급 질문에 ""내 직원들에게 물어보라""",IT
"젠슨 황 ""강한 성장 위한 HBM4 공급 이미 확보""",IT
"삼성전자, 8세대 HBM5 실물모형 첫 공개… 시장 선점 나선다",IT
"젠슨 황, 삼성전자 성과급 이슈에…“임직원에 최대한 돈 많이 줘야”",IT
축구 헤딩 '단 한 번'에도 뇌세포 손상 신호 나타났다,IT
"""우리가 x86 생태계 깨부순 주역""… 퀄컴, 엔비디아 추격에도 '여유' [컴퓨텍스 2026]",IT
삼성 성과급 묻자… 젠슨 황 “직원들은 가능한 한 많이 받아야”,IT
"WBD 합병 후폭풍...美CBS 기자 ""편집국장이 시사 프로그램 망가뜨렸다""",IT
"젠슨 황·김택진 만난다…""그래픽카드 팔던 시절부터 깐부""",IT
"“나노 플라스틱 뇌까지 간다”…부산대, 숨은 이동 경로 규명",IT
"카카오 노조, 책임경영 부재 비판…""문제만 남기고 경영진은 떠나""",IT
"‘몸값 1조달러’ 앤트로픽, 상장 신청서 제출…오픈AI보다 빨랐다",IT
"우나스텔라, 335억원 투자 받았다…""유인 우주비행 로켓 개발 박차""",IT
삼성·구글 합작 ‘AI글라스’ 내달 본격 출시,IT
통신사 과열 마케팅에 알뜰폰 ‘2만명’ 이탈,IT
"[카카오 리셋①] 고강도 쇄신, 종착지는?…리더십 시험대",IT
원가 절반이 메모리…스마트폰 2강 파이 더 키우나,IT
젠슨 황 방문 임박에 '동선 사이트'까지 등장…관련주 추적도,IT
[데스크칼럼] 젠슨 황의 스텝에 춤추는 국내 기업 주가,IT
"네이버, 엔비디아와 ‘글로벌 AI팩토리’ 만든다",IT
앤트로픽이 끌고 젠슨 황이 띄웠다…SKT 주가 '훨훨',IT
"""삼성전자 '6억' 성과급 어떻게 생각하세요?""…젠슨 황, 소신 발언",IT
[李정부 1년] 방송미디어 새 판 짜기…방미통위 출범·공영방송 개편 착수,IT
스페이스X IPO가 쏘아 올린 우주경제…K-우주기업 재평가 신호탄,IT
"[유미's 픽] ""국방 AI 잡아라""…네이버·SKT·삼성SDS, 'KCCS 전초전' 돌입",IT
티맥스 ‘가이아 큐브’ 또 공식 출시?… 임금체불 속 1년 만에 일반인 공개,IT
"LG이노텍, 인텔 'EMIB'용 기판 공급망 노린다…SK하이닉스에 샘플 공급",IT
"젠슨 황, 이번엔 '유퀴즈'서 유재석 만나 창업 스토리 전한다",IT
"젠슨 황, 유재석 만나 ‘성공 비결’ 푼다… 방한 중 ‘유퀴즈’ 녹화",IT
'변화'냐 '변질'이냐...디캠프 내부 갈등 격화,IT
젠슨 황은 왜 한국에 공을 들일까,IT
"우주발사체 스타트업 우나스텔라, 335억 투자 유치",IT
"젠슨 황 ""N1X는 시작…N2X·N3X로 AI PC 확대할 것""",IT
"다리 20개 '성게 로봇' 화제…""어느 방향이든 이동""",IT
"‘카톡 개편’ 홍민택 CPO 퇴사에…노조 ""책임 회피 반복""",IT
젠슨 황이 찍은 한국 로보틱스…피지컬 AI 핵심 거점 부상하나,IT
소맥회동에 유재석 만남까지…젠슨 황 일정 추적 사이트 등장 [only이데일리],IT
"구글 모회사 알파벳, 120兆 유상증자…AI 실탄 확보",IT
"외산 대신 국산…국방부, 국방 AI 기반 직접 만든다",IT
안경 이어 펜던트까지…웨어러블 시장 장악 향한 메타의 도전,IT
"[단독]젠슨 황, 엔씨 김택진도 만난다...피지컬 AI 협력 논의 가능성",IT
"삼성 파운드리, 미세공정 우위·전력 비용 효율 '투트랙' 공략 나섰다",IT
"[테크데이, '판'이 바뀐다]<11>인텍플러스, 반도체 기판·패키징 검사 장비로 글로벌 공략 강화",IT
"‘우주 발사체’ 개발 우나스텔라, 시리즈 B 335억원 투자 유치",IT
"태풍 '장미' 특보 발효, 역대 세 번째로 일러…남해안·제주도해안 너울 주의",IT
"몸속 오메가-6가 대사과정 거쳐 암세포 전이 원천 차단…""세계 첫 규명""",IT
식품업계 ‘고단백’ 열풍에 단백질 부족 현상 심화,IT
네이버-엔비디아 동맹 선언…“글로벌 AI팩토리 구축”,IT
"""아이폰 울트라, 증기 챔버 냉각 기술 적용…발열 잡는다""",IT
"[AI픽] 네이버·엔비디아, 글로벌 AI팩토리 구축 나선다",IT
e심 대중화의 벽…남은 과제는 ‘소비자 인지도’,IT
다음달부터 LG헬로서 '스포티비' 못본다…블랙아웃 현실화,IT
"늦어지는 애플 AI 스마트안경…삼성, 메타 독점에 승부수",IT
"[AI는 지금] 美 플로리다주, 오픈AI에 첫 주정부 소송…챗GPT 책임론 확산",IT
"올릭스, 로레알·와이스서 1100억 투자 유치…글로벌 공룡들 ‘베팅’",IT
7월부터 LG헬로비전에서 SPOTV 채널 빠진다,IT
"파업 전 비판수위 높이는 카카오 노조…""홍민택 퇴사도 직원 피해""",IT
엔비디아와 손잡은 네이버클라우드 …글로벌 'AI 팩토리' 동맹 강화,IT
"카카오 파업 위기에 준신위 등판…""국민 불편 안 된다"" 노사 중재 나서[only이데일리]",IT
"“시총 1조달러 축하” 엔비디아·SK하이닉스, 차세대 AI 인프라 협력 강화 [GTC 타이베이]",IT
"젠슨 황·이해진, '삼쏘 회동'서 나눌 이야기는 [IT클로즈업]",IT
"""모든 AI 처리에 고성능 GPU만 쓰지 않는다... CPU 역할 ↑""",IT
"HPE, AI 서버 특수에 '어닝 서프라이즈'…시간외서 30% 급등",IT
"전기차 배터리 1위 CATL, 1~4월 점유율 40% 넘겨",IT
"""대만 없인 루빈도 없다"" 황 CEO 공언… 'AI 팩토리' 생산 가속",IT
"""전 여친 스토리 몰래 봐도 기록 안 남아""…인스타, 유료 요금제 내놨다",IT
탄소 묻으며 수소를 캐낸다…현무암의 1석2조 ‘마법’,IT
“완벽해야죠” “중간만 가도 뭐”…더 성공한 쪽은 뒷사람입니다,IT
"LGU+, 국가유공자·제대군인에 알뜰폰 요금제 소개",IT
"네이버-엔비디아, 기가와트급 AI 팩토리 짓는다…소버린 AI 강화",IT
"원스토어 노조, 매각설에 공개 반발…""토종 앱마켓 가치 헐값 평가 안돼""",IT
"""게임을 사랑하는 사람과의 만남""…페이커, 젠슨 황과 만남에 올린 글",IT
"토스모바일, 'CU 제휴 요금제' 출시 1년 만에 가입자 2만명 돌파",IT
② 종료된 게임도 역사의 일부…플랫폼으로 진화 중[넥슨뮤지엄에게 묻다],IT
"엔씨 김택진 ""엔비디아와 리니지2부터 협력 이어져""[현장+]",IT
김영록 전남지사 “정청래 연임 반대운동” 선언…또 직격,Politics
김재섭 “민주당 20~30대 탓 말고 자신들 잘못부터 진단해야” [정치 시그널],Politics
[속보] 북측 인사 리호남 만난 오영훈 지사… 북한에 한라봉 묘목도 보냈다,Politics
뒤 바뀐 ‘재선거’ 공수…與 “선거소청” VS 野 “장동혁 개인 입장”,Politics
"與 이언주, 최고위원 사퇴···선거 닷새만 불붙은 당권경쟁 전초전",Politics
"국힘 원대 출사표 김도읍 ""장동혁 거취 표명이 상식…'윤어게인' 탈피 역할할 것""",Politics
"박지원 ""정권 재창출 못하면 피바람…전당대회 과열, 큰 염려 엄습한다""",Politics
李대통령 지지도 55.2%…민주·국힘 0.7%p 오차 내 접전[리얼미터](종합),Politics
"윤준병, 송영길 직격 ""김관영 구하기 나섰던 해당행위자""",Politics
"성일종 ""이 대통령 공소취소?...어떻게 자기 죄를 자기가, 부끄러워, 문명국가 사람 맞나""[여의도 진검승부]",Politics
"[속보] 이언주, 최고위원직 사퇴…정청래 지도부 흔들리나",Politics
"이준석, '재선거' 요구 장동혁에 ""오세훈 자리 내려놓으라는 거냐"" 비판",Politics
"이준석 ""서울 재선거=오세훈 사퇴 종용?""…장동혁 직격",Politics
[속보]“이런 게 주가 조작” 李가 저격한 코스닥 종목은?,Politics
"'부산 돌려차기남' 배상은 안 하고…""매달 15만 원 쓰게 해달라""",Politics
"與 당권경쟁 과열에 박지원 ""다 죽는다"" 박선원 ""난 돌쇠, 휘말리고 싶지 않아""",Politics
"최욱, '탱크' 발언 논란…이준석 ""李대통령, 양심 있다면 못 넘어가""",Politics
서울시장 패배 후폭풍… 김민석·송영길 공세에 정청래 책임론 부상,Politics
[정치뷰] 도마 위 오른 '선관위'…정치권 개혁 논의 본격화,Politics
"“신뢰 잃은 선관위는 존재 이유 없다”…이 대통령, 국조·합수본 동시 가동",Politics
"[통일전망대] 떠오르는 북한 권력실세, 내각총리 박태성",Politics
"장동혁 ""李, 하나 마나 한 소리뿐… 재선거가 대체불가 요구""",Politics
"강훈식·정성호서 총리 막판 한성숙 낙점 배경은? / 김민석 ""강력한 민주당"" 당대표 출마 시사",Politics
"장동혁 ""전면 재선거""→ 이준석 ""오세훈 사퇴 종용? 참 나쁜 정치""",Politics
韓 상륙함에 日헬기가 내려앉았다...제주 바다에서 9년 만에 수색구조 합동훈련,Politics
전대 앞두고 與 당권 샅바싸움…김민석 “강력하고 유능한 민주당 만들 것”,Politics
"새 총리 후보 한성숙…李대통령, ‘CEO 출신’ 여성 총리 택했다",Politics
오세훈 대역전극 일등 공신?…'정원오 저격수' 자처한 김재섭 [인터뷰],Politics
"[단독] 해·공군 병과장 보직, 해·공사 출신 10명 중 9명 이상 ‘독점’[이현호의 밀리터리!톡]",Politics
"""3030표 대 1440표, 소름 돋는 '쌍둥이 득표수'""…송도 사전투표 결과 '시끌'",Politics
"[오세훈의 100시간] '안전·시민·청년'…오세훈, 대권가도에 '정략'이 없는 이유는? 등 [6/8(월) 데일리안 출근길 뉴스]",Politics
“전국 재선거” 꺼낸 장동혁... 이준석 “그럼 오세훈도 다시 뽑나”,Politics
"""다음 임무는 유능한 민주당""…불붙는 당권 경쟁",Politics
"조수빈 전 KBS 아나 “선관위, 해체 아니라 분쇄”",Politics
“전국적으로 큰 승리”라는 정청래…민주당이 크게 이긴 게 맞을까,Politics
주애는 정말 후계자일까…‘4대 세습’ 논의로 북한이 얻은 것,Politics
온종일 일하지만 선거철만 되면 ‘투명인간’…300만표가 사라졌다,Politics
"[한동훈의 100시간] ""보수재건"" ""李대통령으론 안돼""…'존재감 각인' 한동훈",Politics
"""재밍·레이저론 부족…군집드론 막을 저가드론·전자기파 무기 확보해야""",Politics
송파구 전체로는 용지 남았는데…투표소에선 왜 부족했나,Politics
"오세훈, 사선 넘어 5선 '벼랑 끝 승부사'…野 대권 잠룡으로 부상",Politics
'AI 총리' 임명 대도약 드라이브…후속 개각 주목,Politics
미리 보는 이 대통령 취임 1주년 '대체불가 대한민국' 기자회견,Politics
"'사퇴 압박' 받는 장동혁, 선관위 총공세…전면 재선거·국조·특검까지",Politics
"민주, 완승 꿈꾸다 ‘절반만 승리’...민심 경고 전당대회서 답할까",Politics
장동혁호 유지? 한동훈 복당?… 원내대표 선거에 국힘 노선 갈린다,Politics
시진핑 방북 앞둔 北 “핵보유국 절대 불퇴”,Politics
선관위 사태로 버티는 장동혁…'재선거' 외치다 불신 자초,Politics
AI 대전환 이끈다…한성숙 총리 지명,Politics
"李대통령, 한성숙 전격 발탁…'2년차 성과관리'에 방점",Politics
"시진핑 오늘 7년 만에 방북, 북중관계 이번엔 속도 내나",Politics
"“재벌회사 사람이 왜 여깄나” MB 때린 盧, 권양숙은 달랐다",Politics
"트럼프와 정면승부, 핵잠 깜짝 성과…남북관계는 공전 [李 정부 1년]",Politics
"“J-20이 스텔스라고? 中, 후회할 것” 美공군 소령의 지적 [밀리터리 브리핑]",Politics
빨라지는 與 당권 경쟁 시계…김민석·정청래·송영길 '기지개',Politics
"‘4주택’ 한성숙, 올 2월 3채 처분 의사 밝혀",Politics
"非정치인 ‘실무형’ 총리카드… “李, 2년차 국정 주도권 직접 쥘듯”",Politics
"北, 시진핑 방북 전날 “핵보유국 지위 불퇴… 누구와도 논의 안해”",Politics
"“특정후보 밀기” 논란에, 국힘 원내대표 선거 10일로 하루 연기",Politics
"'총리 사의' 김민석, 당권 도전 공식화... '李 측근' 김용도 최고위원 출마 유력",Politics
"이번에도 오픈카 퍼레이드?... 北, 시진핑에 최고 예우 의전 보여줄 듯",Politics
"보수텃밭서 녹색당 첫 '의원님'... 허승규 ""풀뿌리 정치는 바뀌고 있다""",Politics
김민석 “다음 임무 유능한 與” 당권 출사표… 정청래측 “공천과정 문제없다”,Politics
"경찰 조사 또 거부한 尹, ‘계엄 정당화 메시지 지시’ 부인",Politics
"특정 진영 아닌 ‘기성 정치권’에 폭발… 여야, 전선 불분명 당황",Politics
잠실 투표소 봉쇄 시위 나흘째로…새벽에도 수천 명,Politics
"선거 결과 지켜본 李, 정치색 적은 인물로 ‘깜짝 총리’ 카드 선택",Politics
"김도읍·성일종 반발에, 국힘 원내대표 선거 하루 연기",Politics
"시진핑 오늘 방북… 北 “핵보유 지위, 누가 인정하든 말든 절대 불퇴”",Politics
차기 총리에 한성숙 지명,Politics
70조원 규모 강릉 ‘AI데이터센터’ 옥계·안인 유력,Politics
국힘 모레 원대선거… 장동혁 거취·한동훈 복당 가늠자,Politics
강원의 힘 통했다…출향인 정치권 약진,Politics
서울 패배·호남 균열·합종연횡… 민주당 전대 승부 가른다,Politics
탈원전서 유턴…AI 중심으로 산업정책 대전환,Politics
“일베는 탱크로”…“몽둥이 들어야”… 민심 불지르는 與 장외 스피커들,Politics
시진핑 7년 만의 평양행…'김정은 초대'에 응한 까닭,Politics
"오늘 평양 가는 시진핑…북핵 묵인하고, 김주애 만날까",Politics
"""여기는 광화문 아니다""…잠실 개표소 시위에서 성조기 내려놓은 이유",Politics
"최욱 ""일베 탱크로 밀어버려야"" 논란…이준석 ""일관성 있다면 못 넘어가""",Politics
"李의 총리 지명에…국힘 ""투표지 사태 진상 규명은? 시선 분산 아닌가""",Politics
‘윤 어게인’ 손현보 목사 만난 미 국무부 차관보...한-미 관계 파장은?,Politics
"한성숙 총리 후보자 ‘파격 발탁’…“이 대통령, 정치색 확 빼려 한 듯”",Politics
"북, 시진핑 방북 앞두고 “핵보유국 지위는 절대 불퇴”",Politics
김민석·송영길 ‘반청공세’…정청래 책임론 부각,Politics
국민의힘 원내대표 3파전…당내 ‘주도권 싸움’ 시작,Politics
李대통령·金총리 “국민 신뢰 잃은 독립기관 존재 의미 없어”⋯선관위 투표 용지 부족 사태 비판,Politics
"'사퇴론' 뭉개며 '재선거' 꺼내 든 장동혁‥민주 ""정치쇼 그만""",Politics
[속보]대검 “‘투표지 부족사태’ 합수본 신속 구성…의혹 엄정 규명”,Politics
후임 총리에 3인 두고 고심…한성숙 후보자 낙점 배경,Politics
"김 총리 ""다음 임무는 유능한 민주당""…불붙는 당권 경쟁",Politics
"이준석, '재선거 주장' 장동혁에 ""오세훈 사퇴 종용하나""",Politics
"'4년 전 경고' 무시한 선관위…""왜 우리가?"" 불똥에 부글",Politics
"金총리 “투표용지 부족, 선관위 고위직 다 물러날 사안… 특검도 괜찮다”",Politics
"구청장·광역의원 뺏긴 김도읍(강서 당협), 지킨 서지영(동래 당협)…국힘 현역 희비",Politics
네이버 CEO 출신…20년 만의 여성 총리 ‘촉각’(종합),Politics
"이준석, ‘재선거 요구’ 장동혁에 “오세훈 사퇴 종용하나”",Politics
PK 민주 세대교체 숙제…국힘은 무한 생존경쟁,Politics
친명계 “서울시장·평택 패배는 정청래 대표 탓”,Politics
친한계 “장동혁 나가라”…국힘 당권파와 힘겨루기,Politics
‘한국 상륙함에 日자위대 헬기 이착’…文정부서 멈춘 합동 구난훈련 9년 만 재개,Politics
"이준석, '재선거 요구' 장동혁에 ""오세훈 자리 내놓으라는 거냐""",Politics
"이준석 ""멀쩡한 경찰을 중국인 만들어""…잠실 집회 음모론 직격",Politics
‘재선거’ 연막 치는 장동혁…“패배 책임 물으니 ‘선관위 잘못’ 동문서답”,Politics
이준석 “내 모친이 중국인? 인터넷은 허위정보 산실” 비판,Politics
"이 대통령 ""참정권 훼손 선관위, 합수본 꾸려 수사 지시""... 장동혁엔 '무응답'",Politics
7년 만에 북한 찾는 시진핑…‘핵 보유 용인’ 요구에 어떤 ‘거래’ 할까,Politics
"""말투가 왜""...잠실개표소 시위에 중국인 경찰? 알고보니 '치안 영웅'",Politics
"이준석, '재선거' 주장 장동혁에 ""오세훈 자리 내놓으라는 거냐""",Politics
[뉴스추적] 총리 후보 한성숙 지명 이유는,Politics
"이준석, '재선거 요구' 장동혁에 ""오세훈 사퇴 종용하나""",Politics
"돈선거 의혹 조병길, 낙선 후 두문불출…구정 인수인계 차질",Politics
"'3人 압축' 후에도 고심 거듭, 경제 총리로 반전…지명 막전막후",Politics
"北·中 관계, 상호 필요 따른 전략적 대등한 위치로 재편될 듯",Politics
"""부정선거 아닌 부실선거""…잠실로 몰린 2030, 극우 정치 집회와 선 긋다",Politics
[뉴스더] 송파 개표소 집회 둘러싼 여야의 '아전인수',Politics
북·중 정상회담 주목할 대목은… ①시진핑 북핵 입장 ②중국 동해 진출 ③북·미 가교 역할,Politics
후반기 법사위장 놓고 정면충돌 예고 [6·3 지방선거 이후],Politics
장동혁 사퇴론 분출… 野도 당권 경쟁 본격화 [6·3 지방선거 이후],Politics
정청래 비토론 분출… 與 당권 경쟁 본격화 [6·3 지방선거 이후],Politics
"국민의힘, 장동혁 거취 이어 '원내대표 선출 속도전' 두고 물밑 신경전",Politics
"북한의 양다리 외교, 시진핑에겐 먹힐까 [주성하의 ‘北토크’]",Politics
'당정 일체' 앞세운 김민석의 귀환…정청래 지도부 책임론 정조준,Politics
"장동혁, ‘재선거’ 공식 요구…“국민의힘 공식 입장 아냐”",Politics
김민석 “당에 돌아가 시대정신 뒷받침”… 당권도전 공식화,Politics
"부산·서울 2030, 정당 대신 ‘인물’에 표 몰아줬다",Politics
"""장동혁, 얼마나 버틸까""…국힘 새 원내대표에 달렸다",Politics
"美, 에너지 패권 앞세워 이란 체제 전환 압박…러·우 종전 시계추도 가속 [이종윤의 밀리터리 월드]",Politics
"초경량 유도탄 8발 탑재, 제트 추진 요격 드론 '버드 오브 프레이' [이종윤의 밀리터리 월드]",Politics
"민주, 전대 준비 논의 착수…차기 당권 경쟁 체제 급속 전환",Politics
"후임 발표되자 김민석 ""민주당 복귀""…본격 '전대 준비' 시동",Politics
서울시장 패배 뒤엔 ‘스윙보터’ 2030에 외면당한 민주당…교차투표 성향도 뚜렷,Politics
새 국무총리 한성숙 '깜짝 인선'…야당선 '타이밍' 놓고 비판,Politics
"北, 시진핑 방북 전날 혈맹 띄우고 비핵화 선그었다",Politics
당으로 돌아오는 김민석…與 당권 레이스 '폭풍 전야',Politics
장동혁 “재선거는 더 이상 피할 수 없는 문제” 논란,Politics
“기업 출신 실용 총리”… 성장·민생 아우를 적임자 평가,Politics
"국힘 당권파·친한계 싸움 본격화하나... 친한계,장동혁 대표 사퇴 종용",Politics
與 당권경쟁 본격화… 정청래 흔드는 김민석·송영길,Politics
"김정은 공항 영접, 예포, 거리 환영인파…시진핑 의전 극진 대접할 듯",Politics
선거 끝낸 여·야…'책임론' 공방 속 당권 싸움 수면 위,Politics
'시진핑 방북' 대대적 환영행사 개최 전망…북중 회담 예상 의제는?,Politics
정치 이력없는 기업인 출신 발탁… 실무형 ‘2기 내각’ 드라이브 [새 총리 후보 한성숙 지명],Politics
"이준석 “장동혁 ‘서울 재선거’? 오세훈 자리 내놓고 보궐하란 요구냐, 분명히 하라”",Politics
정성호도 강훈식도 아니었다…李대통령의 실용주의 카드 '한성숙 총리',Politics
"[데일리안 오늘뉴스 종합] 李대통령, 국무총리에 한성숙 지명, 장동혁 ""재선거 불가피""…민주 ""정치쇼 관둬야"", 잠실 개표소 봉쇄 시위 사흘째, 또 깐부치킨 찾는 젠슨 황…오늘 저녁 최태원과 회동 등",Politics
개각 속도내는 이재명 정부 … 부처 4~5곳 장관 바뀔 듯,Politics
李 실용주의 뒷받침할 기업인 출신…靑 “모두의 성장 책임질 것”,Politics
벤처정책 앞장선 IT전문가 … 이번엔 'AI 3대강국' 특명,Politics
1년 만에 두 번째 청문회…200억대 재산·성남FC 후원금 등 쟁점,Politics
"차기 총리 후보 한성숙 장관...김민석 ""유능한 민주당 만들 것""",Politics
"당권 도전나선 김민석 ""민주 황금시대 열겠다""",Politics
경북도의회도 '국민의힘 독주'…견제 실종 우려 속 민주당 존재감 미미,Politics
"美 국무부 차관보, 손현보 목사 면담…한·미 관계 뇌관 되나",Politics
"이광재 ""총리후보 한성숙 지명, 실용주의 이재명 정부가 좌표 확실히 찍은 것""",Politics
새 국무총리 한성숙…첫 여성기업인 출신,Politics
"송도 1·2동, 똑같은 사전투표 득표수…유정복 인천시장 “나오기 힘든 결과”",Politics
李 “일 잘한다”던 한성숙 파격 발탁…일각선 “靑 그립 세질 것”,Politics
"與 당권파 이성윤 ""송영길 '김관영 옹호', 중대한 해당행위""",Politics
장동혁 “조속히 재선거해야” 이준석 “오세훈 자리 내놓으라는 거냐”,Politics
"이준석 ""장동혁, 판사 아닌가? '재선거'는 당선된 오세훈 사퇴 종용""",Politics
“韓 상륙함에 日 해상작전헬기 이착륙”…韓日 해군 수색·구조훈련 9년만에 재개,Politics
"김 총리 ""용지부족, 선관위 일정 이상 고위직 다 물러날 사안""",Politics
[속보] 金총리 “선관위 고위직 모두 물러나야…국정조사·특검도 할 수 있다”,Politics
"이제 선거결과 해석전쟁…민주, 백서발간 평가위 구성 착수(종합)",Politics
비핵화부터 김주애까지…시진핑 7년만의 방북 관전 포인트는,Politics
"與, 금주 전대 준비 논의 착수…차기 당권 경쟁 모드 급속이동(종합)",Politics
실용주의·모두의성장 염두 ‘한성숙 총리’ 깜짝 발탁…‘일 잘하는 정부’ 표방,Politics
"李, 한성숙 깜짝 발탁…20년 만에 여성 총리",Politics
시진핑 방북 앞둔 北 “핵보유 절대불퇴”… 비핵화 논의 원천 차단,Politics
국힘 변화 키 쥔 원내대표 선거...4선 김도읍에 ‘보수 재건’ 기대 집중,Politics
‘거취’ 응답 대신 “재선거” 올라탄 장동혁…혼돈의 국힘,Politics
"송영길, 당권 도전설에 ""정청래 거취와 호남 민심 보고 판단할 것""",Politics
'한성숙 총리' 꺼내든 李대통령…'실용주의 국정' 속도전 예고,Politics
신임 국무총리 후보에 한성숙 장관…대기업 CEO출신 '실무 경제통',Politics
"'李정부 2인자' 족쇄 풀리는 김민석, 차기 당권 도전 가속도",Politics
"김민석, 사실상 당권도전 선언… “당원 바다서 민주 황금시대”",Politics
한성숙 총리 후보자 발탁…강훈식·정성호서 막판 선회 배경은,Politics
나경원 “'탱크로 밀어버려야 한다?' ‘박멸해야 한다?’ 이재명 정권 기준대로라면 즉시 구속수사·법정 최고형 처벌해야 마땅”,Politics
"‘친명 vs 친청’ 전당대회 대전 개막…김민석·송영길 광주 동행, 지도부 선거 책임론 부각",Politics
"李대통령, 2기 체제 전환 시동…내각·靑 인적 쇄신 본격화",Politics
"재보선 당선자들 의원실 배정...이재명 쓰던 818호는 송영길,한동훈은 친한계 포진 1022호",Politics
"유영하, '부의장' 조경태 찍은 의원들에게 ""그냥 당을 떠나라""",Politics
"李, '여성 기업인' 총리 파격 발탁… ""AI 대전환·국민 성장 적임자"" 판단",Politics
"김민석 ""당원의 바다서 황금시대"" 당권도전 시사…與 당권레이스 점화",Politics
"인천 연수구, ‘바람’보다 ‘인물’ 택했다…이재호 연수구청장, 3선 고지 올라",Politics
"매불쇼 최욱 ""일베는 탱크로 밀어야"" ⋯이준석 ""이 대통령, 일관성 보여야""",Politics
"총리직 사표 내자마자 당권 도전 선언...""각성과 혁신 요구"",정청래 겨냥해 작심 선언",Politics
'재투표' 현실적으로 어렵다는데 올림픽 공원 집회에 힘 싣는 張…왜?,Politics
"국민의힘 원내대표 경선, 샅바싸움 치열…하루 늦춰 10일 선출키로",Politics
'여성 기업인 총리' 낙점한 李대통령…경제대전환·분위기쇄신 포석,Politics
"민주당 ""국정조사 돌입, 특검도 고려... 장동혁, 부정선거론 손 들어주나""",Politics
신임 총리에 한성숙 지명…네이버 이끈 여성 IT전문가,Politics
"‘정청래에 도전장?’…방금 사표낸 김민석, 선거 결과두고 “민주당 각성과 혁신 요구”",Politics
"신임 국무총리 후보자에 한성숙 지명…""AI 대전환·모두의 성장 적임""(종합2보)",Politics
"광주 찾은 송영길 ""당대표 출마, 호남 민심 보고 결정""",Politics
"한 총리 후보자 인준절차, 인사청문회·본회의 거쳐야…내달초 취임 전망",Politics
"김정은 공항영접·카퍼레이드…北, 시진핑에 '초특급 의전' 예상",Politics
총선 공천권 걸렸다… 민주당 ‘당권 레이스’ 돌입,Politics
변화냐 내홍 격화냐…張버티기에 주목받는 국힘 원내대표 선거(종합),Politics
"달라진 ‘한미동맹’, 중·일과는 협력 확대…‘핵잠’ 박차[이재명정부 1년]",Politics
"국힘 원내대표 선거, ‘특정 후보 밀기’ 논란에 하루 연기(종합)",Politics
“재선거하라” 잠실 개표소 봉쇄 시위 사흘째⋯갇혔던 직원들 탈출 여부에 선관위 “확인 거부”,Politics
李대통령 취임 1주년 회견·유럽 순방…시진핑 방북...이번주(8~14일) 주요일정,Politics
"[속보] 김민석 ""이 대통령에 총리직 사임 전달…당원의 바다서 황금시대 열 것""",Politics
윤석열 ‘평양 무인기 의혹’ 이번 주 선고…8개 재판 어디까지 왔나,Politics
"北, 美무기 한국 판매 승인에 ""무책임한 무기 거래…군사적 긴장 예고""",Politics
국힘 새 원내대표 10일 선출…김도읍·정점식·성일종 '3파전',Politics
"이 대통령, 차기 국무총리에 한성숙 지명…기업인 출신 역대 두번째 여성 총리",Politics
“일정 촉박” 반발에… 국힘 원내대표 선거 10일로 하루 연기,Politics
"김민석 ""다음 임무는 강한 민주당""…당권 도전 시사",Politics
'한성숙 지명' 이 대통령 안정에 무게…후속 개각도 靑 인사도 '속도',Politics
"국회, 법사위 두고 원구성 난타전 벌어질까...與 상임위 독식 가능성은",Politics
"장동혁·한동훈, 존재감 과시하며 기싸움..당권경쟁으로 비화될까",Politics
"李대통령 배출 ‘명당’ 818호, 송영길이 물려받았다…한동훈은?",Politics
"송영길 “정청래 거취 볼 것…당대표 출마, 호남 민심 보고 정할 것”",Politics
"재선거론 다시 꺼낸 장동혁, 임기유지용인가…“다시 부정선거론 빠질 수 있다” 당내 비판 나와",Politics
김민석 “선거 결과는 민주당에 혁신 요구…실용 연합 민주당 돼야”,Politics
"장동혁 간 곳, 강남 빼고 다 떨어졌다…보수, 중도·절윤 중심으로 재편되나",Politics
"김 총리 ""당원의 바다에서 민주 황금시대 열겠다"" 당권도전 시사",Politics
"李대통령, AI·소상공인에 강점인 한성숙 ‘깜짝 발탁’",Politics
방북 시진핑의 '북핵 중재론'에 찬물...김정은·김여정 '핵무장' 연일 과시,Politics
“투표용지 문제된 지역만 재선거하자”…민주 일부 의원들 ‘역공’ 나서?,Politics
김민석 총리 “다음 임무는 강력하고 유능한 민주당”…당대표 출사표,Politics
김민석 “당원 바다서 민주 황금시대”…사실상 당권도전 선언,Politics
"이준석, 매불쇼 ‘탱크’ 발언 저격…“대통령이 불매·퇴출 선동할 사안”",Politics
20년 만 女 총리 후보 한성숙…청문회 쟁점은,Politics
"“스벅 미쳤다”던 친여 매불쇼, 2030보수남에 “박멸, 탱크로 밀어” “권력 몽둥이로 제압”",Politics
"與 노종면 ""문조털래유·뉴이재명 대립구도 극복하는 당권 리더십 필요""",Politics
차기 총리 후보로 한성숙 장관 지명,Politics
'투표 용지 부족' 국정조사 물살…지선 후폭풍도,Politics
"시진핑 방북 하루 전...북 ""핵보유국 지위 절대 불퇴""",Politics
'변화' 강훈식 아닌 '안정' 한성숙 지명에…與 '추가 차출' 부담 덜었다,Politics
책임론 봉착한 정청래·조국...여권 지형 변화 가속화,Politics
당권투쟁 시작됐다… 정청래 흔드는 김민석·송영길,Politics
"전한길 ""부정선거 결정적 증거 나왔다…李대통령 하야해야""",Politics
"이 대통령, 차기 총리에 한성숙 지명… ‘역대 두 번째 여성 총리’ 탄생 임박",Politics
"아무도 예상 못한 '파격인사'…차기 총리에 한성숙 지명, 이유는[프로필]",Politics
시진핑 방북 앞 '김정은·김여정 남매'의 잇따른 핵 행보…핵보유국 굳히기 시도,Politics
강훈식·정성호 아닌 한성숙 이유는…짧은 임기 맡길 관리형 총리 적임,Politics
[연합뉴스 이 시각 헤드라인] - 15:00,Politics
"張은 버티고, 黨은 끓는다… 원내대표 선거로 번진 국힘 내홍",Politics
"이 대통령, 신임 국무총리 후보자에 한성숙 지명…역대 2번째 여성 총리(종합)",Politics
‘핵심 승부처 패배’ 후폭풍…與 당권 주자들 ‘정청래 책임론’ 직격,Politics
"신임 총리 후보자에 한성숙…靑 ""AI대전환·모두의 성장 적임자""(종합)",Politics
"떠나는 김민석에 靑 극찬…""당신의 성과가 우리의 성과""",Politics
"음모론에 불 지른 극우 유튜버들...""6.3 부정선거"" 주장으로 슈퍼챗 하루새 1900만원 수익",Politics
"신임 총리에 한성숙 지명한 李대통령, 'AI 대전환·모두의 성장' 전면에",Politics
"李대통령, 총리 후보자에 한성숙 지명…靑 ""모두의 성장 이끌 적임자""(종합)",Politics
"한성숙 중기부 장관, 총리 후보 지명…20년 만의 여성 총리 탄생하나",Politics
"이준석 ""일베 '탱크'로 밀겠다는 최욱… 이재명, 이건 지나칠 건가""",Politics
"잠실 개표소 시위, 극우 대신 2030이 주도…일요일도 3000명 모여",Politics
"2030 청년들 주말에도 잠실 집결... ""재선거 불가피"" vs ""정치쇼 관둬라"" 여야 격돌",Politics
"李 대통령, 차기 총리 후보에 한성숙 장관 지명…20년 만의 여성 후보",Politics
"'거취 표명' 요구 뭉개는 장동혁 ""국민이 원하는 건 재선거""",Politics
"네이버 최고경영자 출신 한성숙, 20년 만에 두 번째 여성 총리... 이재명 대통령의 '파격' 총리 지명",Politics
"최욱 ""일베 범죄만큼은 탱크로 밀어야""…이준석 ""이 대통령, 퇴출 선동해야""",Politics
“일베는 탱크로” “몽둥이 들어야” 성난 민심 불 지르는 與 장외 스피커,Politics
"[2보] 李대통령, 신임총리 후보자 한성숙 지명…역대 두번째 여성총리",Politics
"李대통령, 새 총리에 한성숙 지명…임명 땐 두 번째 여성 총리",Politics
이 대통령 국무총리 후보에 한성숙 장관 지명…후속 개각도 관심,Politics
"장동혁 ""재선거 불가피""…민주 ""정치쇼 관둬야""",Politics
"이재명 대통령, 신임 국무총리 후보자에 한성숙 지명",Politics
"이 대통령, 새 국무총리 후보자에 한성숙 중소벤처기업부 장관 지명",Politics
"""이겼지만 웃을 수 없는 민주당, 이번 선거가 남긴 묘한 결과""",Politics
“현장에선 알았다”…오세훈 서울시장 당선의 신호들 [이미지 번역기],Politics
"주애 띄우기, 후계 포석? 정치 연출?…‘4대 세습’ 북한의 속내는 뭘까",Politics
6·3 지선 통해 출향 강원인 수도권 지방의회 곳곳에 포진,Politics
"'투표지' 셈법 온도 차...야 ""재선거 필요""·여 ""본질 흐리기""",Politics
與 박선원·최민희 “문제 지역만 재선거”…50곳 중 33곳이 서울,Politics
"국힘 원대 선거, 장동혁 체제 분수령…노선 경쟁 전초전",Politics
"이진숙, 국회 첫 인사에서 ""국회에 안좋은 기억 있지만""",Politics
첫 유럽 순방 나서는 李대통령…G7서 트럼프와 회담 성사 주목,Politics
"이준석, 최욱 '일베 탱크로 밀어야' 발언에 ""李·與가 퇴출 선동해야""",Politics
‘20년만에 또 여성 총리?’…姜·鄭 ‘대체인물난’...청와대 오늘 차기 총리 발표,Politics
"“北, 안보리가 정한 정제유 상한을 7배나 초과해 밀반입”",Politics
관행 탈피한 민선 9기 지방정부 인수위…실무형·미니 조직 구성(종합),Politics
"손훈모 당선인 “잘한 건 공무원 탓, 잘못한 건 시장 책임”···“소통 시장 되겠다”",Politics
‘물 만난 물고기’ 된 극우 스피커들···‘음모론’ 부추겨 하루새 1900만원 수익,Politics
장동혁 “어물쩍 넘기지 말고 재선거 해야”…이 대통령에 회담 요구,Politics
시진핑 7년 만의 방북… 김정은과 무슨 얘기 나누나,Politics
강훈식·한성숙·정성호…이재명 대통령의 선택은,Politics
"시진핑, 7년만에 방북… 북·러 밀착 속 中영향력 확인",Politics
"장동혁 “재선거, 정당 유불리 따질 문제 아냐”…李대통령에 회담 제안",Politics
"李대통령, 김민석 총리 후임 지명 전망",Politics
[일요와이드] '개표소 시위' 사흘째…여야 지도부 책임론 직면,Politics
"최욱 ""전두환식 탱크로 밀어야돼""…이준석 ""李대통령, 퇴출 선동해야""",Politics
"장동혁, 재선거 더해 사전투표 폐지 주장… 거취 묻자 ""올림픽공원 나가보라""",Politics
"김여정 ""미중 비핵화 합의는 날조""…시진핑 방북 D-1 '사전 차단'",Politics
장동혁 “선관위 직원 몇 명 교체로 끝내려 한다면 국민 분노 잠재울 수 없어…재선거해야” 李대통령에 즉각 회담 제안,Politics
"李 대통령, 이르면 오늘 오후 차기 국무총리 지명…취임 2년 차 총리는 누구?",Politics
국힘 소장파 “재선거가 당 지도부 입장인지 분명히 밝혀야”,Politics
"與 ""선관위 개혁기구 검토""…'재선거' 주장에는 ""논의한 적 없다""(종합)",Politics
"장동혁 긴급회견 ""전국 재선거, 사전투표 없애자""... 민주당 ""정치쇼 멈춰라""",Politics
이재명 대통령 차기 총리로 한성숙 중소벤처기업부 장관 지명…한명숙 이후 20여년 만의 여성 총리,Politics
"장동혁, 전면 재선거 요구…""사전투표도 없애야""",Politics
"북, 시진핑 방북 직전 “비핵화 불가”…중국에 ‘핵보유국 인정’ 압박",Politics
"'李대통령 회담 요구' 장동혁, 거취 결단엔 ""이 문제와 관련시키는건 적절치 않아""",Politics
"김 총리, 호남 방문·송영길 연대·지선 평가…당권 도전 임박",Politics
최욱·김어준 잇단 일베 비판 발언…이준석 “대통령도 입장 내야”,Politics
"[속보]국무총리 누가 될까, 이 대통령 7일 지명가능성 커",Politics
"“재선거” 요구한 장동혁 국힘 대표, 거취 논란엔 “올림픽공원 가보라”",Politics
"최욱 “일베, 탱크로 밀어야”…이준석 “李대통령, 퇴출 선동해야”",Politics
"北, 시진핑 방북 하루 전 ""비핵화 없다"" 못박아…中 입장 주목",Politics
"이대통령, 오늘 국무총리 지명할 듯…강훈식·정성호 거론에 한성숙도 급부상",Politics
"장동혁, ‘투표용지 부족’ 사실상 재선거 요구…“이 대통령, 즉각 회담 열자”",Politics
"장동혁 ""국민 원하는 재선거해야…李대통령 회담 요구""",Politics
제주 지방선거 끝났지만 고발전 남았다… 선거사범 54명 수사,Politics
"장동혁 ""올림픽공원 청년들에 답하라""… 이 대통령에 즉각 회담 요구",Politics
"장동혁 ""재선거, 정당 유불리 따질 문제 아냐…李 대통령에 회담 요구""",Politics
"장동혁 ""국민 원하는 재선거해야""…李대통령에 즉각 회담 제안",Politics
"김영진 ""한동훈, 내 복당 '절윤' 완성?...尹·김건희 태생, 업어 키워, 과오 반성 성찰부터""[여의도 진검승부]",Politics
"北 김여정, 시진핑 방북 앞두고 ""핵보유국 지위는 절대 불퇴""(종합)",Politics
‘전국 재선거’ 주장 나선 장동혁…“사전투표 폐지 해야”,Politics
총리 오늘 발표…姜·鄭 '대체인물난'에 한성숙 파격카드 부상,Politics
"장동혁 ""시민들 구호는 단 하나, 재선거… 李대통령 즉각 회담 요구""",Politics
고유가 대응 위해 기후동행카드 '월 3만원 환급' 시작…최대 9만원 환급,Politics
"장동혁 ""재선거 피할 수 없는 문제…李 대통령 즉각적 회담 요구""",Politics
대구 시민의 애달픈 사부곡은 당분간 계속될 것이다,Politics
"시진핑 방북 코앞 北 '비핵화 불가' 선언…""핵보유국 인정하라는 對中 압박""",Politics
"장동혁 “李 대통령, 당장 만나자…정치가 납득할 답 내놔야”",Politics
"북한, 중국·러시아산 '정제유' 수입…UN안보리 상한선 7배 넘었다",Politics
"한겨레, '잠실 시위대 해산' 계엄군 비유한 SNS 사과",Politics
[여의도풍향계] 희비 엇갈린 잠룡 성적표…대권가도 명암 교차,Politics
"""탄핵 집회 땐 커피 줬잖아""…아이유 SNS에 쏟아진 댓글 읽어보니",Politics
"시진핑 방북 앞둔 북한, '비핵화 불가' 쐐기",Politics
"장동혁, ‘투표지 사태’에 “전국에서 재선거 구호... 李대통령 회담 요구”",Politics
거취 압박 장동혁 “이 대통령과 회담 요구…국민과 함께 싸울 때”,Politics
"조수빈 전 아나운서 ""용지값이 없나… 선관위, 해체 아니라 분쇄""",Politics
"장동혁 ""재선거, 피할 수 없어…시민 함성 외면하면 쓸려갈 것""",Politics
"지선 끝나자마자…민주당, 전당대회 앞 당권 경쟁 급속 가열",Politics
"김여정 “비핵화는 거짓”…北, 시진핑 방북 앞두고 핵보유 정당성 주장",Politics
[연합뉴스 이 시각 헤드라인] - 10:30,Politics
"서울시장 승패 가른 2030 여성 유권자들 ""딱히 민주당이..."" [지금이뉴스]",Politics
"친여 유튜버 “일베, 탱크로 밀어버려야” 이준석 “李대통령, 퇴출 선동해야 할 사안”",Politics
"한동훈 ""리더는 결과 책임지는 것""…장동혁 거취 격돌 국민의힘?",Politics
"北, 제재 뚫고 정제유 7배 반입…석탄도 밀수출",Politics
"친여 유튜버 “일베, 탱크로 밀어버려야” 논란",Politics
"김여정 ""미중 정상의 '북한 비핵화' 동의? 완전한 날조 거짓정보""",Politics
"추미애, 유리천장 깼다지만…여성 기초단체장은 3.9%뿐",Politics
"북한, UN 안보리 규제 7배 넘는 정제유 몰래 들여와…중·러 수입 추정",Politics
김여정 “비핵화는 거짓”…시진핑 방북 앞두고 핵보유국 주장,Politics
"北, 시진핑 방북목전 '비핵화 불가' 공언…핵능력 확대의지 발신",Politics
"김여정 ""핵보유국 지위는 절대불퇴 한계선…어떤 위협도 용납안해""",Politics
"李대통령 부부, 아이스커피 들고 떡볶이 맛 봐…상인들 ""일 잘해주셔 감사""",Politics
[뉴스초점] '투표지 사태' 후폭풍 계속…'책임 공방'은 가열,Politics
"[일요와이드] 투표용지 부족 사태 후폭풍…시위대, 사흘째 개표소 봉쇄",Politics
"침묵 그리고 ""끝까지 싸우겠다""…장동혁은 왜 72시간 만에 달라졌나",Politics
“北석탄 불법수출 작년 150만t·정제유 반입상한 7배초과…李정부 대북제재는 0건”,Politics
"北김여정 ""미중, 비핵화 동의한 적 없어…핵보유국 지위 절대불퇴""",Politics
"유영하, 조경태 '28표'에 ""초딩보다 못한 짓…그냥 당 떠나라""",Politics
김여정 “핵보유는 절대불퇴…어떤 위협도 용납안해”,Politics
“일베 대리인이냐”…선관위 홍보 영상·KBS 개표방송에 ‘홍어’ 등장,Politics
"김여정, 시진핑 방북 하루 앞두고 “핵보유국 지위 절대 불퇴”",Politics
"김대중·노무현을 보라…낙선자, 더 큰 정치인 될 수 있다",Politics
군함 못 만드는 미국…한국 조선소 문 두드렸다 [박수찬의 軍],Politics
지자체 과장·국장 승진 빨라졌지만…5급은 적체 심화,Politics
전한길 “부정선거 결정적 증거 나왔다…이 대통령 하야해야”,Politics
"""이재명이가 잘하긴 허는디""…호남 민심의 진짜 속내",Politics
"""송도 1·2동 사전투표 득표수가 똑같네?""…개표 결과에 온라인 '술렁'",Politics
"美 육군, 대형 무인정찰기에 고출력 ‘레이저 무기’ 단다[이현호의 밀리터리!톡]",Politics
"법망 바깥의 '조롱·혐오'… 대통령이 꺼낸 '일베 폐쇄' 카드, 이번엔 통할까",Politics
"7년 전엔 새 숙소도 지어 준 북한…시진핑 맞이, 푸틴보다 성대할까",Politics
"北김여정 ""핵보유 지위 절대불퇴…어떤 위협도 용납안해""",Politics
"“실패한 선거” 쏟아진 비판…정청래, 고비 넘겼지만 연임 ‘가시밭길’",Politics
"北 김여정 ""핵보유국 지위는 절대불퇴의 한계선…어떤 위협도 용납안해""",Politics
"김여정 ""핵보유국 지위 절대불퇴…어떤 위협도 용납안해""",Politics
'입법 전선' 앞에 선 민주당…앙금 털고 범여권 협력 기류 고개,Politics
"北김여정, 미국 겨냥해 “핵보유 지위 절대불퇴…어떤 위협도 용납안해”",Politics
"""선거일 미뤄야"" 주장에 송언석 면담…野 원내대표 선거 신경전 가열",Politics
北매체서 자취 감춘 독도…'적대적 두 국가' 선언 여파인 듯,Politics
보수는 '오세훈·한동훈' 굳히기…진보는 '포스트' 안 보인다,Politics
"與, 금주 전대 준비 논의 착수…차기 당권 경쟁 모드 급속이동",Politics
변화냐 내홍 격화냐…張버티기에 주목받는 국힘 원내대표 선거,Politics
"원 구성 협상, 이번엔 언제쯤 마무리…최장 125일 걸린 적도",Politics
시진핑이 주애 만나면 '후계자' 등극?…中의 '4대 세습 인정' 관전포인트,Politics
"[나사 빠진 선관위]③공염불 그친 개혁 약속…""선관위원 비상임 체제, 소수 상임체제로 바꿔 책임지게 해야""",Politics
"거세지는 국힘 내 '장동혁 책임론'…張, 거취 선택 주목",Politics
'8말9초' 민주당 전대 개최…대권까지 바라보는 당권 경쟁 시동,Politics
원구성 협상 본격화…상임위 배분 놓고 '강 대 강' 대치 예고,Politics
미국도 주목하기 시작한 ‘李 대통령 공소 취소’,Politics
역대급 '강한 여당' 계속...당·청 관계에 쏠린 시선,Politics
"돌아온 한동훈, 버티는 장동혁…국힘 당권투쟁 급가속",Politics
"""뽑을 이유 없던데요""…2030 서울 여성은 왜 정원오를 외면했나",Politics
‘민주당 이변’ DJ 고향을 잃었다…신안군수 5선 실패 뒤 ‘진짜 민심’,Politics
홍준표 “공소취소 특검 때문에 與 압승 못해”,Politics
장동혁 사수보다 한동훈 견제?…국힘 새 원내대표 선거 셈법,Politics
지선 '반쪽 승리'에 與 내부 '일촉즉발'…전대서 폭발 조짐,Politics
북구 민심 흔든 한동훈의 '새 선거 문법'…그 뒤엔 '올라운더 조력자' 있었다,Politics
與 당권경쟁 서막…정청래와 각 세우는 송영길 향해 김민석 손짓,Politics
"[르포] ""인생 첫 투표, 참정권 뺏겼다""…올림픽공원에 울려퍼진 '재선거'",Politics
"“16번 이사, 아들 둘 군인의 길”…정춘복 중령 아내 김정아 씨 “다시 태어나도 군인의 아내 될 것” 감동",Politics
"‘훈훈’ 없었으면 어쩔 뻔…오세훈 한동훈, 벌써 야권서 차기 대선주자 거론?",Politics
[르포] 김부겸의 라스트 댄스… 대구시장 출마 67일의 기록,Politics
국민의힘 새 '원내 사령탑'은?...장동혁·한동훈 쟁점,Politics
"돌아온 한동훈, 버티는 장동혁… 보수 재건 어디로",Politics
"尹, 특검서 경찰이 조사하자 진술거부…“검사가 와야”",Politics
"“떡볶이 먹고 콩가루 구매”…李대통령 부부, 전통시장 ‘깜짝’ 방문",Politics
"강수진 후임 인선 논란에…문체부장관 ""허황된 뜬소문""",Politics
친한계 “한동훈 등장에 ‘친윤 주도권’ 계산”…국힘 원대 선거 속도전에 반발 확산,Politics
"'黨복귀 임박' 金총리, 광주서 지선 평가 언급하며 ""혁신해야""(종합)",Politics
"조갑제 ""장동혁, 민주당의 전략자산·비밀 선거운동원"" 직격탄",Politics
[단독] 국민의힘 의총서 '박덕흠 국회부의장 후보' 뽑았는데…본회의 '조경태 28표',Politics
[통일전망대] 떠오르는 북한 권력 실세 내각총리 박태성,Politics
사퇴하면 끝?…'투톱' 사라진 선관위 '마비',Politics
“시의회 국힘 과반 깨졌다”…보수 텃밭 대통령 고향 ‘안동’에 민주당 바람,Politics
"한 손엔 유모차, 한 손엔 태극기…2만 명 모였다",Politics
"장동혁, 서울시장 승리 뒤 '재선거' 침묵‥측근들의 외침",Politics
"정희용 ""잠실 모인 청년·시민 목소리 외면 않아…국힘, 끝까지 싸운다""",Politics
“당대표가 책임져야” vs “네 탓 말고 내 탓”…민주당 지방선거 책임론 충남서도 충돌 [6·3의 선택],Politics
"李대통령 측근 김용, 정청래 저격… “승리 자축할 때 아냐”",Politics
"'투표용지 사태'…與 ""원구성해 국조·특검"" 野 ""귀 막으면 정권 종말""",Politics
송영길 '이 대통령 방' 물려받고 당권 레이스 시동…한동훈도 친한계와 '같은 층' 배정,Politics
"""한국 주가 부밍!"" 건배사 외친 젠슨 황…'형님 회동' 분위기 후끈",Politics
"‘黨복귀 임박’ 金총리, 지방선거 결과에 “다시 긴장해야”",Politics
"""민주당 와도 마이크 주겠다"" 초당적 집회 강조했지만... '윤 어게인' 배지 곳곳에",Politics
"내가 '수괴'라고? 의대에서 제적당한 뒤에 벌어진 일 [김종성의 '히, 스토리']",Politics
"이 대통령, 강동구 전통시장 '깜짝 방문'…상인들 ""내일도 오시라""",Politics
[뉴스더] 선관위 '투표참사' 왜 반복되나?,Politics
"최강욱 ""영남 유권자, 강도와 가까워진 인질""…잇따른 '선거 불복성 발언' 논란",Politics
"[단독] '계엄 정당화 메시지' 추궁…윤 ""경찰 조사 거부"" 실랑이",Politics
여야 ‘당권 경쟁’ 본격화,Politics
장동혁 “목숨 걸고 싸울 것”…선거 평가엔 침묵,Politics
비례대표 ‘당락 번복’ 네 탓 타령…선거인 명부 노출 논란도,Politics
5000t도 불안한데 1만t 구축함…김정은의 진짜 노림수 [박수찬의 軍],Politics
"콩가루 산 뒤 냉면 ‘맛점’…李대통령 부부, 강동 전통시장 깜짝 방문",Politics
"송언석 사퇴 하루 만에 9일 선거 강행... ""밀실 야합"", ""한동훈 막으려 친윤이 판 짠 것"" 내부 반발",Politics
"정청래, 선거 뒤 '숨 고르기'...'물밑 경쟁'은 이미 시작?",Politics
"""12대4에 취해 자축할 때 아니다""...정청래 향한 민주당 내 책임론 분출",Politics
"[데일리안 오늘뉴스 종합] ""배신 단죄할 때 정의로운 통합"", 지선 이후 첫 주말 '시끌', '검은 월요일' 우려↑, 젠슨 황 한 끼, 스페이스X 상장 임박 등",Politics
"TK 밖에선 안 통했다…‘선거의 여왕’ 박근혜, 재평가론도 멈출까",Politics
"“일 잘해 주셔서 감사하다”…이재명 대통령, ‘깜짝방문’ 전통시장서 환대받아",Politics
‘3선 성동구청장’ 내세운 정원오…정작 성동구는 ‘몰표’ 안 줬다,Politics
"'검찰 선배' 양부남 ""한동훈이가 '이재명 공소취소 저지' 깃발?...300분의 1, 쫄기는 뭘 쪼나""[여의도 진검승부]",Politics
월남전 노병 “전쟁나면 최전방 보내달라”…李 “안 나게 하겠다”,Politics
방진회 상근부회장에 이남우 전 보훈처 차장 내정[이현호의 방산!톡],Politics
"[속보] 종합특검, 윤석열 첫 피의자 조사 6시간 반만에 종료",Politics
"""이유는 뻔해"" 사퇴 하루 만에 9일 원내대표 선거…국민의힘 당내 반발 '부글부글'",Politics
"尹 종합특검 첫 피의자 조사, 6시간30분 만에 구치소로",Politics
"이준우 ""한동훈, 불리하면 '제가요?'...유리하면 '제가!', 이걸로 다 설명, 진짜 자기중심""[여의도 진검승부]",Politics
김용 “서울시장 탈환 실패 정청래 책임…한동훈 선서에 분노”,Politics
"대통령 권한 밖 일인데 ""대통령이 책임지라""는 막무가내 국힘",Politics
"“민주당 숨은 병기였다”… 조갑제 직격탄, 장동혁 책임론 넘어 보수 내전",Politics
[뉴스1번지] 투표용지 사태 파장…'국조'에 '특검' 주장까지,Politics
"[현장] 투표용지 부족사태에 거리로 나온 2030… ""어른들 어디에?""",Politics
"개혁신당 ""부정선거 음모론자들, '코인팔이' 나서지 말고 조용히 빠져라""",Politics
"김민석 ""모르는 사이 '좋아요' 다수 눌렸다…페이스북 활동 중단""",Politics
"李대통령 부부, 강동구 재래시장 '깜짝방문'…시민들 ""일 잘해줘 감사""",Politics
"李대통령, 강동구 전통시장 '깜짝방문'…상인들 ""내일도 오시라""",Politics
"김민석 ""페이스북에 내가 안한 '좋아요' 잇따라 눌려""…정청래 비판 '좋아요' 논란도",Politics
"국힘, 9일 차기 원내대표 선거에…'특정인 선출 위한 속도전' 비판",Politics
"이성배 ""노태악 사퇴는 책임의 시작…투표지 사태 철저히 규명해야""",Politics
"안철수 ""환율 정말 큰일인데…돈 퍼붓고 쏟아서 무작정 코스피만 올리면 되냐""",Politics
"""이재명은 지지, 민주당은 불신""…2030 여성 표심이 보낸 냉혹한 심판",Politics
"성일종 ""'위드후니' 한동훈 부대 부러워, 우린 못 해...복당, 정권탈환 차원서 결정""[여의도 진검승부]",Politics
"서울 놓친 민주당, 지켜낸 국민의힘… 이제는 당권 전쟁",Politics
"국힘, 9일 원내대표 선거 공고…일각 ""특정인 위한 속도전"" 반발",Politics
"김민석 ""페북에 저도 모르는 '좋아요' 눌려…엑스로 소통""",Politics
"정청래 비판글 '좋아요'…김민석 ""원인 불명 '좋아요'에 페북 활동 중단""",Politics
국가유공자 만난 李대통령 “희생에 감사...전쟁 안 나도록 하겠다”,Politics
"보훈 환자 만난 李, ‘최전방 또 가겠다’ 말에 “전쟁 안 나게 하겠다”",Politics
"장동혁 사퇴론 번지는 국민의힘.. 돌아온 한동훈 ""리더는 결과 책임져야""",Politics
오세훈 5선 확정되자 서울시 1급 간부 전원 사표…대규모 물갈이 예고,Politics
"한 고문피해자에겐 사형을, 또 다른 피해자에겐 무죄를, 김헌무의 이중 잣대",Politics
"""내가 누른 것 아냐"" 총리 페북 해프닝..김민석 총리, 페이스북 전격 중단",Politics
"김영진 ""오세훈, '명픽' 꺾고 대권행?...화장발 정치, 실력 의문, 실체 똑바로 잘 봐야""[여의도 진검승부]",Politics
"지선 패배 후 첫 최고위, 장동혁 '내려놓겠다'는 말 없었다",Politics
"김민석 총리, 결국 페이스북 활동 중단… ""나도 모르는 '좋아요' 다수 눌려""",Politics
"“엑스·인스타그램 쓰겠다”…‘페북 중단’ 김민석 총리, 이유는?",Politics
"‘좋아요’는 정치가 아니었다…김민석 국무총리, 보안 뚫린 SNS 결국 활동 중단",Politics
국방부 ‘국민의 군대’ 표방…KF21 성과·전작권전환 과제[이재명정부 1년],Politics
돌아오는 '한국의 트럼프'…X 정치의 두 얼굴,Politics
"김민석 ""저도 모르는 '좋아요' 다수 눌려…페북 활동 중단""",Politics
"고성국 ""오세훈, 재선거 요구하라""…국힘은 '눈치 좀 챙기지…?'",Politics
"6.3 지방선거 안산, 시장만 국민의힘 승리한 이유는",Politics
"박지원 ""정청래·김민석·송영길, 정권재창출 실패 文 정권 반면교사...분열, 지면 다 죽어""[여의도초대석]",Politics
'李 대통령 방'에 송영길 입성…한동훈은 친한계 의원 옆 둥지,Politics
김현정 “조국당과 합당? 당장 현실화 어렵다”,Politics
"국힘 ""'사퇴 책임론' 장동혁, 많은 의원 목소리 폭넓게 경청 중""",Politics
김어준 5일간 1400만원 벌었지만…예전만 못한 '선거특수' [신현보의 딥데이터],Politics
[토요와이드] '투표지 사태' 일파만파…'국조'에 '특검' 주장까지,Politics
2030 우경화때문에 정원오 졌다? 대구를 보십시오,Politics
박지원 “대통령 일 잘한다고 까불지 말라는 경고 받은 것”,Politics
“대통령 덕분에 이겼다”는 정청래…민주당이 이긴 게 맞을까,Politics
"조갑제 “장동혁, 민주당의 전략자산이자 숨은 병기”",Politics
"장동혁 ""이재명·민주당, 투표지 사태 귀 막고 버틴다면 정권 종말""",Politics
"한동훈·오세훈 승리에도 보수 재편 어려운 이유? 민주당, 서울시장 패인 3가지![인터뷰]",Politics
역대 정부별 '집권 1년차' 부동산 비교[김유성의 통캐스트],Politics
"김정은, '강건호' 항해시험 참관…""해군무력으로 핵전쟁 억제""(종합)",Politics
"김정은, 좌초됐던 '강건호'서 해군력 과시...""시진핑 방북 앞서 비핵화 차단선 설정 의도""",Politics
지방선거 결과가 민주당에 던진 진짜 위기 [취재파일],Politics
"초라한 지선 성적에 ""당이 대표 발목 잡고 있다""는 개혁신당 이기인",Politics
"오세훈 ""선관위 해체 후 재구성 필요…李대통령, 큰 책임감 느껴야""",Politics
"김정은, 신형 구축함 '강건'호 항해 시험 참관…'이지스함급 건조'(종합)",Politics
"오세훈의 대역전극, 그리고 홀로 웃지 못한 한 사람",Politics
[김순덕의 도발]李대통령의 ‘면’이 깎였다,Politics
[靑비서관열전]④정을호 정무비서관…당직자·의원 거친 ‘정무통’ 비서관,Politics
“여긴 선거운동 안 와” 선거철 투명도시…300만표가 사라졌다,Politics
[나사 빠진 선관위]②'소쿠리 투표' 등 선거 때마다 사고…부실 관리로 선거 불신 자초,Politics
"與김한규 “정원오, 너무 점잖아...서울시민들에게 확신 못 줘”",Politics
서울 놓친 민주·4곳 건진 국힘…정청래·장동혁 동시 책임론,Politics
"尹, '계엄 정당화 지시' 혐의로 오늘 종합특검 첫 출석",Politics
"‘보수 분열’ 야 PK의원, 2년 뒤 총선 장담 못한다",Politics
"'승부처' 죄다 틀렸다…'진보 편향' 출구조사 결과, 오류 원인은[금주의 정치舌전]",Politics
"與 김한규 ""나도 정원오 잘 몰라…소극적·점잖은 선거 캠페인이 패착""",Politics
"윤석열, 오늘 종합특검 첫 출석···‘계엄 정당화 메시지 전파’ 의혹",Politics
벽 못 넘었지만…'지역주의 해소' 씨앗 남겼다,Politics
"'윤석열의 유산' TBS 폐국, 민주당 '1호 조례'로 돌려 놓아야[박세열 칼럼]",Politics
"""이 결과 바꿀 수만 있다면‥"" 무급 버티다 '망연자실'",Politics
"‘정청래 책임론’ 공방 가열, ‘장동혁-한동훈 대전’ 폭발 전조 [논썰]",Politics
국힘 재편 분수령 될 원내대표 선거...김도읍·정점식·성일종 3파전으로,Politics
[취재파일] 북한의 핵보유 '인정투쟁'은 어떻게 진화해 왔나,Politics
"희비 엇갈린 ‘대권 잠룡’, 한동훈과 조국의 운명은…",Politics
"서정욱 ""한동훈 당선되더니 전화 안 받고 요란한 국회 등원…복당 어려워""",Politics
"시진핑, 7년 만의 북한 방문…김정은과 한반도 문제 논의하나",Politics
李 취임 1주년…여야 정치권과 역학 관계 어떻게 변했나[이재명정부 1년],Politics
'대통령 고향' 안동서 민주당 49% 득표…1천599표 차 접전,Politics
"""군인과 우는 여성 기억나요""…9살때 벨기에 입양된 김중선씨",Politics
[이슈&한반도] 새 우라늄 농축시설 공개…“비핵화 불가 메시지” 외,Politics
"친한계, 장동혁 지방선거 자평에 ""희망의 불씨? 안 물러날 희망?""",Politics
서울 졌는데 정청래 비판 멈춘 ‘반청’ 최고위원…입꾹닫 이유는?,Politics
"최강욱 ""영남 유권자는 강도와 가까워진 인질... 스톡홀름증후군 걸려""",Politics
"[르포]강엔 고속단정, 하늘엔 드론…12㎞ 한강하구 철통경계[이현호의 밀리터리!톡]",Politics
"[6·3이 남긴 것들] 신뢰 잃은 민주주의 파수꾼…선관위, 존폐 걸린 '쇄신론' 직면",Politics
양이원영 한수원 이사 선임? 보신탕집 사장이 애견협회 회장 되는 꼴,Politics
李정부 2년차 이끌 총리 후보에 강훈식 급부상…이르면 7일 지명,Politics
원내대표 ‘사퇴’·장동혁 ‘정면 돌파’?…국민의힘 쇄신 어디로,Politics
“요즘 지하철 막차 텅텅 비었네”…사라진건 사람 아닌 회식이었다,Politics
송파 '미개표' 추가 발견…서울시의원 비례 결과 뒤집혀,Politics
집권 2년 차 '개각' 촉각...청와대 참모진 개편도 주목,Politics
[여기는 논설실] 강남의 확장…아파트가 다시 쓴 서울 표심 지도,Politics
[주간政談<하>] 승리 속 무거운 분위기…정청래에 쏠리는 시선,Politics
"반환점 돈 22대 국회…여야, 원 구성 협상 돌입",Politics
"'절반 승리' 정청래, '선거 패배' 장동혁…책임론 커지며 '암운'",Politics
[6·3이 남긴 것들] 정책은 사라지고 의혹만 남았다…네거티브에 잠식된 선거,Politics
‘열성 지지층’ 아닌 ‘심판자’였다…서울시장 선거에서 ‘민주당 불신’ 드러낸 20·30 여성들,Politics
“영남 선거 안 할라카나”…김부겸 분패 부른 내부의 복병,Politics
4년 전 소쿠리 이어 또…선관위원장·총장 동반 불명예 사퇴,Politics
집토끼도 못 잡은 정원오…민주당이 본 서울 내준 이유는,Politics
"숨 고르기 들어간 조국…""전쟁 포기 없다"" 했지만 복귀 경로 안갯속",Politics
고발 4개 먹고도 다 터트렸다…‘오세훈 역전’ 숨은 공신 그 [스팟인터뷰],Politics
3.3㎡당 2000만원 이 기준따라…투표율·지지후보 확 갈렸다,Politics
"與, 서울 패배에 '정청래 책임론' 파열음…당권 경쟁 본격 점화",Politics
전·현직 대통령 '총출동'...선거판 손익계산서는?,Politics
'연임 먹구름' 정청래·'사퇴요구' 장동혁...여야 대표 운명은?,Politics
"오세훈에 표 몰아준 2030 ""민주당이 우릴 놓친 것은…""",Politics
상처만 남은 평택을은 전초전…진짜 '명청대전'은 여름에 열린다,Politics
"""어이 동생, 트럼프가 뭐랬냐면…"" 北가는 시진핑에 쏠리는 시선",Politics
"국힘, 8곳 지켜낸 비결 따로 있었다… 구청장은 당보다 '일잘러'",Politics
"서울·경남 다 틀렸다… 빗나간 출구조사, 보수가 입 다문 이유는",Politics
"""대통령 이름만 팔았다""… 지선 이기고도 흔들리는 민주당 지도부",Politics
"'북핵 묵인' 시진핑의 7년 만의 방북... 北, 핵보유국 지위 더 굳어진다",Politics
[단독] 배현진이 이 시국에 일본을 갔다고? 진짜로?,Politics
해군작전사령관에 곽광섭…육군 3군단장에 ‘비육사’ 김종묵,Politics
친명 “광역비례도 부진 뼈아파”… 친청 “당대표 사퇴가 최선인가”,Politics
"여야, 조작기소 특검법-檢 보완수사권 폐지 놓고 벌써부터 전운",Politics
송언석 “새 출발 필요” 조기사퇴… 장동혁 체제 유지 최대 분수령,Politics
4년 만에 또…선관위원장·총장 동반 사퇴,Politics
"아파트값 3.3㎡당 2000만원 기준, 투표율·지지 양상 달라졌다",Politics
"“민주, 계엄 빌미 맘대로 하던 시간 끝나…국힘, 여권 실책에 겨우 버텨와”",Politics
커지는 사퇴론…국회대신 ‘개표소’ 간 장동혁,Politics
"서울 2030, 이념보다 이슈... 절반 넘게 오세훈 찍었다",Politics
"시·도지사는 이당 찍고, 구청장은 저당 찍고… 서울·부산 교차투표 뚜렷",Politics
"“선관위를 무풍지대로 둬선 안돼”… 與野, 구조개혁 논의 나서",Politics
“장동혁은 선거 저승사자”... 유세 간 곳은 기초단체장까지 떨어졌다,Politics
송영길은 李 쓰던 방… 한동훈은 친한계와 같은 층 사무실 배정,Politics
장동혁 거취 놓고… 野 원내대표 후보들 격돌 예고,Politics
차기 대표로 김민석 미는 친명계 “정청래 연임 막아야”,Politics
"""질적 패배"" 정청래 책임론‥당권 경쟁 '불씨'",Politics
"경찰 투입, 몸싸움 대치‥서울 개표 겨우 완료",Politics
'조국 사퇴'에도 연대론 꺼낸 정청래…범진보 재편 방향은?,Politics
"[주간政談<상>] ""한동훈, 선거에 미쳐 있었다""…측근이 본 당선 비결",Politics
[6·3이 남긴 것들] 갈라치기·격전지 방문·투표지 노출…李대통령 논란의 장면들,Politics
"“투표용지 부족” 송파구 공무원 질문 쏟아졌지만, 선관위 답변은 없었다",Politics
"박지원 “MB·박근혜, 꼴뚜기·망둥이 같은 자들 때문에…”",Politics
국회 李 쓰던 방에 송영길 들어갔다…한동훈은?,Politics
"진중권 ""호랑이굴에 들어간 한동훈, 선거운동의 교과서 썼다""",Politics
"‘정청래도, 장동혁도 흔들’…여야 대표 선거 책임론 직면",Politics
"국힘, 새 원내대표에 김도읍·성일종·정점식 도전장…선거일 연기 요청(종합)",Politics
[인터뷰 전문] 오세훈 서울시장,Politics
[따져보니] 헌재 심판대 오른 투표용지 부족사태,Politics
"[데일리안 오늘뉴스 종합] '전략가' 배현진·'공격수' 김재섭…오세훈 극적 승리 견인한 '투톱', 박지원 ""국민, 민주당 향해 '李 일 잘한다고 까불지 마' 경고"" 등",Politics
"한동훈 ""장동혁, 정치 리더는 결과에 책임지는 것…복당, 급할 것 없어""",Politics
"선관위, 설득 대신 물리력 선택…경찰 1000명 동원 투표함 반출",Politics
KBS 개표방송 ‘홍어’ 논란… 선관위 “걸러내지 못해 국민께 깊이 사과”,Politics
"""특정 후보 유리하게?""…성일종 ""원대 선출 일정 연기해달라""",Politics
"""내가 진짜 유일 후보""…결국 무효표만 108만 표",Politics
"[비하인드 뉴스] 한동훈 ""그날, 이곳에 있었다""…옆자리 잘못앉고 '두리번'",Politics
'장동혁 사퇴' 압박 가열…'무능·역주행' 비판,Politics
"한동훈 ""시민 힘으로 복귀""…송영길은 '818호'",Politics
"시위대가 차량 막고 ""신분증이요""…유리창 깨지기도",Politics
중장 3명·소장 11명 진급…김종묵 육군 3군단장 ‘비육사 출신’,Politics
"“35매 남았다” “투표 중단됐다”... 현장 아우성, 선관위 묵묵부답",Politics
"[단독] ""우라늄 국내 농축, 미국에 공식 요청""‥미국도 ""들어보겠다""",Politics
"20시간 갇혀 탈진…""모자란 집단과 일 못해"" 분통",Politics
육군 3군단장에 ‘비육사’ 김종묵…軍 소장 3명·준장 11명 진급,Politics
"돌아온 한동훈 ""형극의 길서 복귀…보수 이미 재건 시작""(종합2보)",Politics
[뉴스프라임] 노태악 선관위원장 사퇴…'투표지 사태' 파장 계속,Politics
육군 3군단장에 ‘비육사’ 김종묵…해군작전사령관 곽광섭,Politics
"쫓겨날 때 넥타이 다시 매고 복귀한 한동훈 ""같은 길 걷겠다""",Politics
"軍, 중장 3명·소장 11명 전반기 장성 인사…3군단장엔 '비육사' 출신",Politics
"서정욱 ""한동훈 복당? 장동혁 체제에선 영원히 못해...韓, 당선되니 내 전화 안 받아""",Politics
"국방부, 전반기 장성 인사 단행…육군 윤한일·해군 조충호·공군 박흥재 중장 진급",Politics
송파 '미개표' 추가 발견…시의원 비례 결과 뒤집혀,Politics
시위대 강제 해산…35시간 만에 꺼낸 '잠실 투표함',Politics
"사퇴 요구 받는 장동혁‥""선거 저승사자냐"" 쓴소리",Politics
"국힘 송언석 원내대표직 사퇴…""국민 뜻 받들어 새 출발 해야""(종합)",Politics
"장동혁, 개표소 찾아 ""목숨 걸고 투쟁""‥김민수 ""재선거해야""",Politics
불 붙는 '민주 전대'...'정청래 책임론' 속 김민석 등판·송영길 변수[여의뷰],Politics
"쓰레기통 뒤집고 욕설하더니‥""개표소 출입구 틀어막아""",Politics
"올림픽공원 개표소 봉쇄한 시위대, '재선거' 요구하며 시민 감금까지[르포]",Politics
"""장동혁 스벅 전략, 2030에 통했다"" 당권파 황당 해석",Politics
"김도읍·성일종·정점식, 국민의힘 원내대표 도전장…‘분열 극복’ 한 목소리",Politics
"[아는기자]오세훈-한동훈, 보수 구심점 경쟁 시작?",Politics
"""용지 동났다"" 곳곳 비명‥그날 단톡방 들여다보니",Politics
체급 낮춘 손혜원부터 첫 중국 동포 출신까지…이색 당선인들,Politics
육군 3군단장에 '비육사' 김종묵…해군작전사령관 곽광섭,Politics
"""저승사자 장동혁"" 안 나가면…국힘서 터진 '강제 퇴진론'",Politics
"선거 때 무더기 휴직하는 선관위…""표 차이 적으면 구의원 재선거 가능""",Politics
"[단독] 밤새 갇힌 '국힘쪽' 참관인…""중국이랑 짰지"" 온갖 협박",Politics
“조국만도 못하다”…거세지는 장동혁 퇴진론,Politics
"[뉴스추적] 흔들리는 장동혁? 국회 입성 한동훈과 대역전극 오세훈…서울 놓친 정청래, 김민석·송영길이 연임 제동?",Politics
"[인터뷰]한동훈 “복당, 급할 것 없다…쟁점화하면 당권파 도와주는 결과”",Politics
"국힘 당내선 '장동혁 책임론' 분출…""독선적 당대표 쓸모없어""",Politics
국힘 원내대표 9일 뽑는다... 당내 “무리한 일정” 비판,Politics
“장동혁은 ‘선거의 저승사자’…지도부 물러나야” 국힘 친한계,Politics
"""함께 싸우자"" 확성기 들고 나타난 장동혁 '아이러니'",Politics
법사위에 김남국·김의겸·한동훈?…‘최대 화약고’ 되나,Politics
"돌아온 방통위 ‘투톱’…이진숙·김태규, 과방위 저격수로?",Politics
"주류 정점식, 쇄신 김도읍, 중립 성일종…국힘 원내대표 3파전",Politics
"한동훈, 금배지 달고 돌아와 “권력 폭주 막겠다”",Politics
[민심 X-ray] '60%대 전광판' 李의 1년…입법·행정에 '지방권력'까지 얻었다,Politics
2030 여성은 왜 정원오를 선택하지 않았나… ‘집토끼’ 취급에 돌아선 표심,Politics
"송파 주민 정보 털어간 시위대…황교안 ""나 변호사야, 어딜!""",Politics
"""이딴 게 나라냐"" 반출 막던 부정선거 시위대 '오열'",Politics
"개표소 에워싸고 기자 위협…""당신 선관위지?"" 무법천지",Politics
잠실7동 봉쇄 35시간의 후폭풍… 투표함은 열렸지만 '재선거' 요구 계속,Politics
[강원 지선]② 강원 지방 권력 ‘민주당’ 우위 ‘지각변동’,Politics
"'투표지 사태' 질타 쏟아진 선관위, 끝내 수장 사퇴…쇄신 수순(종합)",Politics
연평도 해상 함정서 부사관 사망…머리 출혈 상태 발견,Politics
"""용지 없다"" 단톡방 아우성인데…선관위 관계자 '충격' 답변",Politics
"투표지 부족, 숨은 문제는 '인쇄'보다는 '이송'이었다[박지환의 뉴스톡]",Politics
"사퇴론 직면한 장동혁, 나홀로 장외투쟁… ""선관위와 싸우겠다""",Politics
선관위 때리며 버티는 장동혁…당 일각 “끌어내려야”,Politics
"한동훈, 무소속 등원 첫 일성 ""보수 재건해야…지금 상태론 미래 없다""",Politics
"""포기하지 않는다""며 떠난 한동훈, 국회로 돌아왔다",Politics
"국회 첫 등원 한동훈 ""시민의 힘으로 돌아와…보수 재건""(종합)",Politics
[현장] 한동훈·김남준·이진숙 등 첫 등원…계엄·면직 언급에 '술렁',Politics
국회 입성 이진숙 “다수당에 안 좋은 기억”…민주 “그럼 하지 말라”,Politics
"한동훈 ""장동혁 거취, 시민들이 이미 결정해준 것""",Politics
"'등원' 한동훈 ""보수재건 위해 국힘 돌아갈 것, 구체적 단계는 아직""",Politics
'당권 재편·한동훈 복당' 달렸다...국민의힘 원내대표 레이스 총성,Politics
"국힘 책임론 분출속…송언석·정점식 사의, 장동혁 버티기, 한동훈 등원",Politics
"국회 입성 한동훈 ""권력 폭주 막겠다""",Politics
[현장]'돌아온 형님' 송영길·이광재에 쏟아진 박수…출렁이는 당권 구도,Politics
“백서발간”한다지만 커지는 정청래 책임론…8월 전대 국면 본격화,Politics
"의총은 불참하고 개표장·선관위만 오가는 張…친한계 ""선거 참패 지우개 아냐""",Politics
민주당 송영길·이광재·김남준·전은수 의원…국회 첫 등원,Politics
위태로운 국힘 지도부 … 張 사퇴 압박 확산,Politics
"돌아온 한동훈 ""형극의 길 걷다 시민 힘으로 복귀…보수재건""(종합)",Politics
"조갑제 ""상식파 유권자가 이겼다…극우·극좌 둘 다 약해져""",Politics
한동훈·송영길 '귀환'...커지는 여야 지도부 책임론,Politics
"의총 대신 잠실 개표장·선관위 오간 張…""맨 앞서 싸우겠다""(종합)",Politics
"'부산 초선' 한동훈 의원, 첫 출근날 지지자 연호 속 ""보수 재건하겠다""",Politics
"""영향 없다""했지만 바뀐 결과…""고위직 전원 사퇴급 사태""",Politics
"""장동혁, 당권 놓치면 그 순간 끝...'비장의 무기' 당원 주권론 활용”[박영환의 시사1번지]",Politics
한동훈·이진숙 ‘국회 동기’로 입성…국민의힘 새 의원 4명 중 2명이 강경파,Politics
"송영길·한동훈 등 '당선인들' 국회 첫 등원, 어떤 모습? [짤e몽땅]",Politics
"김도읍, 국힘 원내대표 출마 선언…""분열된 당 화합해 보수 재건""",Politics
"송영길, 이재명 대통령 쓰던 국회 818호로…김민석 총리 ""큰 인물 귀환""",Politics
MB 뉴타운부터 오세훈 신통기획까지…서울 승리 공식은 결국 ‘부동산 개발’?,Politics
"""이긴 건지 진 건지""…광역 12곳 수성에도 '정청래 리더십' 타격 불가피",Politics
"“북구갑 국회의원 한동훈입니다”… 제명됐던 한동훈, 금배지 달고 국회로",Politics
"국회 데뷔 이진숙 ""다수당에 안 좋은 기억""…민주 ""그럼 하지 마세요""",Politics
"김민석 ""송영길 복귀, 내 일처럼 축하""...전당대회 연합 파란불?",Politics
"얇게 이긴 정원오, 두껍게 이긴 오세훈? 427개 동네가 남긴 답 [사실은]",Politics
'새 핵시설' 공개 직후 시진핑 방북 발표…'핵보유국' 인정 효과 노린 北,Politics
'보수의 심장' 대구보다 많았다…서울 2030 여성 표심 변화 [취재파일],Politics
"장동혁, 선관위 항의 방문…""참관인 없이 옮긴 투표함은 휴지통""",Politics
"6·3 서울 지방선거, 30대女·성동구서 민주당 지지 약한게 패인이었나",Politics
[6.3 지방선거] 무투표·나번 돌풍·재검표 역전… 시흥 지방선거 '이변 속출',Politics
"사리 분별 못하고 나댄 '여왕', 왕관은 쓰레기통에 들어갔다",Politics
국회엔 나타나지 않고 송파 달려간 장동혁…한동훈은 첫 등원,Politics
[여의도1번지] 여야 지도부 '책임론'…선관위 대국민 사과,Politics
민주당은 선거 때 대체 뭘 한 건가... 수상한 전조 현상,Politics
"이재명 대통령 ""6.25 영웅 끝까지 기억…유해 유전자 감식 멈추지 않을 것""",Politics
조국 빠진 혁신당 해단식…합당 이슈 던졌지만 민주당 '글쎄',Politics
"""정청래 대표 연임 가도에 빨간불?...일단 선거 결과가 그렇지 않아?""[박영환의 시사1번지]",Politics
美 넘어 러·日까지 견제한다…시진핑 7년만의 방북 속셈,Politics
송언석·정점식 전격 사퇴…장동혁 거취 압박 심화될 듯[종합],Politics
"금배지 달고 돌아온 한동훈 ""복당? 아직 고민할 단계 아니야""",Politics
"거세지는 장동혁 책임론…일각 ""결단 안하면 끌려내려올 것""(종합)",Politics
불붙은 민주당 '당권 삼국지'…전리품은 2028년 총선 공천권,Politics
"장동혁, 선거 이틀 후 ""개표 중지시켰어야""…돌연 강경투쟁 나선 배경은?",Politics
"투표용지 사태 총공세...김 총리 ""필요하면 특검""",Politics
"홍준표 ""민주당, 6·3 지선 압승 실패는 '공소취소 특검' 때문""",Politics
"김은혜 “네? 소요요?”…배현진, 국힘 ‘투표소 봉쇄’ 설전 공개",Politics
"갈라진 국민의힘…""그나마 선전"" vs ""지도부, 도움 안 돼""",Politics
"김민석 당권 도전 기다리는 송영길, 그의 복귀 축하한 김민석",Politics
"임기 10일 남기고 송언석 사퇴…""투표용지 부족사태 대처 차원, 빨리 물러나야""",Politics
"“국힘 예고된 패배, 수도권 붕괴·중도 이탈 위기”…보수에 쏟아진 쓴소리 [이런정치]",Politics
한동훈 “시민의 힘으로 돌아와” 송영길 “20·30 민심 얻어야”,Politics
지방 선거 여당 압승·국회의원 재보선 야당 선전...여야 대표 '책임론' 분출,Politics
"송언석 국민의힘 원내대표 전격 사퇴…""당 새출발 필요""",Politics
"[영상] 서병수, ‘사퇴 일축’ 국힘 장동혁 체제에 “오래 못 가”",Politics
"""李 이름만 팔았다"" 쓴소리에도…전대 앞두고 또 '명심 경쟁'",Politics
"울컥한 송언석, 전격 사퇴…국힘 차기 원내대표에 '한동훈 복당' 달렸다",Politics
'中뒷배' 바라는 北…7년만의 시진핑 방북에 최고예우 준비,Politics
"투표용지 부족 사태, '고의 아니냐' 음모론 제기한 조선일보",Politics
"""대통령 지지율이 60% 넘는데""…與 지방선거 '패배 책임론' 부글",Politics
장동혁 “군사 작전하듯 투표함 들고 나와…참관인 한 명 없이 옮겨”,Politics
"송언석, 국힘 원내대표직 사퇴...'퇴진 압박' 장동혁 이틀 연속 의총 불참",Politics
"국회 입성한 한동훈 ""다시 그날로 가도 같은 길""…복당은 '속도 조절'",Politics
"""결국 공권력 투입해 투표함 빼내..."" 납득 어려운 선관위 변명들 [이슈톺]",Politics
선거 결과에 웃고 울고…희비 갈린 靑 참모들,Politics
‘李대통령 방’ 818호에 송영길 입성…친한계 의원방 옆에 둥지 튼 한동훈,Politics
"한동훈 의원사무실, 친한계와 같은 층에 배정됐다",Politics
"“비굴함이 가슴에 맺혀”…눈물 보인 송언석, 원내대표 사퇴",Politics
"잠실 개표소까지 달려간 장동혁…""선관위원 전원 거부 시 즉각 탄핵""",Politics
선거 참패에 고개숙인 조국혁신당 “방심과 분열이 원인…민주당도 성찰해달라”,Politics
"""2030 여성, 서울서 與 등져""...전문가가 지적한 선거 전략 [Y녹취록]",Politics
"장동혁, 선관위 항의방문...김 총리 ""필요하면 특검·국조""",Politics
"국힘의 모장무싸? '12대 4' 참패에도 장동혁 ""희망의 불씨""…당내에선 사퇴 요구 분출",Politics
'李 사무실' 자리잡은 송영길..당권가도 달린다,Politics
이제는 '해석 전쟁'…9월 전대 앞두고 '명청 대전' 시즌2 열리나,Politics
"[단독] '당심만만' 장동혁, 재신임투표 하나",Politics
‘李대통령 방’ 받은 송영길…친한계와 한층서 둥지 튼 한동훈,Politics
"지선 끝 '장동혁 사퇴론' 분출…張, 투표소 시위대 찾아 ""함께 싸우겠다""",Politics
일진과도 맞짱 뜬 ‘고1 한동훈’…금목걸이 장발로 서울대 뒤집다,Politics
송파 개표소 진입 막힌 장동혁 “싸우겠다”...배현진은 “선거 패배 책임 방기 시도”,Politics
"""농부는 밭 탓하지 않아"" 대구서 5전 4패, 김부겸이 남긴 말들",Politics
"장동혁, ‘잠실 투표함 이송’에…“군사작전 하듯 몰래 빼내 개표, 국민 신뢰 더 잃어”",Politics
"친한계 ""장동혁 지도부 총사퇴해야""…책임론 확산",Politics
'이 대통령 방' 받은 송영길…친한계와 한 층서 둥지 튼 한동훈,Politics
선거 끝나자 다시 시작된 내홍…장동혁 거취 놓고 국힘 ‘사분오열’,Politics
"김재연 “조국 평택을 출마, 민주진보 선거연대 적신호”",Politics
"""정청래, 지선 책임져야"" VS ""네탓 아닌 내탓해야""...與 책임공방",Politics
'李대통령 방' 받은 송영길…친한계와 한층서 둥지 튼 한동훈,Politics
"""매우 큰 유감"" 표명에 ""대통령 책임""…""천년만년 무소속?"" [정오블핑]",Politics
지방선거 끝나자 당권 갈등 재점화…'정청래·장동혁' 시험대,Politics
"[진중권의 시선] ""국민은 민주당 폭주도, 장동혁 체제도 원치 않았다""",Politics
보수쇄신 3색 행보… 오세훈 ‘큰그림’ 한동훈 ‘구심점’ 이준석 ‘디딤돌’ 모색,Politics
"민주당 ""서울은 지방선거 바로미터…부동산·인지도 등 패인""",Politics
“국·영·수 망치고 시험 잘 봤다고 할 수 있나”···커지는 정청래 책임론,Politics
잠실 투표함 개표로 오세훈 ‘당선 퍼즐’ 완성,Politics
"조선 ""차기 총리 정성호 장관 유력"" 靑 ""결정된 사항 없어""",Politics
"이기고도 진 與, 지고도 이긴 野…모두 당대표 책임론",Politics
"개표소 달려간 장동혁...""투표용지 사태 특검 추진""",Politics
吳·韓 부상에 흔들리는 국힘…장동혁 책임론 vs 유임론 '팽팽',Politics
"‘어부지리’ 국힘에 평택을 내준 민주·혁신…사퇴한 조국, 양당 통합은?",Politics
"'관리형' 정성호냐, '젊은피' 강훈식이냐…차기 총리, 李대통령 결정만 남았다",Politics
“실패한 선거” 민주당 내 자성론 분출…“대통령 이름만 팔아” “외연확장 있었나” [6·3의 선택],Politics
"거세지는 장동혁 책임론…일각 ""결단 안 하면 끌려내려올 것""",Politics
"송파 개표소 온 장동혁 “싸우겠다”…김은혜, 투표함 반출 보며 눈시울",Politics
"""안 되면 행동 들어간다""...국민의힘 장동혁 향한 거센 '압박' [지금이뉴스]",Politics
"거세지는 장동혁 책임론…일각 ""결단 안하면 끌려내려올 것""",Politics
"이기고도 진 與, 지고도 이긴 野 모두 당대표 책임론",Politics
‘오세훈 당선 확정’ 언제쯤?…잠실 투표함 개표로 ‘마지막 퍼즐’ 맞췄다,Politics
‘애매한 승리’에 민주당 내홍 예고…정청래 연임 vs 김민석·송영길,Politics
"차기 총리는 정성호 혹은 강훈식? 청와대 ""아무 사항도 결정된 바 없다""",Politics
"경남 무소속 당선 시장군수 4명, 국민의힘 복당 여부 '관심'",Politics
장동혁 거취 ‘장고’…차기 野 원내대표 당권 향방 가늠자,Politics
"조국·이준석, 6·3 선거 사실상 빈손…제3지대 한계 확인",Politics
'우클릭'하는 2030여성 표심?... 절망 속 돌리는 '희망 회로',Politics
"""무식한 국민이 뭘 알겠나""…투표지 부족 사태에 '야인시대' 재조명",Politics
"친한계, 장동혁 압박 최고조…""張 지도부 물러나야 신임투표 하면 진다""",Politics
"박정훈 ""신임 국힘 원내대표, 한동훈 복당 공개 반대할 사람 없어""",Politics
국힘 우재준 “장동혁 버티면 수습 안 돼” 박정훈 “장동혁으로 총선 못 치러”,Politics
"""오후 1시40분 국회 본관 정문 계단""…한동훈 오늘 여의도 입성",Politics
"""압승에도 웃지 못했다""⋯외신이 지목한 민주당 '패착'은?",Politics
차기 총리로 강훈식?… '시기상조' 기류에 '정성호설' 여전,Politics
"친한계 ""장동혁은 '선거의 저승사자'‥분열의 씨앗된 '한동훈 제명' 책임져야""",Politics
"한동훈·오세훈의 부상, 김부겸·조국의 명암…요동치는 차기 권력지도",Politics
"[단독] 李, 차기 총리 강훈식·정성호 고심…선거 전후 각각 독대",Politics
"한동훈 ""오늘 서울 국회 간다""…장동혁과 만날까",Politics
"""공무원 향해 고압적 태도 일관""...선관위 직원 태도 질타도 [Y녹취록]",Politics
"국힘 친한계 ""장동혁 지도부 물러나야…신임투표 하면 질 것""",Politics
김민석 국무총리 후임 누구? 정성호 장관·강훈식 실장 '압축',Politics
무인기 시대라지만… 전쟁 판도 바꾼 건 미사일과 활공폭탄이었다 [박수찬의 軍],Politics
전주혜가 가문을 지키는 법 [최훈민의 심연],Politics
"박지원 ""박근혜·이명박, 이 꼴뚜기 망둥이 같은 자들이...수치도 모르고, 김부겸·김경수 아까워""[여의도초대석]",Politics
"장윤선 “선거로 이재명 정부 뒷받침 못한 민주당, 책임져야” [김은지의 뉴스IN]",Politics
AI는 선거와 민주주의를 어떻게 흔들고 있나 [스프],Politics
투표함 반출되자 울부짖었다…봉쇄 사흘 만에 전격 진입,Politics
결국 끌려 나오는 시위대...경찰에 강력 저항 [현장영상+],Politics
"김상욱 ""광역단체장 후보 중 선거비 제일 적게 쓰고 당선""[한판승부]",Politics
"""무식한 국민들이 뭘 알겠나, 투표용지 안 줘도 모른다""…용지 부족 사태에 소환된 드라마 장면",Politics
"경찰, 시위대 강제해산 후 송파구 잠실7동 투표함 2개 반출…시위대 봉쇄 35시간만에 개표소로",Politics
"김남국 ""새 미래 설정하고 통합할 분이 차기 당 대표돼야""[한판승부]",Politics
'보수의 미래' 두고 권력지형 지각변동…이젠 한동훈·오세훈의 시간,Politics
"“제발 좀 나가 주세요”…투표소 봉쇄 사흘째 참다못한 주민들, 결국 ‘퇴거 요청’",Politics
'금배지' 달고 돌아온 한동훈…격렬한 승부 끝 승리,Politics
자고 일어나니 당선자 바뀌어‥출구조사 왜 틀렸나,Politics
"선거 끝났는데…투표소 봉쇄 사흘째, 주민들도 뿔났다",Politics
[손병관의 뉴스프레소] '부정선거' 빌미 안 주려다가 '음모론' 불지핀 선관위,Politics
조국 낙선에 혁신당 ‘비상’…리더십 공백 속 합당론 안갯속,Politics
‘철옹성’ 대구도 디비질 뻔했다…김부겸의 ‘도전’[점선면],Politics
여의도서 만나는 장동혁-한동훈…보수 주도권 다툼 본격화?,Politics
"환멸스러웠던 평택을 아귀다툼, 서울 우경화...그나마 희망적인 건",Politics
서울 잠실 투표소 투표함 사흘째 발 묶여...소송전 번질 듯,Politics
"""오세훈 당선되자 재선거 얘기 쏙 들어갔다""…'부정선거론자'들, 이번엔 국힘 향한 음모론",Politics
[이충재 칼럼] 조국·김용남 '동반 패배'의 교훈,Politics
'전략가' 배현진·'공격수' 김재섭…오세훈 극적 승리 견인한 '투톱',Politics
"서울 '젊은 보수', 대구보다 셌다…30대 60% 국힘, 30대 여성 53% 吳 선택",Politics
"""결국 투표 못 했어요""‥초유의 투표권 침해 사태",Politics
38년된 지휘헬기 타는 공군참모총장…회전익 헬기 100% 도입시기 25년 지나[이현호의 밀리터리!톡],Politics
"[삶-특집] ""한국군, 우방국 도움 없이 국민생명 지킬 수 있나""",Politics
與 '뼈아픈 12승' 野 '최악 면한 성적표'…민심이 던진 경고장,Politics
韓이 림팩 지휘봉 잡는 이유…美의 '전략적 유연성'의 그림자[한반도 GPS],Politics
'지선 승리' 정청래 '보폭 확대' 김민석 '저격 나선' 송영길…與 당권 전쟁,Politics
1987년의 유령이 2026년 평택을에 출몰했다,Politics
'무소속 당선' 한동훈 귀환…국민의힘 복당·당권 갈등 뇌관,Politics
“정청래 끌어내리겠다”…투표함 닫히자 ‘복수의 칼’가는 김관영·김영록,Politics
"원 구성 협상 ‘강 대 강’ 될 듯… 이진숙·김태규 입성, 과방위 기싸움 예고",Politics
장동혁 “당원과 새 길” 사퇴 일축… 당내 “주말까지 거취 정하라”,Politics
12대 4가 만든 ‘쓴웃음’ 속 ‘오세훈 드라마’,Politics
"정청래·장동혁, 승패 떠나 책임론 부상…당권 재편 요동",Politics
오세훈·한동훈 뜨고 조국·이준석 흔들…대권주자 손익은,Politics
'사실상 패배했다' 평가에 정청래 책임론…'당권 도전' 金총리 등판 언제?,Politics
"“한·일전 진 꼴”…李대통령, 후임 총리 강훈식·정성호·한성숙 고심",Politics
"여권엔 절제, 야권엔 혁신…6·3 민심이 날린 경고 [view]",Politics
오세훈·한동훈·유의동…생환 자체가 ‘장동혁 사퇴’ 독촉장 됐다,Politics
"장동혁, 사퇴론 제기에 ""새길 찾겠다"" 버티기…국힘, 내부 투쟁 이어질 듯",Politics
서울 지자 여당 쪼개졌다…“지도부 미숙” 친명의 반격,Politics
"한동훈, 장동혁 지도부 때리며 “반드시 돌아간다”",Politics
"정청래 “전국 승리, 서울 탈환 못해 아프다” 송영길 “책임져야”… 당권 신경전",Politics
"與, 재보선 14곳중 PK거점 등 4곳 내줘… 靑출신 3명 원내 입성",Politics
"與, 경기 특례시 4곳중 3곳 석권… 국힘, 신규 토허구역 과반 차지",Politics
"한동훈 ""제명되던 날 돌아오겠다 약속""… 복당 시사하며 보수 재건 시동",Politics
[단독] 후보 몰라 버려진 표만 100만… 27% 득표율로 교육감 쥔다,Politics
"""격전지 다 넘어갔는데 압승?""… 정청래, 서울 뺏기자 사방서 책임론",Politics
오세훈 밀어 올린 '성난 부동산 민심'... 15개 자치구 내주고도 역전승,Politics
"'국힘 제로' 내세우다 3위 엔딩…조국, 우군도 잃고 민심도 잃었다",Politics
'침묵' 장동혁...최악은 면했지만 '패배 책임론' 불가피,Politics
"與, 경합지 5곳 모두 '고배'… 9곳 지키고도 씁쓸한 뒷맛",Politics
보수 심장 뒤흔든 합리적 진보… 정청래號엔 없던 김부겸의 힘,Politics
아끼던 ‘명픽’ 줄낙마… 설욕전 펼치고도 웃지 못하는 靑,Politics
"지방선거 끝, 정쟁 시작…국민의힘, 與 공소취소 야욕 저지할 단일대오 가능할까",Politics
국힘서 터져나온 장동혁 사퇴론… 張은 “희망 불씨 지켜냈다”,Politics
차기 국무총리에 정성호 유력,Politics
새 핵시설 공개한 김정은 “5년간 핵물질 2배 생산”,Politics
"부동산에 화난 한강벨트, 공소취소에 뿔난 2030… 吳 역전극 이끌어",Politics
"패배 승복 정원오 “내가 부족한 탓, 시민 선택 겸허히 인정”",Politics
"서울·부산서 ‘명픽’ 꺾은 오세훈·한동훈, 보수 재건의 투톱으로",Politics
"치명상 입은 조국혁신당, 실속 챙긴 진보당, 성과 없는 개혁신당",Politics
"친명 “서울, 정청래 책임” 친청 “누구 때문에 졌는데…”",Politics
"""어쩌면 좋아"" 김어준, 오세훈 기사회생에 '탄식'",Politics
"정청래, 압승에도 심판론?…'반쪽 승리' 책임론에 연임 적신호",Politics
자정 넘어 웃은 한동훈‥끝내 고개 숙인 조국,Politics
"조갑제, 한동훈 생환에 ""국힘 양아치 시대 끝내야""",Politics
"9%P차라더니 뒤집혀…출구조사, 샤이보수 놓쳤다",Politics
한동훈 당선 확정된 새벽 2시… ‘보수 재편’은 이미 시작됐다,Politics
국회 입성 앞둔 한동훈…보수 권력구도 재편될까,Politics
'서울 사수'에도 스텝 꼬인 장동혁…사퇴 일축 속 '책임론' 봇물,Politics
'최대 승부처' 서울 놓쳤다… 與 정청래 연임 가도 먹구름,Politics
"오세훈·한동훈 뜨고, 정원오·조국 꺾였다…여야 잠룡 희비 '극명'",Politics
"시진핑 방북 전 보란 듯…김정은, 핵물질 생산공장 갔다",Politics
"'국민의힘 제로' 외치던 조국, 낙선에 대표직 사퇴까지…혁신당 간판 상실 위기",Politics
"""추해 보여"" vs ""원내대표 선거 봐야""…장동혁 책임론, 국민의힘 내부 갈렸다",Politics
투표함 2개 못 나가고 사람은 쓰러졌다…잠실 투표소 이틀째 대치,Politics
지선 4곳·재보궐 5곳 내준 민주당…'아쉬운 성적표' 원인은,Politics
24시간째 갇힌 투표함…선거사무원은 들것에 실려 나왔다,Politics
"[투나잇이슈] 오세훈 막판 대역전승…여야, 선관위 질타 한목소리",Politics
"김어준 ""어쩌면 좋아""…오세훈 역전에 ""보수 대선후보 2명 살아 돌아와""",Politics
[김종석의 오프닝]한동훈 복당 예고…급할 건 없다?,Politics
"희비 갈린 '명픽'…정원오·하정우 울고, 김남국·김남준 웃었다",Politics
"무효표가 살려낸 '단 1표 차' 승리…""피 말린 초접전의 밤""",Politics
"'2등도 못하다니'…조국, 당 대표서도 사퇴, 차기 대권 경쟁 탈락",Politics
"“희망의 불씨 지켜냈다”…장동혁, 대표직 유지 뜻",Politics
다수의 ‘국정 지지’ 확인…오·한·유로 응집한 ‘반윤·샤이 보수’,Politics
'보수재건' 내세운 한동훈…'사퇴 압박' 몰린 장동혁,Politics
3파전서 살아돌아온 한동훈…보수 재편 '태풍의 눈',Politics
한동훈 “보수 재건” 일성…향후 야권 재편 과정 핵심축 부상,Politics
"평택을 낙선한 조국, 대표직 사퇴…혁신당은 독자생존의 길로",Politics
"대구시장 ‘졌잘싸’ 김부겸, ‘보수의 심장’서 이례적 접전…지역 구도에 균열 냈다",Politics
보수 궤멸 막은 '오세훈 대역전극'…오전 7시 16분에 뒤집혔다,Politics
"""오빠 해봐"" ""뽀뽀 한번""…유세 중 돌발 발언에 흔들?",Politics
與 거물급 이광재·송영길 ‘화려한 귀환’… 정치적 내상 조국 “당대표서 물러난다” [6·3 지방선거 이후],Politics
"서울 패배한 민주, 참패한 국힘…선거 이후 정국은",Politics
"오세훈 ""이번 선거 결과, 李 대통령 겸손하라는 국민의 응답""",Politics
"“TK 빼면 장동혁 안 간 곳만 승리” 눈총에도…張, 사퇴론 일축",Politics
"장동혁 겨냥 ""품격 없다""…한동훈에 '국힘 복당' 묻자",Politics
"정의당 권영국 ""진보정치, 서민의 삶 속에서 새로 시작해야""",Politics
"김지호 ""최근 10년간 이런 분열 없었어...샐럽·유튜버들, 뒤에서 분열 조장한 측면도""",Politics
이틀째 갇힌 잠실7동 투표함…전한길·황교안 “목숨 걸고 지켜야”,Politics
"이광재 ""정청래 책임론? 그건 아니라고 봐...크게 보면 승리, 잘된 부분 더 확장해야""",Politics
"[비하인드 뉴스] ""민주당 박살"" 법사위 노리는 한동훈에…""농해수위 어떠냐""",Politics
[비하인드 뉴스] '선거의 여왕'이라더니…TK 밖에선 안 통했다,Politics
'방통위 2인방' 웃고…'윤 호위무사' 울고,Politics
“서울 졌으면 진 것”…정청래 책임론 속 당권 경쟁 서막,Politics
與 선거 초반에는 '15대 1' 예상했는데‥상처뿐인 승리? 사실상 패배?,Politics
평택을 '대혼전'…초반 '2강' 뚫고 유의동 역전승,Politics
“서울시민 눈엔 대선주자 현직과 구청장 대결구도”,Politics
"""투표하고 싶어도 못 해""…'투표지 대란' 당선무효 줄소송 번지나",Politics
“오세훈 당선인 확정 못할 판” vs “진영 상관없이 재선거하라”,Politics
"오세훈 어떻게 이겼나 … 25곳 중 강남3구 등 10곳 승리 ""정원오 캠페인 최악""",Politics
[이슈]여의도 입성 한동훈…이준석 당선과 비슷,Politics
조국 없는 조국혁신당…또다시 수장 공백 사태,Politics
내란과 선 그으면 '구제'…야권 관통하는 '절묘한 표심',Politics
‘정청래 책임론’ 꿈틀…송영길 “실용노선 대신 내란종식만 외쳐”,Politics
한 번도 1위 못했는데…'평택 토박이' 유의동 극적 당선,Politics
"""불씨 지켰다"" 정신 승리하더니…장동혁, 의원총회 '노쇼'",Politics
"""난 반드시 돌아간다"" 굳센 한동훈…'보수 재편' 급가속",Politics
'1392표 차' 승부 갈렸다…한동훈 '무소속'으로 첫 금배지,Politics
"""야, 이 XXX야"" 난입에 생방송 중단까지…극우 세력 '폭주'",Politics
'3인 선거구'도 뚫지 못했다… 고양시 지선 덮친 '양당 블랙홀',Politics
"""국힘 제로"" 외치던 조국 3위로 낙선‥당 대표 사퇴",Politics
구·군 선거 열세 속 ‘개인기’로 승리…與 대권주자 반열 성큼,Politics
"""선거철마다 직원들 대거 휴직""…꿈쩍도 않는 선관위, 대체 왜?",Politics
평택을 '조국 낙선' 후폭풍…대표 공백 재연 속 혁신당 '가시밭길',Politics
"“민주 이겼는데 진 것 같고, 국힘 졌는데 이긴 것 같은 선거” [황현희의 불편한 여의도]",Politics
[아는기자]‘6·3 지방선거’ 민주당 압승 맞나?,Politics
부정선거론자 몰려 '들불'…스스로 갇혀버린 선관위,Politics
"'당선보다 낙선자들 먼저' 전재수, 선대위 해단식서 비로소 웃다",Politics
지역주의 벽 못 넘은 김부겸 김경수… 날개 단 박찬대 우상호 박수현,Politics
투표함 강제로 꺼냈다간 충돌…'온몸 봉쇄' 잠실 상황,Politics
[뉴스추적] '전북 사수' 정청래·'텃밭' 지킨 장동혁…지선 책임론은?,Politics
"한동훈, 하정우 꺾고 금배지…“반드시 돌아간다”",Politics
오세훈 “장동혁 노선 도움될지 당내 논의 기대” [인터뷰 전문],Politics
"‘화려한 귀환’ 한동훈, 당권파 직격…보수 개편 주도하나(종합)",Politics
애매한 힘의 균형…여야 모두 불거진 지도부 책임론,Politics
"지방선거 결과 분석, 눈여겨 볼 대목은?",Politics
"“절반의 승리” 성적표 받아든 정청래, 연임 가도 빨간불…당대표 선거 ‘친명 대 친청’ 일전 예상",Politics
‘당권 사수’ 장동혁에…한동훈 “품격·실력 없다” 직격,Politics
"지선 판 뒤집은 역전의 아침… 오세훈, 보수의 중심에 섰다",Politics
[화제의 당선인] 쪼개진 보수표·범여풍도 이긴 '신인왕' 김길수,Politics
"평택을 낙선한 조국, 당대표직 사퇴…동력 잃은 합당, 독자생존 모색할까",Politics
의심은 어떻게 집단행동이 됐나...잠실 투표소의 긴 밤,Politics
"""당선이든 낙선이든 무효"" 시위 격화… 용지 부족 사태에 또 '부정선거 음모론'",Politics
"""자폭 드론 공포 깬다"" K방산, 첨단 '안티드론' 기술 본격 강화",Politics
수백기 원심분리기 보란듯 보여준 김정은… 핵 대놓고 고도화,Politics
"못 웃는 민주, 서울 내준 ‘찜찜한 승리’ 긴장한 국힘, 당권 놓고 갈등 격화할 듯",Politics
"한동훈, 금배지 첫날 장동혁 때렸다… “보수 품격에 안 맞아”",Politics
"與, 12곳 가져오며 4년 만에 설욕… 野, TK 수성 ‘재기 발판’ 남겨 [6·3 지방선거 이후]",Politics
‘4곳 사수’ 최악 피했지만… 장동혁 책임론 부상 [6·3 지방선거 이후],Politics
"[더in터뷰] '송영길 평가' 듣곤 박수현 ""담대한 승리 깎아내리나"" 반문",Politics
‘尹 어게인’ 극우엔 선 긋고… 李정부·與 독주 우려엔 견제구 [6·3 지방선거 이후],Politics
"사퇴 요구 공개 분출…장동혁 ""희망 불씨"" 일축",Politics
민주 '낙동강벨트 탈환'·국힘 '원도심 사수'… 지방 권력 ‘양분’,Politics
"[영상] 서울 놓친 민주당, 전국 잃은 국힘… 6·3 지선, 진짜 승자는?",Politics
"시진핑 방북설 와중에…김정은, 새 핵시설 공개 행보",Politics
대권가도 열린 한동훈… 조국은 당 대표 사퇴 [대권 잠룡들 희비],Politics
존재감 드러낸 ‘샤이 보수’…유의동·한동훈·오세훈으로 결집,Politics
"국민의힘 꾸짖은 민심…민주당 견제, ‘명픽’ 떨어뜨린 까닭은",Politics
새민주 전병헌 “친문 잠룡들 ‘자연사’시킨 선거…친명 권력집중이 민심 지지는 아냐”,Politics
"박지원 ""오세훈 5선, '명픽' 이 대통령 책임?...그건 아냐, 민주당이 진 것, 뼈아파""[여의도초대석]",Politics
정원오 12시간 리드 끝 역전패…서울 민심은 왜 막판에 움직였나[여의뷰],Politics
오세훈 당선에 TBS 충격과 혼란…정상화 가능할까,Politics
김어준 “보수 대선후보 2명 살아 돌아왔다” 탄식,Politics
서울시장·경남지사·평택을... 접전지 너무 틀린 출구조사,Politics
장동혁과 선 그은 인물만 생환…'극우 노선' 지도부 교체론 분출,Politics
"지선 승리에도 웃지 못한 與 … 정청래 ""서울 탈환 못해 아프다""",Politics
"""한표가 소중"" 단 1표 차 승리…'차이 100표 미만' 초접전 이어져",Politics
일진과 맞짱 뜬 ‘고1 한동훈’…이유 알면 ‘의원 한동훈’ 보인다,Politics
"한동훈, 제명 140일 만에 재기… 대권 가도 ‘청신호’ [6·3 지방선거 이후]",Politics
부동산 민심이 갈랐다 … 서울 집값상승 톱10 중 8곳서 '吳 승리',Politics
의원배지 다는 靑출신 3인방 김성범·윤용근도 원내 입성,Politics
"새 고농축우라늄 공장 시찰한 김정은 ""생산능력 2배 능가""",Politics
민주당 찜찜한 승리…결선투표제 도입하나[박지환의 뉴스톡],Politics
차기총리 '정성호·한성숙·강훈식' 3인 압축,Politics
[연합뉴스 이 시각 헤드라인] - 18:00,Politics
"""압승이라더니"" 서울도, 대구·전북도 틀렸다…출구조사 빗나간 이유는",Politics
4년전과 정반대 서울구청장 … 민주 vs 국힘 '8대 17'서 '17대 8'로,Politics
‘투표용지 부족’ 혼란 계속되는 잠실7동 제2투표소…전날 밤 ‘우왕좌왕’ 현장의 재구성,Politics
"국회 입성 한동훈·이광재, '포스트 지선' 정국 역할론 주목",Politics
들끓는 한동훈發 보수 재편론…野 원내대표 선출이 첫 분수령,Politics
"투표 용지 부족 사태에 소환된 야인시대 “국민들 뭘 알겠나, 안 나왔구나 하겠지”",Politics
"국힘, 지선 후폭풍…당내선 ""장동혁 거취 정하라"" 張 ""당원들과 새길 찾겠다""(종합)",Politics
이기고도 못 웃는 정청래…전대 앞두고 책임론 직면,Politics
"조갑제 ""한동훈 살아 돌아와…국힘 양아치 시대 청산해야""",Politics
“여론조사 무덤으로 기록될 선거”…출구·여론조사 또 틀렸다,Politics
"견고한 보수의 심장, 꿰뚫진 못했어도 균열은 냈다···졌지만 빛난 김부겸의 5번째 도전",Politics
[뉴스워치] 대역전 드라마 쓴 오세훈…투표지 사태 후폭풍 확산,Politics
완벽한 승리 없었다… 與 '서울 탈환' 실패,Politics
[2026 지선] 4석 그친 국힘…'사퇴론 재 점화' 장동혁 미래는?,Politics
"선거 끝, 개각의 시간…이재명 정부 2대 총리는 누가 되나",Politics
음모론 부추기는 보궐선거 3위 김현태…“부정선거·윤 어게인”,Politics
[6·3 지선] '샤이 보수' 벽에 막힌 여론조사…격전지 예측 빗나가,Politics
한동훈·유의동 격전지 당선…野 ‘합리적 보수’ 목소리 커질까,Politics
선거 참패 책임론 비등한데…당 대표직 유지 의지 밝힌 장동혁,Politics
"""호떡집서도 일어날 수 없는 후진국 참사...선관위원장 즉각 물러나야""[박영환의 시사1번지]",Politics
오세훈·한동훈 '반등'..김부겸·조국 '숨고르기',Politics
"""여기가 메인 전쟁터""…부정선거 시위대에 갇힌 잠실7동 투표소",Politics
'돌아온' 송영길·이광재...민주당 대표 두고 정청래·김민석과 경쟁 예고,Politics
12대 4 압승인데…정원오·김경수·김부겸 왜 졌나,Politics
이기지 못한 선거...지방권력 교체에도 여야에 '찜찜한 숙제' 안겼다,Politics
지역주의·양당 구도 흔든 한동훈...보수 진영 대권주자 ‘급부상’,Politics
박지현 “압승할 수 있었는데 놓쳐…정청래 책임 지고 사퇴해야”,Politics
초유의 투표 중단 사태에 항의 지속...밤샘 시위,Politics
靑출신 7명 출마해 5명 생환…하정우·김병욱은 낙선,Politics
"""극우 난리로 치부할까 우려""…투표용지 부족 사태 논란 확산, ""잠실 와달라"" 호소도",Politics
"""2018 악몽 재현 막았다"" 장동혁, 사퇴 압박에도 '정면 돌파'",Politics
춘천 연고 한동훈 '역대급 0.5선' 등장에 강원 현역 의원 '역할론' 급부상,Politics
"경기 기초 19곳 차지하고도 못 웃는 민주당... ""패배 안 믿겨""",Politics
"“윤어게인” “독재타도” 등장한 잠실7동제2투표소···주민들 “너무 시끄러워, 그냥 갔으면”",Politics
"SNS 샤라웃부터 악수털기, 선거의 여왕까지…판세 흔든 결정적 순간 넷",Politics
"張 사퇴요구 거세지나…""당권파 언행, 품격이나 실력에 맞지 않아…지도부는 거취 정해야""",Politics
살아 돌아온 한동훈·주저앉은 조국…잠룡의 희비,Politics
"차기 총리 '정성호·한성숙·강훈식' 압축…靑 ""정해진 바 없어""(종합)",Politics
"""어쩌면 좋아""…오세훈·한동훈 살아돌아오자 탄식한 김어준",Politics
"[자막뉴스]""장동혁 사퇴하라"" 친한계 넘어 중진까지…""새 길 찾겠다"" 보수 재편 신호탄?",Politics
"민주, 지방권력 교체…오세훈, 서울 대역전극",Politics
"'5선 서울시장' 오세훈, '강한 0.5선' 한동훈…보수 차기 대권구도 요동",Politics
“장동혁 나가라” “한동훈 복당 불가능”…두쪽 난 국민의힘,Politics
"6.3지선, 민주 광역 12곳 '승리'...오세훈 대역전승·한동훈 원내로",Politics
'벼랑끝' 보수 위기에 응답한 MB·박근혜…구원투수로 역투,Politics
‘16곳 중 4곳 승리’ 선방이라 본 장동혁호 “일단 계속 간다”···의총서 지도부 거취 거론 안 해,Politics
"與, '절반의 승리'에 내전 기류…비당권파 '책임' 거론에 당권파 반박",Politics
국힘서 빗발치는 장동혁 사퇴요구…“거취 속히 정하라”,Politics
최다선 송영길· 수도권 4선 유의동 귀환…이진숙 김태규 김의겸 등 강경파도 입성,Politics
이겼지만 흔들린 국힘 심장부… 더 이상 ‘텃밭’은 없다,Politics
"""김어준 방송 전락""…오세훈 'TBS 어쩔건가' 질문에 한 말",Politics
"민주당 바람도 꺾지 못한 반도체·부동산 역풍, 생환한 野 시장들",Politics
사전투표 민심 못 읽은 출구조사…수십억 붓고도 서울·경남 ‘헛다리’,Politics
"‘李의 정치고향’에 빨간 깃발…신상진, 역전 릴레이 끝에 성남 수성 [6·3의 선택]",Politics
"조갑제 ""국힘, 양아치 시대 끝내야… 오세훈·한동훈·유의동 극우와 싸워 당선""",Politics
지방권력은 밀어주고 국회는 견제… 민주당 ‘반쪽 승리’,Politics
오세훈·한동훈 부활하자…김어준 “어쩌면 좋아” 탄식,Politics
친한계는 '장동혁 흔들기'…한동훈도 '복당 시도' 예고[영상],Politics
국힘서 張 사퇴요구 공개 분출…정작 의총에선 언급 없어(종합),Politics
"국힘 ""최소한의 견제하게 해준 국민께 감사""…장동혁은 의총 불참(종합)",Politics
조국·김용남 ‘동귀어진’에 유의동 ‘어부지리’… 조국 정치생명 위기,Politics
"[단독] ""교육감 아무나 찍었다""…무효표 100만개 '대혼란'",Politics
"절묘한 민심, 與엔 ""오만 금지"" 野엔 '보수 재건' 씨앗 남겼다 [선택 6·3]",Politics
"[여의도1번지] 오세훈, 막판 역전승…투표지 부족 사태 파장",Politics
개인기로 역전홈런 친 한동훈…보수 진영 구도 대격변 맞을까,Politics
[기획] 지옥 찍고 돌아온 오세훈·한동훈… 낡은 보수 ‘재개발’ 돌입,Politics
"'尹 방통위' 이진숙·김태규, 나란히 국회 입성..野에 미칠 영향은",Politics
‘방통위 듀오 파이터’ 이진숙·김태규 국회 입성…과방위 격돌 예고,Politics
'12대4' 성적표에도..정청래 연임 '빨간불'·장동혁 당권 유지 전망,Politics
"투표용지 덜 찍으라고 한 중앙선관위, 배분에 실패한 송파구선관위",Politics
단일화 이룬 진보당이 울산 동구청장 선거에 패한 이유,Politics
“투표용지 사태 터져도 선관위 직원 한 명도 안 나와”,Politics
"'반쪽 승리' 민주, '불씨 지킨' 국힘...양당 모두 거센 후폭풍",Politics
장동혁 ‘사퇴 거부’ VS 한동훈 ‘복당 요구’... 당권 투쟁 본격화,Politics
돌아온 '개혁보수' 오세훈·한동훈·유의동의 반격…국민의힘 흔들까,Politics
"장성민 “‘이재명픽’ 정원오·하정우 패배, 레임덕 시작…청명전쟁 전당대회 온다”",Politics
선거 끝나자마자 '장동혁 책임론' 분출…당권파는 보호막,Politics
"서울 내준 鄭, 부산·울산 뺏긴 張…'책임론'에 리더십 흔들",Politics
"서울·평택을·부산북갑 놓친 정청래, 연임 가도 '빨간불'",Politics
"화려한 재기 한동훈, 보수 재편 중심에 서나",Politics
'12대 4' 성적표에 여야 쓴웃음...오세훈·한동훈만 활짝,Politics
“결코 일어나선 안 되는 선거 부실 관리”… 초유의 서울 투표용지 부족 사태,Politics
"친한계·비당권파, “장동혁 지도부, 지선 패배 책임지고 총사퇴하라” 공개 요구",Politics
"‘평택 토박이’ 유의동, 김용남·조국에 일격 가하고 4선 성공",Politics
"與, 중원·영남 공략 성과 속 서울선 '뼈아픈 역전패'…野는 마지노선 수성",Politics
“모자란 집단과 일 못해” 선관위 맹비판한 송파구 공무원,Politics
선거 끝나자 차기 총리 관심…정성호·강훈식 물망,Politics
"""6·3 지방선거, 국민의힘은 희망 있는 패배, 민주당은 희망 없는 승리""[박영환의 시사1번지]",Politics
"“민심은 천심, 거취 속히 정하라”…국힘서 ‘장동혁 사퇴론’ 분출",Politics
"오세훈·한동훈·유의동 중도 보수 3인 깜짝 선전, 장동혁은 흔들",Politics
'접전·경합'이라던 평택·부산 등 재보선 5곳 모두 내줬다,Politics
한동훈 복당 의지…“천년만년 무소속이면 이렇게 모이셨겠나”,Politics
"조국·진보·개혁신당, 아쉬운 지선 성적표…거대양당 벽에 막혀",Politics
"국힘 내부서 장동혁 사퇴요구…""거취 결정해야""",Politics
"버티는 장동혁, 복당하겠다는 한동훈... 국힘 내전, 이제 시작?",Politics
"조갑제 “국힘, 극우컬트와 결별해야…한동훈·유의동 극우와 싸워 당선”",Politics
지방선거 패배에 ‘제명’ 한동훈 복귀까지…국힘 지도부 책임론 분출,Politics
'李정부 안정론' 택한 민심…吳·韓 생환에 보수재편 기대감도(종합),Politics
"국민의힘에서 쫓겨났던 한동훈, 2개의 전선에서 싸워 이겼다",Politics
"""총알받이로 쓰지 마라""…송파구 공무원, '투표용지 부족' 선관위 저격",Politics
"서울도 틀리고, 평택도 빗나가…출구조사, 핵심 승부처서 예측 실패",Politics
극적 생환 한동훈에 복잡해진 국민의힘…당권파 vs 친한계 내전 '2막',Politics
"막판 '초접전' 끝 '역전승'…吳 캠프 ""이겼다""",Politics
“李 정부 지지율 활용 못 해” 與 내부서 책임론 분출 [이런정치],Politics
"10곳 이긴 김태흠, 5곳 이긴 박수현에게 왜 졌나? [6·3의 선택]",Politics
김상욱 “싹쓸이 험지서 생환…‘샤이 보수’ 벽 높지만 우직하게 가겠다” [세상의 모든 정보 윤인구입니다],Politics
경남서 국힘 탈당 무소속 후보들 '돌풍'…4명 시장·군수 당선,Politics
"박수현 “민주당, 승리 담대하게 선언하고, 아픈 곳은 솔직하게 고백해야” [세상의 모든 정보 윤인구입니다]",Politics
이진숙 “영혼과 뼈까지 갈았다···李정권 폭압을 고발 할 것” [세상의 모든 정보 윤인구입니다],Politics
김정은 '핵물질 생산력' 과시…핵잠 견제·美비핵화 의지 '모르쇠',Politics
"""충격, 혼란"" 당혹감 짙은 정원오 측, 내부에서 본 패인",Politics
"희비 엇갈린 靑참모들…李대통령 복심 '압승', '당 차출' 하정우 고배",Politics
'당선 유력' 이라더니…빗나간 방송사 출구조사 왜?,Politics
[뉴스특보] 사상 첫 '5선 서울시장'…'대역전극' 오세훈 승리,Politics
"한강벨트 변심이 오세훈 살렸다…“정원오, 부자 몸조심이 패착”",Politics
"당선 후 첫 기자회견 연 한동훈…""보수 재건·이재명 폭주 저지가 민심""",Politics
방통위 '투톱' 이진숙·김태규 국회 입성…후반기 과방위 맡나,Politics
"[뉴스+] 김부겸 ""저의 패배이지 여러분의 패배가 아닙니다···좌절하지 마십시오. 절망하지 마십시오""",Politics
"국힘서 장동혁 사퇴요구 공개 분출…""염치있으면 거취 결정해야""",Politics
"한미 핵잠 추진에…北 ""핵 생산력 2배"" 폭주로 대응 [김다빈의 외교 빈틈읽기]",Politics
후보 단일화가 승패 가른 울산시장 선거.. 반목만 남긴 보수 진영,Politics
"“보수 재건” 당선 일성 한동훈, 벌써 ‘복당’ 거론···‘장동혁 체제’ 속 주도권 누가 쥘까",Politics
"與, '미완의 승리'에 내부 파열음…""대표가 책임져야"" ""아쉽다고 승리 아닌가""",Politics
北억류 함진우씨 가족에 납북피해 인정…위로금 지급결정,Politics
"""대기표 없으면 무효표""...'투표지 부족' 초유 사태, 손해배상은? [이슈톺]",Politics
'12대 4' 여야 쓴웃음 속 오세훈만 '활짝'...권력지형 요동 예고?,Politics
"[6·3 지선] 높은 서울 진입의 벽…與, '자체 후보 승부수' 또 불발",Politics
"뼈아픈 서울 역전패…송영길, '정청래 책임론' 제기",Politics
"단 13표가 가른 시의원 당선... ""마지막까지 심장 터지는 줄""",Politics
"“일방적 권력 행사 모습에 정권 견제 심리 발동”… 줄곧 뒤지던 오세훈, 정원오에 ‘막판 대역전’",Politics
"김어준 ""어쩌면 좋아""…오세훈·한동훈 살아 돌아오자 탄식",Politics
"조국 ‘평택을 낙선’, 민주 진영 통합도 ‘흔들’",Politics
"국힘, 지방선거 후폭풍…친한계 ""장동혁 거취 정하라"" 張 ""당원들과 새길 찾겠다""",Politics
국힘 텃밭 경북서 무소속 군수 4명 탄생...안동·포항도 '고전',Politics
"'서울 패배' 내상 입은 민주당 ""아쉬워도 승리는 승리""",Politics
"북한, 새로운 우라늄 농축시설 공개…김정은 “무기급 핵물질 생산능력 2배 능가”",Politics
"차기 국무총리, 강훈식·정성호·한성숙 3인 압축",Politics
"민주 4곳 이길 때, 국힘 10곳에 도지사까지... '보수우세' 지킨 경남",Politics
"[6·3 지선] 이겨도 못 웃는 정청래…민주, 곧바로 당권경쟁 국면으로",Politics
"김민석, 총리 사퇴 후 與 당권 도전…사의 시점만 남았다",Politics
"국힘 참패 속 오세훈·한동훈 역전승…""보수 재건 기회준 것""",Politics
"낙선 조국 ""당대표직 사퇴""…합당론도 동력 상실",Politics
"교육계 무게추 다시 ‘진보’로… 보수, 막판 스퍼트로 ‘싹쓸이 모면’",Politics
"사전투표는 '김철수' 본투표는 '이병선'…속초시장 승부, 여기서 갈렸다",Politics
"이재명의 사람, 장동혁의 사람 동시에 꺾었다",Politics
강릉시장 승부 어디서 갈렸나…김중남 승리 이끈 '가뭄 민심·사전투표',Politics
"[6·3 지선] 친한계 책임론에 張 ""희망 지켜냈다""…국힘, 내홍 수렁으로",Politics
민주당 12곳 가져갔지만…서울 패배에 웃지 못했다,Politics
‘투표용지 부족 사태’ 미스터리…입 다문 선관위,Politics
"[6·3 지선] 국힘 참패속 오세훈·한동훈 역전승…""보수재건 기회준것""",Politics
민주당 광역 12곳 휩쓸어 지방권력까지 장악…서울 내준 '찜찜한 대승',Politics
초유의 투표용지 ‘품절’…“오세훈 당선 확정 못해”,Politics
'핵 자신감' 치솟은 김정은…시진핑 방북설 속 이례적 '새 핵시설' 공개,Politics
우상호·김남준·김남국 등 청와대 참모 5명 당선…하정우·김병욱 고배,Politics
"한동훈 웃고, 조국 울고...민주, 재보선은 판정패",Politics
"""오세훈 당선에도 재투표 주장하나?""...서울선관위 멱살 잡히기도",Politics
"[당선인 프로필] 문학소년 꿈꾸던 4선 의원…우상호, 고향 강원에 금의환향",Politics
12곳 이겼는데 기쁘지 않다?…기대 못 미친 정청래 성적표,Politics
"""투표용지 대란, 선관위 안이함이 부른 참사... 부정선거 의혹은 무리""",Politics
삭발 정치의 몰락···선거는 패하고 휑한 머리만 남았다,Politics
"잠실7동 투표함 이송 저지 '대치' 중...선관위 ""오세훈 당선 확정 못해""",Politics
"북, 새 핵시설 공개하며 핵보유국 지위 재차 강조…""핵 능력 증가 선전 메시지""",Politics
"1표 차로 갈리고, ‘당선 유력’도 뒤집혔다… 화제의 선거구",Politics
[생생뉴스] 지방선거·보궐선거 결과의 의미와 향후 정국에 미칠 영향은?,Politics
"[뉴스센터] 오세훈, 정원오에 역전극…투표용지 부족 사태 파장",Politics
"북갑 승리 거머쥔 한동훈, 국민의힘으로 복당할까",Politics
"민심 회초리에 고개숙인 여야…민주당 ""아프다"", 국힘 ""경고 겸허히 수용""",Politics
[2026 지선] 野 오세훈·한동훈 생환…與 '정권안정론' 우세 속 독주 제동,Politics
12곳 이겼지만 서울 내줘…민주당 “승리 맞지만 아프다”,Politics
서울시장 오세훈 역전 드라마...민주·국힘 모두 책임론?,Politics
'전재수 시장-한동훈 의원'... 부산 민심 교차투표의 교훈,Politics
"민주당, 서울에서 충격 역전패…12곳 이기고 '화룡점정' 못했다",Politics
‘엎치락뒤치락’ 피말리는 접전…1%p 미만 당락 교차,Politics
잠실 '투표함 대치' 14시간째…시위대 포위에 선관위 관계자 고립도,Politics
경기 기초단체장 ‘민주 19 vs 국힘 12’…요동친 심판론 속 ‘압승·붕괴 없었다’ [오상도의 경기유랑],Politics
"'5선' 오세훈 당선됐지만 민주당, 서울 구청장 17곳 휩쓸었다",Politics
"李, 차기 총리 ‘정성호·강훈식·한성숙’ 고심",Politics
"한동훈, 하정우·박민식 꺾었다…유의동, ‘5파전’서 승리",Politics
"김정은, 새 우라늄 농축시설 시찰…""영변 내 신축공장 추정""(종합2보)",Politics
“재선거” 하자더니 오세훈 이기자 조용…결과 따라 나부끼는 국힘,Politics
송영길 “李정부 지지율 활용 못한 지도부 책임”…조승래 “자숙하길”,Politics
울고 싶은 민주당…12곳 이기고도 서울 탈환 실패,Politics
[6·3 지선] 금배지보다 단체장…체급 낮춘 전직 의원들 성패는,Politics
"정청래 ""전국적 큰 승리 안겨준 국민께 감사…다만 서울 탈환 못해 아파""(종합)",Politics
이언주 “6·3 지방선거 책임 통감”…당 최고위원 사퇴 표명,Politics
"선관위 향해 ""국민주권 훼손‥검경이 수사""",Politics
이재명 대통령 지지율 55.2%…민주 41.8% vs 국힘 41.1%,Politics
"이준석, '재선거 요구' 장동혁에 ""오세훈 사퇴 종용인가""",Politics
"시진핑 ""北과 세계다극화·포용적 경제세계화 공동추진""",Politics
새 국무총리 후보자에 한성숙…“AI 대전환 이끌 적임자”,Politics
"""비핵화 없다"" 못박은 북한…시진핑, 김주애 만날까",Politics
"[속보] 한성숙 총리 후보자 ""무거운 책임감‥민생경제 총력""",Politics
"“일베, 탱크로 밀어야” 매불쇼 최욱 발언 논란",Politics
"북한 노동신문, 시진핑 방북 환영사설…“북중친선, 여러분야서 발전”",Politics
눈에 띄는 강북 득표율...민주당 구청장 찍은 표심 흡수 못 한 정원오,Politics
“전국 재선거” 꺼낸 장동혁... 이준석 “그럼 오세훈도 다시  뽑나”,Politics
“비싸도 기념일마다 갔는데” 2030 열광하던 오마카세…결국 우르르 폐업,Society
'송파 개표소' 나흘째 봉쇄…선관위 수사 본격화,Society
"한성숙 ""전환적 시기에 총리 지명…막중한 책임감""",Society
필리핀 인근 해역서 규모 7.8 강진 발생…“쓰나미 경보 발령”,Society
"""애가 셋? 애X끼들 키우기 힘들⋯"" 면접관 발언에 분노한 40대 가장",Society
잔소리 했다고 '주먹질'…80대 노모 멱살 잡은 50대 실형,Society
나흘째 이어진 개표소 집회...현장 구호 변화 눈길,Society
"""아이를 잘못 키웠습니다""…PC방 난동 여중생 부모의 호소",Society
"""젠슨 다녀감"" 삼겹살집 테이블에 젠슨 황 사인이…""유리 덮어 보존하자""",Society
"민주노총 ""투표지 사태, 선관위 해체 수준의 혁신 해야""",Society
"“생활비 빠듯한데 주식은 무슨, 희망은 로또뿐”…저소득층 복권소비 급증",Society
“돈 자랑할게” 하이닉스 직원이 부른 기적…보육원 ‘도서관’ 이렇게 바뀌었다,Society
"민주노총 ""투표용지 부족, 선관위 적폐 밝혀야…음모론엔 반대""",Society
상점 주인 둔기로 살해하고 70만원 빼앗아 도주… 40대 男 검거,Society
"[속보] 한성숙 총리 후보자 ""무거운 책임감...낮은 자세로 임할 것""",Society
"""'기분 상해죄'가 '아동학대' 되는 것이 현실""…공교육 멈춰 세운 '아동복지법'의 덫",Society
"민주노총 ""투표용지 부족 사태, 선관위 구조적 적폐 밝혀야""",Society
"""선관위 제외, 묵묵한 헌신 인정한다"" 공무원들 마음 울린 격려글",Society
"""자식 교육 잘못 시켰다""…PC방 소화기 테러 여중생 부모, 고개 숙였다",Society
"""몇알 먹어야 환각돼?"" 놀이 된 청소년 약물 복용 [약에 취하는 아이들②]",Society
"2019년 한화 대전공장 폭발로 납품 지연…대법 ""배상금 이자 다시 계산""",Society
"""카페 수조에 멸종위기 백상아리가?""…'경주 투썸' 매장, 사육하다 방류",Society
"서울시 노조 ""오세훈, 불필요하고 덜 급한 일 걷어내야""",Society
"서울 시의원·구의원 108명, 벽보·투표·토론도 없이 당선",Society
"SK하이닉스 직원의 '돈 자랑'에 쏟아진 응원…""1억 성과급보다 값진 나눔"" [따뜻했슈]",Society
AI PC의 의미,Society
"경기 안산 공장 화재, 10시간30분 만에 초진…한때 대응 2단계 발령",Society
잠실 투표소 봉쇄 시위 나흘째…시민들 2만명까지 모였다,Society
"[단독] 강남구청, 초등학교 옆 ‘사이버 룸살롱’ 제재 착수… 무단 용도 변경 적발",Society
화려했던 '직구시대' 저문다…강달러에 배송대행업체 비명(종합),Society
"""건진 만난 적 없다"" 尹 '허위사실 공표' 1심, 오늘 결심공판",Society
고래 품은 8000년 전 뼈 한 점… 8000년 울산 바다가 국가유산 된다,Society
"코스피 7,500선 무너져…서킷브레이커 발동",Society
"""한국 오자마자 PC방으로"" 젠슨 황이 페이커부터 만난 이유",Society
"이 대통령 지지 55.2%로 3.9%p 하락…""투표용지 책임론·고환율"" [리얼미터]",Society
"""교권 추락 피해 심각…교육력 저하는 곧 국가 경쟁력 소멸로 이어져""",Society
"""영구 보존해야""…젠슨 황, 다녀간 식당에 '사인' 남겨",Society
'상조회' 유감<일상이 뉴스다!>,Society
"절에서 만난 인연, 결혼까지… ‘나는 절로, 낙산사’ 참가자 모집",Society
"""돈보다 생명을""…아프고 힘 없는 이의 의사 우석균 선생 별세",Society
서울 중형택시→고급·대형 전환 쉬워진다…'무사고' 삭제,Society
"인천서 슈퍼마켓 주인 강도살해, 40대 외국인 긴급체포",Society
국민 88.3% “정년연장 찬성”,Society
"""XX 놈아"" 욕설에 멱살까지…조국혁신당 총무국장 1심 벌금형",Society
"가게 업주 살해하고 도주한 40대 강도, 하루 만에 검거",Society
'검사실 술파티 위증 혐의' 이화영 국민참여재판 8일 시작…열흘간 진행,Society
"경찰, '용지 부족' 잠실 투표소 해산 과정서 '과잉진압' 피고발",Society
"李 '투표용지 합수본 구성' 지시에 출범 속도…대검 ""국민적 의혹 엄정 규명""",Society
전재수 부산시장 인수위 가동… '퐁피두센터' 등 기존사업 전면 재검토,Society
"종이상자 공장서 시작된 불, 인접 9개 업체로 번져…소방 10시간여만에 초진",Society
"대법 “2019년 한화 폭발사고 납품 지연 배상금 이자, 다시 계산해야”",Society
안산 공장 화재 10시간 만에 큰불 잡혀,Society
"""비행기 사고 보더니, 못 간다""…칠순여행 일주일 전 취소한 시어머니",Society
한화에어로 공장 폭발로 납품 지연…지체상금은 감액된 사연,Society
세종 첫 여성교육감 강미애…신도시 표심이 승부 갈랐다,Society
"정용진 회장, 광주서 '탱크데이' 직접 사과할까",Society
'송파 개표소 봉쇄' 나흘째…밤샘 시위 계속,Society
서울시 1급 간부들 일괄 사표 제출…민선 9기 앞두고 조직 정비 본격화,Society
"추경호 대구시장 당선자, '소통형' 시장직 인수위원회 구성",Society
"'서흥원 군수 공약' 양구군, 대학생등록금 전액 지원사업 1차 지급 완료…238명 5억5700만원",Society
"포스텍, 단 한번 접종으로 장기간 면역 효과 내는 백신 기술 개발",Society
휴가 계획 아직이라면… 에어부산이 꺼낸 ‘여름 여행 초대장’,Society
‘탁 치니 억 하고 죽었다’ 대공분실 찾은 중학생들 “민주화 열망 느꼈다” [세상&],Society
"""테무 경찰이세요?"" 도 넘는 조롱에…가족들 울분 [소셜픽]",Society
"대한조선, 美 해군 함정 MRO 시장 진출…'MSRA 인증 지원사업' 최종 선정",Society
"""이게 난리 칠 일인가요?""...친한 친구 장례식 다녀왔다가 파혼 위기 맞은 男 [어떻게 생각하세요]",Society
송파 개표소 앞 농성 나흘째...투표함 반출 난항,Society
"새벽 모내기 논 살피러 간 70대, 농수로 빠져…결국 사망",Society
尹 허위사실 공표 혐의 1심 오늘 결심공판,Society
"""수술실 CCTV 있다는데""...환자 절반은 몰랐다",Society
동부 중심 소나기…돌풍·천둥번개도 '주의',Society
"광주시립제2요양병원 폐업 후 근로자 해고…法 ""부당해고 아냐""",Society
"""젠슨 황 다녀감""…'삼소회동' 열린 삼겹살집 테이블 사인 '눈길'",Society
창원서 술 취해 동거인에 흉기 휘두른 30대 여성 체포,Society
"청라시티타워, 448m 청사진은 그대로…착공 막는 법정 공방",Society
'2030 중심' 개표소 봉쇄…'음모론·극우 세력'엔 선 긋기,Society
[출근길인터뷰] 그냥 감기인 줄 알았는데…여름철 레지오넬라증 비상,Society
"""일베들 탱크로 밀어버려야""...매불쇼 최욱 발언 논란 ""내로남불 어디 가냐""",Society
조직 리더 때문에… 직장인 80%가 '퇴사 고민'하는 이유 [서베이 행간읽기],Society
"""합법적 몽둥이 필요""…정준희 교수 발언에 한양대 학생 반발",Society
"음식들 위에 비둘기…""너무 충격적"" 영상 논란",Society
인천 철도선로 인근서 화재…열차운행 지연 소동,Society
"""탱크로 일베 밀어야""…'매불쇼' 최욱 발언 논란 [소셜픽]",Society
"젠슨 황이 사인 남긴 삼겹살집 테이블 공개…""VIP석 됐다, 방탄유리 깔자""",Society
"[주목! e장면] '신호 무시·차선 이탈' 수상한 앞차, 검거해 보니…",Society
"조상호, 세종 신도시 11곳 평균 득표율 61%대 강세 뚜렷히 입증",Society
"'투표지 수사' 합수본으로...경찰, 고발인 조사",Society
나흘째 '재선거' 시위...이 시각 송파 개표소,Society
소멸시효 완성 후에는 금전 무상대여이익…특정법인 증여의제 적용 안돼 [판례연구],Society
5주기 앞둔 광주 학동참사 행정처분·추모공간 논의 '제자리',Society
"'째려봤다'고 고소하고, 무혐의 나와도 2차 고소…'교권 추락'에 신음하는 교사들",Society
"[박상욱의 기후 1.5] 계절도, 장마도 바꾼 기후변화",Society
"""합불자료 좀"" 친구 부탁에 개인정보 유출한 교사, 무죄…이유는?",Society
"‘돌려차기’ 가해자, 영치금 사용 신청 논란",Society
"추경호 당성인, 인수위 구성 완료·출범",Society
조회수 '수십만 회'…대학생들에 인기 폭발,Society
오늘 선선한 낮···일부 지역 소나기,Society
서울 자치구 곳곳에 피어나는 ‘매력정원’…도심 속 힐링공간 확산,Society
북한 노동자 단체가 민주노총에 보낸 연대사…항소심도 “이적표현물 아냐”,Society
"""죽을죄를 지었습니다"" PC방 '소화기 테러' 여중생 부모가 올린 사과문",Society
게임하는 초등생 아들 때린 50대 징역형 집행유예,Society
"조수빈 아나운서, 선관위 작심 비판…""해체 아닌 분쇄돼야""",Society
'2030 주축' 잠실 투표소 나흘째 밤샘 집회…李 대통령 '4부 요인' 회동,Society
[날씨]전국 흐리고 곳곳 소나기…더위 한풀 꺾인다,Society
선거법 위반만 1660건…짧은 공소시효·검찰 변화 맞물려 공백 우려,Society
가로수길 미식 이어 한강서 콘서트…13일 강남구 축제 '풍성',Society
대기업 가려고 퇴사하는 MZ들?…반전 진실,Society
“선 하나 그었을 뿐인데”…‘수직 주차선’ 호평,Society
스타벅스 ‘518 탱크데이’ 논란…美 본사 “부적절한 마케팅” 사과,Society
"택시 주유소로 돌진, 2명 사망…담배 피우다 바다에 '풍덩'",Society
소비 부진에 '스펀지 마늘'까지‥'한숨' 속 수확,Society
세계적으로 막강한 지위…감시와 견제는 구멍,Society
"중앙일보 ""국민에 귀 기울이되 부정선거 음모론자 주장 걸러내야""",Society
"1,300명 살린 마지막 비행…김도현 중령을 기억하다",Society
"""정치 얘기만 나오면 사람 취급 안 해""…시어머니 때문에 고민이라는 며느리",Society
"""브레이크 어디 있는지도?""‥또 레일바이크 사고",Society
"법원 ""북한 노동자 단체 민주노총 연대사, 이적표현물 아니다""",Society
"[와글와글 플러스] ""1등급 아니면 끝"" 고1 자퇴생 1만 명 돌파",Society
[이시각헤드라인] 6월 8일 라이브투데이,Society
"[인터뷰]""의사과학자가 대한민국 미래""…간질환 정복 나선 '슈퍼맨 3인방'",Society
푸드존·화장실 줄서기만 3시간…록페 티켓 과다 판매 논란,Society
“일반→모범택시 전환 쉬워질 듯”…‘무사고’ 요건 삭제 등 요건 완화,Society
"[와글와글 플러스] 국민 10명 중 9명은 ""정년연장 찬성""",Society
'가짜 제미나이' 피해 속출‥'환불불가' 덤터기,Society
"“네가 뉴스를 안 봐서” 정치 이야기 강요하는 시모, 어떡하죠?",Society
[인터뷰] 'K-방산 출발점' 국산 첫 소총 만든 '도미기사단' 강흥림씨,Society
제주 출생아 25% 산부인과 폐원 소식에 '술렁'…필수의료 공백 우려,Society
"""애가 셋이네요? 애새끼들 키우기 힘들…"" 면접관 막말에 40대 가장 '분노' [어떻게 생각하세요]",Society
"""특정 정치 성향 지지하는 시모, 만날 때마다 강요해 너무 피곤""",Society
"[투데이 라인업] 이 대통령, 취임 1주년 기자회견 / 한성숙 국무총리 후보자, 인사청문회 준비단 사무실 첫 출근 / 시진핑, 7년 만에 북한 방문 / 삼성전자, 구매액 20% 온누리상품권 환급",Society
"'검사실 술 파티 위증' 이화영 국민참여재판, 수원지법서 오늘 시작",Society
"""AI 때문에 결혼생활 대위기""…난리난 부부들?",Society
인구는 일본이 2.5배 많은데... 플라스틱 쓰레기는 한국이 2배 더 버린다,Society
"이제 입학했는데 ""자퇴할래요""…떠나는 고1들",Society
[손병관의 뉴스프레소] 투표용지 사태' 계기로 '전국 재선거' 요구한 장동혁,Society
"尹 ""건진법사 만난 적 없어""…허위발언 혐의 결심공판",Society
낙선한 김영환 지사 “승복할 수 없다”,Society
"""결정 번복만 수차례""…'갈대 같은 시어머니'에 며느리 한숨",Society
"""도둑 들었다"" 곳곳서 난리…기막힌 수법까지",Society
"""쥴리 의혹으로 정신건강 악화""…김건희, 엄벌 탄원서 제출",Society
"시립요양병원 폐업 후 근로자 해고…法 “통상해고, 부당해고 아냐”",Society
"시립병원 폐업으로 직장 잃은 직원들…""부당해고 아니다""",Society
"병원 폐업으로 근로계약 종료…법원 ""부당해고 아냐""",Society
법원 “광주시립 제2요양병원 폐업 후 근로자 해고는 부당해고 아냐”,Society
"훔치고, 도망가고, 모른 척…'바늘도둑' 경보령 [사건실화]",Society
"헌재 사무처장 ""계엄 이후 헌법교육 크게 늘어…센터 세워 K-민주주의 상징으로""",Society
"손인혁 헌재 사무처장 ""재판소원, 헌법국가 실현 최종단계…첫 결정 늦지 않을 것""",Society
"병원 문 닫자 일자리 잃은 직원들 ""부당해고"" 소송…법원 판단은",Society
"샤워하는 사이 울린 알림 ""오늘도 보고 싶어요""…아내 폰 열어보니 '충격'",Society
"""재선거만 외쳐주세요"" 잠실개표소 시위 주축 2030, '성조기 자제령'",Society
4만 원이 된 도수치료…'의료 쇼핑'의 종말이 남긴 과제,Society
"서울시, 중형택시→고급·대형택시 전환 문턱 낮춘다",Society
[AM-PM] 이 대통령 취임 1년 기자회견…젠슨 황 방한 나흘째 광폭 행보 外,Society
PC방 소화기 테러 여중생 부모 “촉법소년 폐지돼야”…공개 사죄문 올려,Society
"21살 가발공장 노동자, 어떻게 대통령을 몰락시켰나 [김종성의 '히, 스토리']",Society
"""일베, 전두환식 탱크로 밀어버려야""…매불쇼 최욱 발언 논란",Society
"[스타트 브리핑] ""공정 훼손·권리 침해에 분노""...잠실로 몰린 2030",Society
개표소 봉쇄 나흘째...새벽에도 수천 명 시위 계속,Society
"""음료 3잔이 횡령?…'제 스무살 끔찍' 알바생 절규에 변호 맡았죠""",Society
"대리기사 매달고 질주‥""살인 맞지만 징역 13년""",Society
"""선거업무 하청, 한계"" 경고했지만…4년간 손 놓았다",Society
[와글와글] 달리는 차량에서 '굉음'‥무슨 일?,Society
GTX-A 삼성역 철근 178t ‘발주도 안 했다’··· 커지는 안전 우려,Society
윤호중 장관 “‘그 정도면 됐다’고 할 때까지 사과해야 한다”,Society
[전국 톡톡] 조선업계 '훈풍'‥선박 이어 해양플랜트까지,Society
"한밤 시커먼 연기 기둥…""창문 닫고 우회"" 재난문자",Society
"재판장도 분노한 '현실판 더 글로리'…""어떻게 이런 일이 생길 수 있나""",Society
부실 관리에 재선거 가능? 현행법 따져보니,Society
신임 국무총리 후보자에 한성숙…역대 2번째 여성 총리[간추린 주말 뉴스],Society
"티켓 1만장 넘게 팔더니…""줄서기만 3시간"" ""다신 안 가""",Society
무책임한 '수뇌부 증발'‥수습할 사람도 없어,Society
"""선관위, 해체 아닌 분쇄돼야"" 조수빈 전 KBS 아나운서 작심 비판",Society
“이제 청년 대량실업은 불가피해졌다”…KAIST 교수의 혹독한 통찰,Society
"“일베, 탱크로 밀어야” 매불쇼 최욱 발언 논란",Society
"젠슨 황, LG·서울대·현대차·네이버 광폭 행보… 밤엔 치킨 회동",Society
"서울 중형택시, 고급·대형택시 전환 쉬워진다…무사고 요건 삭제",Society
잠자는 퇴직금 깨운다…기금형 퇴직연금에 국민연금 참여 논란,Society
"글로벌 거래소 OKX 수장이 코인원에 꽂힌 이유…""기술이 통했다""[인터뷰]",Society
7월 개원한다더니… 예천 공공조리원 준비 미비에 산모들 분통,Society
[법조브리핑] 성범죄 군인은 수강명령 불가?… 대법 “신분 상실 땐 가능”,Society
"대법 ""방사청, 한화에어로에 지체상금 일부 돌려줘야""",Society
처우 때문에… 민원 때문에… 새내기 교사부터 교장까지 학교 탈출 심화,Society
"더 어릴 때부터, 점점 고액으로…교묘하게 진화하는 사교육",Society
"“폭발 사고 났다고 6개월 작업중지는 과도”… 정부, 한화에 19억 지급 확정",Society
[인터뷰] “자유 아니라 책임 얻은 날”… 34년 문신 판례 바꾼 문신사의 8년 싸움,Society
스벅 사태·투표지 부족 등 논란마다 고발장 봇물…3년새 59% 급증,Society
"손해배상 못해줘도 영치금은 쓸래… ‘부산 돌려차기’ 가해자, 법원에 압류금지 신청 [사건플러스]",Society
[더 한장] 청년 대거 몰린 ‘잠실 참정권 시위 현장’,Society
"""새 술은 새 부대에?""…전재수, '박형준 표 조직·인사' 손질 전망",Society
특허만료 앞둔 빅파마…콕 찍은 미래먹거리 '이것',Society
"한화에어로, 국가 상대 소송 일부 승소…지체상금 감액 확정",Society
[OK제보] 푸드존·화장실 줄서기만 3시간…록페 티켓 과다 판매 논란,Society
"'폭발 사고' 100억 지체상금 문 한화에어로…대법 ""20억 돌려줘라""",Society
"한화에어로 ""작업 중지명령 탓""…폭발사고 지체상금 19억 반환 확정",Society
"[오늘날씨]전국 오전 비 소식, 오후엔 동쪽 소나기…낮 최고 27도",Society
"""머리 싹뚝, 빡빡 못 밀어 죄송""...PC방 소화기 테러 여중생 부모 사죄문",Society
'성추문 군수·뇌물 혐의 시장'…민주당에 내주고 떠나는 동해안 3선 권력,Society
'내신 5등급제' 1년…경쟁 완화 대신 학업중단·검정고시 늘었다,Society
"""건진법사 만난 적 없다"" 윤석열 허위사실 공표 1심 마무리",Society
"한화에어로 공장 폭발로 납품 지연…대법 ""지체상금 20% 감액 정당""",Society
"30㎝ 흉기 들고...피로 물든 초등학교, 아이들 8명 숨졌다 [뉴스속오늘]",Society
"연 324% 이자 뜯어낸 대부업자, 추가 이자 돌려주면 그만일까?",Society
화려했던 '직구시대' 저문다…강달러에 배송대행업체 빨간불,Society
"""멀쩡한 사람 중국인 만들기 멈춰야""…이준석, 잠실 시위장서 번진 '중국 공안 음모론' 비판",Society
"자다가 흉기 피습…피해자에 ""넌 죄 없다. 재수없는 거다""",Society
[이 시각 핫뉴스] 젠슨 황 방한에 장녀 깊이 관여…총수 회동도 챙겨 外,Society
개표소 봉쇄 나흘째...새벽까지 수천 명 '밤샘 시위',Society
"尹 '평양무인기' 이번 주 1심 선고…특검, 징역 30년 구형",Society
"[사건사고] 간선버스, 상가 돌진 승객 부상…주말 곳곳서 사건사고",Society
'낭만러너' 심진석은 왜 오버페이스 할까?[페이스메이커],Society
'술파티 위증' 이화영 국민참여재판 오늘 시작…역대 최장 전망,Society
"""미신이다""vs""큰일 앞두고""…결혼 4개월 전 장례식장 조문 갑론을박",Society
전국 흐리고 곳곳 소나기…천둥·번개 주의,Society
'용지 없어 못한 투표' 배상 받을 수 있나…판례 살펴보니,Society
충격의 '비둘기 뷔페' 된 노점상…길거리 음식 위생 '비상',Society
"""며늘아 솔직히 말해봐""...만날 때마다 정치 성향 강요하는 시모에 '한숨'",Society
佛 출장에 여섯 자녀 데려간 美국방,Society
‘재건축·재개발 TF’ 곧바로 가동…고령층·다자녀 가구 재산세 감면[민선 9기 단체장에게 듣는다],Society
“위험도 감수”… 아마존 성공 뒤엔 美 금융 생태계 있었다[생산적 금융 설계도 3회],Society
"‘사법리스크’ 오세훈·추경호, 10일 재판 재개…이르면 12월 시장직 판가름",Society
투표 관리관들 “대선보다 참관인 많아… 부정선거 불가능”,Society
北·中 격변 관계에 휘말린 '유령 인생'…'여지'가 필요하다,Society
[단독]소년재판 실무제요 12년 만에 바뀐다…촉법·우범소년 논의도,Society
공정이슈 불붙인 ‘훼손된 한 표’… 잠실로 몰린 2030,Society
‘미니총선’ 민주 9석 지켜…국힘·무소속 5석 확보,Society
민선 9기 ‘농업 전문가’ 곳곳 포진…지방농정 활력 기대,Society
"""유부남과 교제하며 연프 출연?""…'불륜 폭로글'에 의혹 확산",Society
'연어 술파티 위증' 이화영 국참 시작…주요쟁점은 '이것',Society
검찰청 사라지고 4심제 도입…후유증 우려 남겼다 [李 정부 1년],Society
지역의사 확충 긍정적…늦어지는 연금 구조개혁 아쉬움 [李 정부 1년],Society
"오세훈·추경호 재판 재개, 민심 넘었지만 사법리스크 남았다",Society
"[단독] 보좌진 멱살 잡고 “XX 놈아”…혁신당 총무국장, 1심 벌금형",Society
"예약 여행 취소, 한복도 4번 바꿔…죽 끓듯 변덕 시모, 며느리 번번이 골탕",Society
"""정치 성향 다르면 '사람 취급' 안 하는 시모…만날 때마다 너무 피곤""",Society
[오늘 날씨]경상·강원권 '소나기 주의보'…전국 대체로 흐림,Society
"[단독]“간병비 건보 적용 시범사업에 1, 2등급 요양병원만 포함”",Society
"[단독]檢 “이호진, 와인업체 등 통해 부인에 허위급여”",Society
레미콘노조 “오늘 휴업 돌입” 수도권 1만대 스톱,Society
풀액셀 시속 40km… 장생포 명물은 ‘고래카트’,Society
1등급 탈락 우려에 작년 고1 자퇴 1만명,Society
"한국 영재 '카이스트 대신 중국 공대' 갈 때, 중국인은 한국 도피 유학 온다",Society
폐현수막 온실가스 선거때마다 600t… “PVC 사용 막아야”,Society
진보 교육감은 정부 편? '80조 교육교부금' 앞에선 내 편 없다,Society
[단독] '인재에 미친 나라' 중국이 한국인 교수에게 건넨 것들... 억대 연봉·공항 프리패스·영주권,Society
"""국힘도 깜짝 놀랐을 것""… 김부겸, 졌지만 TK에 남긴 '변화'의 불씨",Society
"검찰 못 믿어 특검까지 했는데, 돌고 돌아 셀프 종결된 '관봉권 의혹'",Society
"""20대는 합법적인 몽둥이 들어야 할 대상""…정준희 교수 발언에 한양대 학생들 반발",Society
게임하는 초등생 아들 폭행한 50대 아빠…자다가도 때렸다,Society
"'불공정' 뿔난 2030… ""재선거"" 밤새 목청",Society
이천 교사 사망 파장… 교육계·정치권 움직인다 [사학 카르텔의 폭로자 찍어내기],Society
이번 주 윤석열 '무인기 의혹' 선고...징역 30년 구형,Society
“고고학 문턱 부숴 우습게 만들고파”… 맨손으로 주먹도끼 만드는 족장님,Society
담뱃불로 지지고 성범죄 방조…‘더 글로리’보다 더 잔인한 집단 가혹 행위,Society
나흘째 이어지는 ‘투표용지 부족’ 규탄 시위… 아직도 수천명 남아,Society
'주청사 없다지만'...전남 의대 설립도 갈등 '뇌관',Society
“착한 아들”“잘 가”… 한화에어로 사고 희생자 3인 ‘눈물의 발인’,Society
핫도그 사먹으러 갔다가 ‘경악’…비둘기가 먼저 쪼아 먹는 길거리 음식,Society
‘투표도 못하는 나라’ 2030 분노 터졌다,Society
"“스벅 사태 땐 한마디씩 얹던 기성 세대, 참정권 훼손엔 침묵하나”",Society
[핫코너] “수능 잘 봐서 하이닉스 가자”,Society
아파트 한 동서 한두 집만 태극기… 현충일 조기 게양이 사라졌다,Society
"‘내신 5등급’ 후폭풍… 고1 자퇴생, 1만명 넘어",Society
잠실 투표소 봉쇄 시위 나흘째로…새벽에도 수천명 자리지켜,Society
“동호회 아니면 못 칠 판”⋯공공배드민턴장 클럽 전용 논란,Society
춘천경찰서장에 박재삼…경찰청 총경급 전보인사,Society
"75년 만에 양구전장 찾은 백세 노병 ""군복의 무게 잊지 말길""",Society
"분노한 2030 송파 집결…“선거공정 문제, 정치시위 아니다”",Society
"2차 특검, 출범 101일 만에 尹 첫 소환… 반란·관저 의혹 조사 이어질 듯",Society
"'1억 성과급' SK하이닉스 직원, 또 '돈 자랑'...""언제든 환영""",Society
선거 가고 검찰개혁 온다…'보완수사권' 논의 본격화,Society
"[결혼과 이혼] ""너 애 낳을 때 나랑 상의했니?""⋯손주 안 봐주는 친정엄마에 딸 '충격'",Society
일본 여행 간 한국인 사라졌다…“10분 뒤 도착” 스물여섯 청년은 어디로 갔나,Society
월요일 전국 비…더위 꺾여 낮 최고 20~27도[오늘날씨],Society
“한국경찰 맞아요?” 잠실시위서 ‘중국인 몰이’ 논란…“화짱조 놀이 멈춰야”,Society
"국민 10명 중 9명 정년연장에 '찬성'…2030, 청년일자리 잠식 우려",Society
"국민 10명 중 9명 ""정년 65세로 늘려야""…20·30대는 조건 달았다",Society
"""AI가 아니야?""…비둘기 올라탄 길거리 음식 위생 논란",Society
한화에어로 폭발 사고 희생자 발인...가족·동료 오열 속 영면,Society
"'쥴리 의혹' 김건희, 심리 재판부에 '엄벌 탄원서' 제출",Society
"기후동행카드 월3만원 환급, 10일부터 접수… 일각에서는 ‘포퓰리즘’ 비판",Society
가평서 SUV 들이받은 20대 오토바이 운전자 숨져,Society
"“기댈 동료·선배 없이 방치”… 중기 신입 절반, 1년 안에 짐 쌌다",Society
"돌아온 '늑구' 인기몰이...""재개장만 기다렸어요""",Society
개표소에 묶인 '투표함 380개' 어쩌나...선관위 대책 고심,Society
검찰해체 속전속결 처리...보완수사권 논의 과제,Society
"'잠실개표소 시위' 2030, 부정선거·극우세력과 선긋기(종합)",Society
오세훈 “투표용지 부족은 대통령 책임” 공세…‘재선거 요구’는 거리두기,Society
‘35년째 같은 놀이기구’ 광주패밀리랜드…‘경주월드급 투자’는 언감생심,Society
"""세금으로 살면서 1억도 갚지 않고""...'부산 돌려차기男' 황당 근황",Society
"혐오사회 흐르는 한국, 언론과 소수자 '연결'이 필요하다",Society
잠실개표소 사흘째 봉쇄시위 '2만명' 운집…'재선거만' 지침에 갈등도(종합),Society
"""잠실 '선결제' 해줘!"" 요구에…박보영 ""타격 없다"" 대처",Society
‘차 있는’ 차 없는 거리…70억 들여놓고 관리 ‘뒷짐’,Society
"잠실 개표소 봉쇄 시위, 낮밤 분위기 반전···‘재선거’ 중심 요구서 ‘부정선거’ 늘어",Society
장윤기 집에 훼손된 리얼돌 ‘무더기’…세번째 폭발한 한화에어로 [금주의 사건사고],Society
동해 심해가스전 개발 재시동…공동개발 우선협상자로 英 BP 선정,Society
"‘작년에 왔던 깐부, 잊지도 않고 또 왔네’···젠슨 황, 이번엔 최태원과 ‘깐부 회동’",Society
고속도로 '사망 사고' 80% 이상은 '이것' 때문,Society
"6.8kg 케틀벨로 살인한 30대男 황당한 항소…“자수했는데 감경 안돼”, 되레 징역 늘린 재판부",Society
'투표용지 부족' 검경 합수본이 수사…고의성 입증이 관건 되나,Society
돌잔치 축의금 훔친 연회장 직원 입건,Society
"“정당 참관인들 사진까지 찍으며 감시, 조작 불가능”···부정선거론 재점화에 투표관리원 한목소리",Society
끊이지 않는 우회전 보행자 사고…대형차량 더 위험,Society
“성조기 내려달라”하니 “내 자유”…강경파 합류에 격해지는 잠실개표소 시위,Society
"""선관위는 해체 아닌 분쇄 대상""…조수빈 전 KBS 아나운서, 투표용지 부족 사태 직격",Society
“부디 사고 없는 곳으로” 한화에어로 참사 희생자 4명 발인,Society
내신 5등급제에도…1만8661명 일반고 이탈 ‘7년 새 최다’,Society
"李 대통령 ""합수본 구성"" 지시…선관위 책임 규명 나선다",Society
재선거 현실성 있나? '법의 문턱' 높고 위자료는 100~200만 원,Society
"""중국이 배후""?‥숟가락 얹으려는 음모론자들",Society
대검 “투표용지 부족 사태 합수본 구성…의혹 엄정 규명”,Society
주차장에 누워 있던 20대 차에 깔려 중상…주말 경기 사고 속출,Society
'투표지 부족' 검경 합수본이 수사…선관위 직무 유기 정조준,Society
"귀에 걸고도 ""잘 안 들려""…""우리 애 평생 3억"" 한숨",Society
"""태극기만 흔들자""‥극우와 선 긋고 구호는 ""재선거""",Society
게임한다고 주먹으로 퍽…초등생 아들 폭행한 50대 아빠 결국,Society
새벽 운행하다 전신주에 '쾅'…택시기사·승객 사망,Society
"대검 ""'투표지 부족 사태' 합수본 신속 구성…의혹 엄정 규명""",Society
"""투표 용지 부족 사태에는 왜 안나서나?"" 댓글 달리는 연예인들",Society
"""탄핵집회처럼 선결제 좀"" 조인성·박보영까지 불똥…""이상한 사람들, 타격없다""",Society
"“타격 별로 없어” 박보영, 잠실 선결제 요구에 입 열었다…“걱정마라”",Society
음식 밟고 소시지 쪼아 먹는 비둘기…길거리 음식 위생은,Society
"‘70대 택시 운전자, 전신주 들이받아’…2명 심정지·300여 세대 정전까지",Society
"""정년 65세로 늘려야⋯국민 10명 중 9명 찬성",Society
‘프랑스 유일 정치인 영부인’ 시라크 여사 별세,Society
[날씨] 내일 오전까지 곳곳 비…당분간 평년 수준 초여름 날씨,Society
"젠슨황·최태원, 2차 깐부회동…야구장 방문 후 또 '치맥'",Society
'동대문 장사는 현금이 생명이라~' 프로 사기꾼의 수법 [사기꾼들],Society
"3일째 '재선거' 밤샘 시위, 사태 수습 시급… 국회, 국정조사·특검 카드 모색",Society
"“전세계가 빠르게 늙어가는데…돌봄, 가족 헌신에만 기대선 안 돼”",Society
"金총리 ""투표지 부족, 선관위 일정 이상 고위직 다 물러날 사안""",Society
'부정선거' 지우고 '재선거' 외쳐…잠실 개표소 집회 운집,Society
"민주, '투표지 부족' 국조 요구서 내일 제출…일부선 ""문제된 지역만 재선거""",Society
군사정권 ‘녹화 공작’ 피해자 국가배상 인정,Society
“참정권 침해” 4.5만명 운집…‘투표용지 사태’ 규탄 집회 사흘째,Society
작년 '그' 깐부서 또 만났다…회장님들과 '초밀착 행보',Society
"판사 “어떻게 이런 일이”…얼굴에 성적 낙서·담뱃불 화상까지, 남녀 학생 5명 전원 실형",Society
'김관영 옹호 송영길' 직격한 이성윤…민주 8월 전대 앞두고 전북서 '명청대전 서막' 신호탄?,Society
"특검, 尹 첫 조사… 경찰 신문 거부 ‘실랑이’",Society
국민 10명 중 9명 ‘65세 정년 연장’ 찬성,Society
"잠실개표소 시위대, '과잉진압' 혐의로 경찰 고소",Society
"나이트클럽 앞 만취 여성…주변 배회하던 50대, 모텔 데려가 강제 추행",Society
강릉 해안서 너울성 파도 사고 잇따라…1명 사망·2명 중태,Society
실종자 18명 찾아낸 '네 발의 소방관' 태공이…눈물의 은퇴식,Society
혐의 부인한 윤석열…특검 '계엄 취지 전달' 진술 확보,Society
"김건희, '쥴리 의혹' 심리 재판부에 '엄벌 탄원서' 제출",Society
마스크 안 썼다고 7세 아들 때리고 폭언한 엄마⋯징역형 집유,Society
"""배상금 1억은 안 주면서""…부산 돌려차기 가해자, 영치금 사용 허가 신청 논란",Society
전공의 퇴근 빈자리 떠안은 교수 ‘번아웃’,Society
종잇장처럼 구겨진 택시…'주유소 돌진' 참변,Society
"""누가 찔렀다"" 신고에 경찰 출동 발칵…CCTV 돌려보니 허위신고",Society
내신 부담에… 고1 자퇴생 1만명 넘었다,Society
“이렇게 못 보낸다” 한화에어로 희생자 눈물의 발인,Society
선거 현수막 철거하다 추락사…택시가 주유소 돌진해 2명 사망,Society
"4~6월 꽉 채워 썼다면 '9만원' 돌려받는다...서울시, 기후동행카드 '월 3만원' 환급",Society
"‘5848명 연행’ 1996년 연세대 사건, 30년 만에 진실규명 신청 예정",Society
환경공단 이사장·향응 제공 의혹 업체의 ‘수상한 인연’,Society
개표소 집회 ‘갈라선 목소리’…성조기 막으며 “태극기만 오는 곳”,Society
"'부산 돌려차기' 가해자 ""영치금 쓰게 해달라"" 법원 신청",Society
공정성 훼손에 분노… 2030 저항 커졌다,Society
"남대문 상인들 ‘호떡 금지’, 이유는?",Society
스크루에 밧줄 감긴 어선 표류…4시간 수중 제거 작업,Society
“퇴근 1시간 전 권고사직 당했다”…중소기업 사표내는 이유는 연봉보다 ‘이것’,Society
총알처럼 터진 화물차 바퀴…휠 조각 상가로 날아가,Society
주말 강릉 해안가 덮친 너울성 파도…1명 숨지고 2명 중태,Society
[단독] 윤석열 관저에 행안부 예산 전용 확인…이상민 “그게 좋겠다”,Society
"스타벅스 美 본사 ""결코 있어선 안 될 마케팅""⋯5·18 단체에 사과",Society
"김민석 ""투표용지 부족 사태, 선관위 고위직 물러나야 할 사안""",Society
"'선관위 규탄' 점점 몰리는 시민들…극우 세력엔 ""나가라"" 단호",Society
"""이렇게 가면 어떡해…"" 한화에어로 폭발 희생자들 발인",Society
티눈 수술로 16억 타고도… 추가 소송냈다 패소,Society
"[단독] 김병기 “그럴 리 있겠나” 자신했는데… 警, 구속영장 신청 방향",Society
"[단독] “쥴리 의혹으로 정신건강 악화”… 김건희, 재판부에 엄벌 탄원서",Society
"""잠실에도 스벅 선결제""…'투표지 부족' 두고 연예인에 '부정선거' 입장 요구",Society
"[fn이사람] ""서울아파트, 언제 살까보다 '어디 살까'가 중요합니다""",Society
6300만 원 벌어 1500만 원 벌금 불법 공유숙박 ‘걸려도 남는 장사’,Society
"스타벅스 미국 본사 ""부적절 마케팅 사과""...후속 조치 '주목'",Society
결국 무위로 끝난 ‘은행 직원의 촉’,Society
"‘흥행 우려’ 부산대 단독 서울 입학설명회, 괜한 걱정이었다",Society
"최욱 ""일베, 탱크로 밀어버려""…이준석, 李대통령 '소환'",Society
"""잠실에도 스벅 커피 선결제 해달라""⋯아이유·박보영에 '댓글 테러'",Society
"스타벅스 美 본사, 5·18단체에 사과…""결코 일어나선 안 될 일""",Society
"""낙하산 안 된다"" 강원랜드 사장 인선 놓고 반발 잇따라",Society
"첫 조사 마친 尹, 13일 다시 특검 출석…반란 혐의 조사",Society
전국 교실에 560만대 깔렸는데… 보안에 구멍 뚫린 '디벗',Society
"[단독] 태백병원, 50년 만에 수련병원 지위 반납",Society
강릉 해변·해상서 이틀 새 사고 3건…사망 1명·중태 2명(종합),Society
"부실 선거에 분노한 2030 ""참정권 침해 당해…재선거해야""",Society
훼손된 한 표가 불붙인 분노… 잠실로 몰린 2030,Society
“재선거” 외친 2030…이준석엔 “나가라” 정치권 개입 선 그었다,Society
[속보] 강릉 사천진리 해변서 70대 파도 휩쓸려 심정지,Society
청계산에 나타난 '작은 곰' 오소리,Society
"심혈관·당뇨 위험 증가…""당장 초가공식품 치우세요""",Society
[영상] “꼬리에 점 있는 늑대가 늑구래”…오월드 재개장에 ‘늑구 찾기’ 열풍,Society
잠실구장 뜬 젠슨 황의 팬 서비스…주먹 인사에 어깨 춤까지,Society
킥보드 견인에 119억…신고제도 보완책 시급,Society
"""좌우 떠나 참정권 침해에 분노""… 올림픽공원 뛰쳐나온 2030",Society
가평서 SUV에 오토바이 추돌...20대 사망,Society
"""내신 1등급 못받을라 불안"" 고1 학업중단 1만명 넘어",Society
“젠슨 황 앉은 곳 어디예요?”…성지 된 홍대 고깃집 [르포],Society
"“일베, 탱크로 밀어버려야” 최욱 발언에…“내로남불, 탱크데이만 잡도리” 비판",Society
여행지에서 사 온 선물 챙겨 갔는데... 담임 교사가 한 뜻밖의 말,Society
"월급 110만 원이 남긴, 내 인생의 '화양연화'",Society
"“외도 의심 문자 본 후, 되레 이혼 소송 당해”…트로트 가수 남편 ‘황당’ 사연",Society
"친여 유튜버 최욱 “일베, 전두환식 탱크로 밀어버려야” 논란",Society
"'부산 돌려차기' 가해자, ""영치금 쓰게 해달라"" 법원에 신청…피해자는 분통",Society
"""많이 실망"" 연봉보다 무섭다…중기 '퇴사 브이로그' 보니",Society
김밥 1500원·짜장면 2500원…고물가에 뜨는 부산 '착한가격업소',Society
"“열심히 살아도 부동산·주식·성과급 남 얘기”…전문가들이 본 2030 보수화, 왜?",Society
"단체장은 국힘, 의회는 민주당…경기 '엇갈린 권력지도'",Society
[현장]“이렇게 가면 어떡하냐”…‘한화에어로 참사’ 통곡의 발인식,Society
"윤 전 대통령, 특검 '줄소환' 예정…반란·관저 이전 의혹 등 조사",Society
역대급 N수생에 정시 바늘구멍…‘수시 전략’이 가른다,Society
"‘서소문 고가 붕괴 이유있었다’…시공사, 5년간 산재 47명 발생...안전조치 다수 위반",Society
낙동강 벨트 민주당 강세 속 양산만 달랐다…승부 가른 건 '결집력',Society
"내신 5등급제 첫 적용 고1, 자퇴생 첫 1만명 돌파",Society
"주차장 바닥에 누워있던 20대 남성…차에 상반신 깔려, 무슨 일?",Society
"시장 탈환, 도의원 싹쓸이, 시의원 다수당…김해는 민주밭",Society
"벤츠에 빼곡히 적힌 '재선거'...""특정 단체 소속 아니다"" [오승혁의 '현장']",Society
'광화문 아스팔트'와 거리 두는 잠실개표소 시위…2030 자율집회,Society
“이럴 순 없다” 2030 분노 그대로…외신도 ‘투표용지 사태’ 주목,Society
"[단독] 종합특검, ‘관저 의혹’ 尹 소환 검토…윤재순 “대통령이 전화로 크게 질책”",Society
한화에어로 폭발 희생자 3명 영면,Society
"매불쇼 최욱 ""온라인상 탱크로 밀어버려야 돼"" 논란… 내일 입장 전할 듯",Society
"조수빈 前 아나 ""선관위, 해체 아니라 분쇄해야…직원들은 휴가갔나""",Society
"'재선거 요구' 시위에…""집회 지지"" ""부정선거 주장 과해""",Society
"경찰 조사 거부 尹, ‘계엄 정당화 메시지’ 지시 부인",Society
[단독] 은행 담보 5억 중국 수산물 빼돌린 수입업자…공범과 함께 기소 [세상&],Society
하루 2번 치킨 먹는 젠슨 황...야구장서 113마리 주문,Society
"'티눈·굳은살 수술'로 보험금 3천만 원?…대법 ""일부 돌려줘야""",Society
작년 고1 학업중단자 1만 명 넘었다…'내신 5등급제' 부담 작용했나,Society
"선임병 '업어치기'로 어깨 장애…법원 ""보훈대상 기준 충족""",Society
"“서울시 구청장 30대는 곤란?”…강서 김승현·중구 이동현 잇단 고배, 나이의 벽인가· 경험의 벽인가?",Society
재선거 띄운 野…선거무효 ‘투표 못한 유권자 규모’에 달렸다,Society
"유흥업주 눈물 흘리게 한 텔레그램 채널 운영자, 결국 징역형 [사건수첩]",Society
"보수와 진보, 허울 뿐인 '이름 싸움' [영화로 읽는 세상]",Society
선관위 얼빠진 대처에 불 붙은 ‘재선거’ 시위···2박3일 봉쇄 시위에 수만명 운집,Society
"젠슨 황·정의선, 평양냉면 회동…피지컬 AI 동맹 강화",Society
[경북 원전 르네상스 시대를 열다]경북 동해안 원전벨트 'K-에너지 르네상스의 시작',Society
국민 10명 중 9명 '정년 연장' 찬성…여전한 청년 일자리 잠식 우려,Society
"[영상] 닭꼬치 위, ‘닭둘기’가 폴짝폴짝 “이걸 먹으라고?”…길거리 음식 위생 논란",Society
“검사가 조사해달라” “부끄러운 줄 아시라”··· 종합특검 윤석열 첫 조사 ‘신경전’,Society
"'투표용지 부족 후폭풍' 거리 나온 2030…""재선거 해야"" (종합)",Society
“서울 4대문 안 인구를 3배로…친구도 늘어납니다”,Society
"""아빠 맞아?"" 초등생 아들 게임한다고 주먹질 퍼부은 50대",Society
"마스크 안 썼다고 폭행…""너 죽어도"" 욕설 퍼부은 엄마",Society
“이러다가 진짜 다 망해”…싼 값에 사람들 반응 터지자 약사 단체 우려,Society
"'부산 돌려차기' 가해자 영치금 사용 신청…피해자 분통 ""어불성설""",Society
'잠실개표소 시위' 사흘째…2030 시민 40% 차지,Society
"'맨헤라'와 '정병', 청년들이 무너짐을 자처하는 이유 [송그루의 Be minor]",Society
"“아이유, 잠실에 커피 선결제 좀~ 좌파시위만 국민?” 댓글테러 난무",Society
"홈플러스, 올해만 2600명 떠났다…3500명 대규모 실직 위기",Society
모락모락 피어오르는 “부정선거” 음모론…투표관리원들 “부정선거 불가능한 환경”,Society
종합특검 첫 조사 마친 尹…반란·관저이전 등 확인할 혐의 쌓여,Society
"“트로트 가수 아내, 불륜 들키더니 가출…이혼소송 걸더라” 남편 폭로",Society
"""이제 길거리 닭꼬치 못 먹을 듯"" 비둘기 활보하며 부리로 '콕콕'",Society
3선 국회의원서 시장까지… ‘추경호 당선 일등공신’ 하중환 시의원이 말하는 대구 선거 막전막후,Society
"인천공항 누비는 ‘네 발의 경찰’…폭발물 탐지견의 하루 [현장, 그곳&]",Society
국힘 꺾은 ‘국힘 출신‘ PK 무소속 당선 5인…복당에 쏠린 눈,Society
[단독] 尹 ‘반란죄’ 고심하는 특검… 이중기소 논란에 ‘불기소’도 검토,Society
국민 88% “법정 정년 65세 연장 찬성”…소득 공백 우려 가장 커,Society
"""애새끼들 키우기 힘들…"" 면접관 막말에 40대 가장 '분노'",Society
"수술실 CCTV 의무화, 아직 환자 절반이 모른다",Society
‘재선거’ 구호 아래 잠실 모인 2030… “좌우 떠나 국민 기본권 쟁취”,Society
"""흉기 찔렸다"" 허위 신고한 40대…이유 들어보니 '황당'",Society
"가평서 SUV 들이받은 오토바이…전소, 20대 운전자 사망",Society
"尹 '평양무인기' 1심 선고…특검, 징역 30년 구형",Society
"서울시, 기후동행카드 ‘월 3만원’ 환급…10일부터 접수",Society
"""1등급 못 받으면 끝""…고1 자퇴생 1만명 넘었다",Society
[단독] ‘불륜·폭행’ 두 번 제명에도 4선 성공…유진우 당선 비결,Society
"""잠 안와 칼로 찔러""…경찰에 ""흉기에 찔렸다""고 신고한 40대 男, 자해 후 허위신고",Society
"서울시, 기동카 쓰면 현금 9만원…“현금성 복지 동참” vs “고유가 교통비 지원”",Society
"[단독] ""넷플릭스 '돌풍'에 아파트 노출, 초상권 침해"" 법원 판단은?",Society
"‘연봉 때문만은 아니었다’…1년도 못 버틴 中企 청년들, 이유는 ‘방치’",Society
텔레그램 채널 악용해 유흥업주 협박 억대 갈취 30대 징역 1년,Society
‘문턱 없는 병원’ 지킨 우석균 전 성수의원 원장 별세,Society
"“아이고, 이렇게 가면 어떡해”… 오열 속 한화 참사 희생자 발인",Society
"""참정권 문제에 분노""…'잠실개표소 봉쇄' 시위 사흘째",Society
고객이 두고간 돌잔치 축의금 챙겨… 연회장 직원 입건,Society
"오세훈의 첫 행사는 ‘한강’…“주택 31만 채 짓고, 세계 3위 도시 만든다”",Society
티눈·굳은살 수술로 3000만원 넘게 탔는데···대법원 “보험사에 돈 돌려줘라”,Society
"후배 아내 추행 군인…대법 ""신분 상실 예정이면 성폭력 치료명령 가능""",Society
"""부정선거"" 대신 ""재선거""…잠실 개표소 봉쇄 집회 사흘째",Society
"이 대통령, 새 총리 후보자에 한성숙 중소벤처부 장관 지명",Society
"법원 ""노인돌봄 인력, 2년 넘게 일해도 무기계약직 전환 안 돼""",Society
"""정문 앞 시내버스 다니게 해주세요""…50년째 노선 '0대' 포항 선린대 학생들 호소",Society
"""엄마 카드니까 괜찮겠지...."" 지하철 부정승차, 매년 5만3000건·25억원",Society
아들에 상습 폭력 아빠… 재판부 “여러 차례 학대”라면서 집유,Society
"대구도 투표용지 모자랐지만, 100장 선제 대응 무사히 마쳐",Society
투표 못한 국민에 배상 가능성?… 최대 200만원 판결 전례,Society
80세 선우용여가 극찬한 '보약'…전원주도 감탄한 불도장,Society
"중기 퇴사 이유, 연봉 아니었다…‘퇴사 브이로그’ 314건 살펴보니",Society
"전한길, 투표용지 부족 사태 ""부정선거 증거…李대통령 하야 요구""",Society
"[단독]""의사 2등급 20만원·4등급 40만원""…리베이트 '고기주소록'의 실체",Society
"""잠수타면 환자 사망""…12년만 0.005% 기적의 메시지 날아왔다[오따뉴]",Society
‘더 글로리’보다 더 잔인…집단으로 또래 여학생 담뱃불 지지고 성폭행까지,Society
한반도 상공 뜨거운 고기압 막았다…6월 들어 더위 주춤해진 이유,Society
'투표지 부족' 경찰 수사 본격화...내일 고발인 조사,Society
제주 '다 지은 미분양' 2201호… 할인분양에 세제 혜택 묶는다,Society
기후동행카드 쓰면 최대 9만원 돌려받는다…10일부터 환급 신청,Society
"젠슨 황, 김택진·장병규과 연쇄 회동…게임 넘어 'AI 동맹'",Society
‘청년 일자리? 내 코가 석자!’…‘정년 연장’에 40·50대 90%가 ‘찬성’,Society
"휴가 문화 달라졌네…한국 직장인 연차 소진율, 일본·홍콩 앞섰다",Society
"용인 아파트 주차장서 차량 역과사고…20대 운전자, 밟고 지나가",Society
"최욱 ""일베, 탱크로 밀어버려야""…이준석 ""李대통령, 일관성 있어야""",Society
"‘나도 좀 쓰고 살자’ 부산 돌려차기 가해자, 영치금 보장 신청…“1억원 언제 다 받나” 피해자 한탄",Society
"노란봉투법 이후, 노동위 접수 사건 작년 대비 45% 늘었다",Society
"수백차례 티눈 제거하고 수천만원 수령...대법 ""일부 반환하라""",Society
"'잠실 선거인명부 대조전표' 유출신고 접수…개보위 ""선관위 대상 사실관계 확인 중""",Society
"한화에어로 폭발 희생자들 눈물 속 발인…""또다시 언제 보나""",Society
"""탄핵 때처럼 지원해 달라"" 아이유 SNS에 잠실 시위 지원 요구 '논란'",Society
스타벅스 본사 “결코 일어나선 안 될 마케팅”…5·18 논란 공식 사과,Society
돌잔치 축의금 가방 깜빡했더니…뒷정리하던 연회장 직원이 ‘슬쩍’,Society
“너 죽어도 아무도 신경 안 써”…7살 아들 욕하고 폭행한 30대 엄마,Society
지난해 학업중단 고교생 1만8661명…최근 7년 새 최대,Society
푸틴-젤렌스키 설전 와중에 러 제2도시에 대규모 드론 공격,Society
"유부남과 불륜 중 연애 예능 출연…""검증도 안 하나"" 폭로 글 확산",Society
"[단독] ‘불법 성기능 개선제’ 전단지 돌린 60대, “사겠다” 경찰에 붙잡혀",Society
"'늑대 탈출' 두 달 만에 재개장…""늑구야 반갑다"" 주말 맞아 '북적'",Society
JTBC기자회 “기자 향한 개표소 시위대 폭력에 법적 조치”,Society
'베일 속에 가린' 단원 김홍도 가계 실마리 찾았다…1925년 족보서 단서 확인,Society
"한화에어로 폭발 희생자 3명 눈물 속 발인…""이렇게 가면 어떡해""",Society
'합성 아니에요?' 경악…비둘기 뷔페 맛집 된 길거리 음식,Society
"젠슨 황, 정의선과 우래옥서 깜짝 회동…내일 현대차 방문",Society
[내일 날씨]전국 대체로 '흐림'…동쪽 지역 가끔 소나기,Society
"아파트 주차장에 누워있던 20대, 승용차에 깔려 중태",Society
"이른 아침부터 모여 '재선거' 외친 2030…""성향 관계없이 당연한 일""",Society
"용인 아파트 주차장에 누워있던 20대, 승용차에 깔려 중상",Society
한화에어로 희생자 3명 발인…유족·동료 눈물로 마지막 길 배웅,Society
시위자들 다 모였다…밤새 난리난 선관위 상황 [현장영상],Society
고1 학업중단자 1만명 넘었다…내신 5등급제에 자퇴 늘어,Society
이하상 “잠실 청년이 김용현 전 장관 자랑스럽다 말해”,Society
"2030 표심 분석 내놓은 김어준 ""MB가 일베화 시킨 범죄""",Society
"택시 기본요금 조정, 업계 용역 결과 나왔다…5,200~5,600원 수준 전망",Society
"매년 공채 거쳐 1년씩 계약 반복…법원 ""무기계약직 아냐""",Society
"서울시의회 전반기 의장 누가 될까…5선 김기덕 유력, 변수는 민주당 내부 경선",Society
국민 88% 단계적 정년연장 찬성…'소득 공백' 불안 69%,Society
"李, 차기 총리에 한성숙 지명…20년 만의 여성 총리",Society
"윤석열, 6시간 특검 조사...이번 주 '무인기' 선고도",Society
상품권으로 둔갑한 불법 사채…협박·고소까지 추심 수법 진화,Society
'투표지 부족' 사흘째 규탄 시위…오후 들어 인파 늘어,Society
“용돈 벌어 쓰던 착한 아들”… 한화에어로 눈물의 발인식,Society
"2030 몰린 잠실 개표소 봉쇄 집회 사흘째…""성조기 자제"" 두고 갈등도",Society
쇠파이프 맞고 순직했는데…교도관은 왜 국립묘지에 못 가나,Society
또 깐부치킨 찾는 젠슨 황…오늘 저녁 최태원과 회동,Society
"스타벅스 美 본사, 5·18 탱크데이 논란 ""사과""",Society
지난해 고교 1학년 중 “학교 떠날래요” 1만여명…그 이유는?,Society
"""흉기에 찔렸다"" 신고 알고보니 거짓말…""잠안와서 자해""",Society
"국민 88% ""정년 65세로 늘려야""…청년일자리 잠식 세대차",Society
한화에어로스페이스 폭발사고 희생자 발인 마쳐···조용히 마무리,Society
"지난해 학업 중단 고1, 처음으로 1만명 넘었다",Society
"""폭동 아니다"" ""재선거!""…최준용, '개표소 봉쇄 시위' 참석",Society
"투표용지 부족사태, 한국은 무엇을 바꿀 것인가",Society
"성조기 사라진 `개표소 시위`…""특정 정당 지지 아냐, 참정권 문제""",Society
"'탱크데이 후폭풍' 스타벅스 美 본사 ""부적절한 마케팅""…5·18 단체에 공식사과",Society
천안·아산시의회 절반은 새 얼굴…여성의원은 감소,Society
‘재선거 요구’ 잠실개표소 봉쇄 시위 사흘째… 인파 증가 추세,Society
"국민 10명 중 9명 ""정년연장 찬성""…2030 반응은?",Society
"사기로 美서 지명수배 70대, 여권위조해 입국시도…집유",Society
"""늑구 꼬리에 점 있네""…대전오월드 재개장 사흘째 가족 관람객 붐벼",Society
게임하는 초등생 아들 주먹으로 때린 50대 아버지 ‘집행유예’,Society
경기 기초의회 ‘민주 25곳 싹쓸이’ 지각변동…‘독주냐 협치냐’ 갈림길,Society
[르포]사흘째 울려 퍼진 “재선거”… 잠실 개표소 앞 떠나지 않는 사람들,Society
"“고1입니다. 내일 자퇴합니다”…조기 학업중단, 처음으로 1만명 넘은 이유는",Society
국민 88.3% “65세 정년 연장 찬성”…소득 공백 불안 전 연령대 확산,Society
"“내신 부담 줄인다더니”…내신 5등급 적용 고1, 지난해 학업중단 1만명 넘어",Society
"조수빈 전 KBS 아나운서 “선관위, 해체 아니라 분쇄돼야” 직격",Society
"2010 한명숙, 2026 정원오…오세훈 두 번의 ‘새벽 역전승’",Society
"조수빈 전 아나 ""선관위, 해체 아닌 분쇄돼야"" 작심 비판",Society
중소기업 퇴사자 절반은 1년 못 버텼다…원인은 연봉 아닌 '인간관계',Society
후배 아내 강제추행한 부사관… ‘성폭력 교육 면제’ 판결 뒤집혔다,Society
한화에어로 대전공장 폭발사고 희생자 발인…경찰 수사 본격화,Society
속초 설악산서 60대 등산객 50m 아래로 떨어져 숨져,Society
내신 5등급제 시행에…고1 자퇴생 사상 첫 1만명 넘어섰다,Society
'성장·시민주권' 민형배號…통합시 청사진 기대반 우려반,Society
"[속보]스타벅스 美 본사, ‘5·18 탱크데이’ 항의서한에 사과 회신",Society
'5명 사망' 한화에어로스페이스 폭발 사고 희생자 4명 발인,Society
"에어컨 끄나 식세기 끄나 같은 보상?…""전기 절약 보상도 맞춤형으로 해야""",Society
"한화에어로 폭발 희생자들 눈물 속 발인…""이렇게 가면 어떡해""",Society
스타벅스 미국 본사도 숙였다…‘탱크데이’ 두고 “해선 안 될 부적절한 마케팅”,Society
"젠슨 황, 오늘 또 ‘깐부 회동’…가족들과 최태원 만난다",Society
‘투표지 부족’ 헌법소원 제기…국가배상 소송으로 번지나,Society
"국민 88% ""정년 65세로 늘려야""…""임금조정도 수용"" 85%",Society
버스서 초등생 아들 때리고 정서 학대한 30대 엄마…징역형 집유,Society
“오빠 떠난 자리에 여동생이”…경북 첫 남매 군의원 탄생,Society
'삼성 기밀유출' 안승호 2심 시작…尹 선거법 결심·일반이적 선고[이주의 재판일정],Society
‘부산 돌려차기’ 가해자 “영치금 쓰게 해달라”…피해자 분통,Society
'개표소 봉쇄' 사흘째…한때 3만여 명 운집,Society
"""아이고"" ""잘가"" 오열…한화에어로 참사 희생자 3명 발인",Society
‘스벅’ 美본사도 고개 숙였다…5·18단체 “일베 기업 광고도 중단”,Society
매년 공개채용 거쳐 1년씩 계약...법원 “무기계약직 전환 안 돼”,Society
"“참정권 뺏긴 데 분노” 투표소 시위 사흘째, 인파 다시 몰린다",Society
"""잠실에 스벅 보내라"" 아이유·박보영·이동욱에 '악성 댓글'",Society
국민 10명 중 9명 정년연장 찬성…2030은 청년일자리 잠식 우려,Society
"""험담했다""며 묶어놓고 2시간 폭행·성범죄… 10대 5명 내달 항소심 선고",Society
전세대출 서류마다 따라다닌 ‘보육원 출신’ 주홍글씨 지운다,Society
"잠실개표소 봉쇄시위 사흘째…""성조기 자제"" 지침에 갈등도",Society
이미 대법까지 가는데…중앙지법 내란재판부 유명무실?,Society
"송영길 ""당대표 출마, 정청래 거취·호남 민심 보고 결정""",Society
윤석열 '평양 무인기' 일반이적 12일 선고... 오세훈·추경호 재판 [금주 재판],Society
"""왜 잠실에 커피 안 보내"" 졸지에 불똥 튄 아이유? [지금이뉴스]",Society
“너 죽어도 아무도 몰라” 7세 아들 마스크 안 썼다고 때린 여성,Society
'수술실 CCTV 의무화'에도 국민 절반 몰라…의료진은 '불만',Society
"‘수술실 CCTV’ 2년…환자 절반 “제도 몰라”, 의료진은 여전히 “불만”",Society
"내신 5등급·학점제 첫해 ‘고1 자퇴’ 1만명 돌파, 검정고시 출신 수능생 급증",Society
이번에 가입 못한 ‘국민성장펀드’ 언제 또 할 수 있나 보니,Society
PC방에서 누구 만났나…두산 시구보다 더 눈길 쓰는 젠슨황 동선,Society
6시간 조사받은 윤석열...이번 주 '이적죄' 선고도,Society
일반고 학업 중단자 1만8661명 ‘7년 새 최다’…고1 자퇴생 첫 1만명 돌파,Society
"""정인이 사건 알아?""...'아동학대 전력' 엄마, 7살 아들 또 때렸다",Society
"나이트클럽 앞 만취 여성 모텔로 끌고가 강제 추행한 50대, 집유 선고",Society
"[현장] 20·30 중심 개표소 시위, 장기전 가나…“딱 재선거만 외치세요”",Society
소비자원 “보험금 지급 거절 85.8%…주치의 진단 불인정 가장 多”,Society
송파 개표소 봉쇄 시위 사흘째…태극기 흔들며 ‘재선거’ 요구,Society
[미지답 칼럼] 당연한 지지는 없다,Society
한솥밥 먹던 '식구'가 공포로…농약에 중독된 농촌 공동체 [정락인의 사건 속으로],Society
충돌직전 시속 161㎞…‘대학생 3명 사망사고’ 창원 신호체계 손본다,Society
"""재선거!"" 한때 3만명 몰려…잠실 개표소 시위 사흘째",Society
"""너 죽어도 신경 안 써""…초등생 아들 학대한 30대 엄마 징역형",Society
"""너 죽어도 아무도 신경 안 써""…7살 아들 폭행·학대한 30대母 집유",Society
"“배상금 1억 안 주면서”… 부산 돌려차기 가해자, 영치금 사용 신청",Society
기후동행카드 '30일권' 월 3만 원 돌려준다…10일 환급 신청 시작,Society
"굳은살·티눈 제거로 보험금 수천만원 받아…대법 ""일부 반환해야""",Society
"""작년 고1 학업중단자 1만 명 넘었다""…내신 5등급제에도 '자퇴' 늘어",Society
내신 경쟁 부담에…작년 고1 학업중단자 1만명 넘어,Society
6~8월 '엘니뇨’ 가시화…한국 경제에도 적신호[이영민의 알쓸기잡],Society
"일요일에도 ‘잠실 참정권 시위’… 인천에서, 파주에서도 참가",Society
스타벅스 美 본사도 “죄송하다”…‘탱크데이’ 공식 사과,Society
이화영 위증 혐의 국민참여재판 8일 개시… '연어 술파티' 진위 가린다,Society
"송영길 ""당대표 출마, 정청래 거취·호남 민심 보고 판단""",Society
"나이트클럽 앞 만취 40대女, 모텔 유인·추행...50대에 징역2년·집행유예 3년",Society
"종합특검, 尹 첫 소환조사…6시간 반 만에 종료",Society
"전남은 넓고, 광주는 편리…전남광주특별시의회 소재지 어떻게?",Society
‘5·18왜곡’ 일베저장소에 기업광고 사라졌다,Society
"'평양 무인기' 윤석열 전 대통령, 다음주 1심 선고…징역 30년 구형",Society
"정준희 교수 ""20대, 설득 아닌 권력으로 제압해야"" 발언 논란",Society
"AI 해고, 정당한가…준비 없는 ‘고용 불안’ 온다 [양종곤의 노동 톺아보기]",Society
“누군가 찔렀다” 알고보니 자해 후 경찰 신고,Society
잠실 개표소 항의 시위 사흘째…출입구 막고 재선거 요구,Society
젠슨 황 장녀의 큰그림…삼소 회동에 유퀴즈까지,Society
"매년 공채 거쳐 1년씩 근로계약…法 ""무기계약직 아냐""",Society
"후배 아내 강제추행한 군인…대법 ""신분 잃으면 성폭력 치료명령 가능""",Society
"정성호 “투표지 부족, 책임 추궁해야…부정선거 음모론 섞으면 안 돼”",Society
"티눈·굳은살 수술로 379차례 보험금 청구…대법 ""보험금 지급 의무 없어""",Society
"친여 유튜버 최욱 “일베, 전두환식 탱크로 밀어버려야” 발언 논란",Society
기후동행카드 3만원 환급 신청 시작…최대 9만원 돌려준다,Society
"조선일보, 李 대통령과 정청래·장동혁 대표에 ""패배자들""",Society
"서울시, 기동카 3만원 페이백… 최대 '9만원' 받는다",Society
선거철 선관위 인력 부족? 올해도 투표 앞두고 줄줄이 휴직,Society
"""돼지 키우는 줄, 굴러다닌다""…임신한 아내 단톡방에서 조롱한 남편",Society
“두 아들 모두 조울증입니다” 정신병원 보낸 그 아빠 이야기,Society
'재선거 요구' 잠실 개표소 봉쇄 시위 사흘째 계속,Society
티눈 제거로 보험금 3400만원 받았는데… 법원 “일부 반환해야”,Society
"""커피차 안 왔던데, 선결제 아직?""…잠실 개표소 시위대, 아이유·박보영 호출",Society
태극기 봉으로 기자 손 찧고 “X까고 있네”…개표소 시위대 폭행,Society
"""6.3지방선거, 내란 세력들에게 기회 준 선거""",Society
"“네가 죽어도 아무도 신경 안 써” 7살 아들 학대한 30대母, 집행유예",Society
"""숨 막히고 땀은 줄줄""…인형탈 쓰고 만보 걸어보니 '한여름 대낮의 저세상' [낮은 곳의 기록자]",Society
"이틀 일정 중국판 수능 ‘가오카오’ 오늘 시작···응시자 1290만명, 2년 연속 감소",Society
"'75표차' 청양군수 초박빙, 두쪽난 민심…최대과제 '통합'",Society
내신 5등급제에 고1 자퇴생 1만명 돌파...6년만에 두배 '껑충',Society
"창원 대학생 3명 사망사고 계기…경찰, 중앙대로 신호체계 손본다",Society
“정인이 사건 아냐? 너 죽어도 아무도 신경 쓰지 않아“ 초등생 아들 때리고 학대한 30대 엄마 징역 6개월에 집유 2년,Society
"尹, 6시간 반 조사…'계엄 정당화 시도' 부인",Society
"깜빡한 돌잔치 축의금, 뒷정리하던 직원이 슬쩍…불구속 입건",Society
"5·18민주묘지 찾은 송영길 ""국회 가면 서민 눈물 닦아주는 정치""",Society
"후배 아내 추행한 군인에...대법 ""유죄면 군인 아냐…치료명령 가능""",Society
"[속보]7살 친아들에 “너 죽어도 아무도 신경 안 써”…막말·폭행 친엄마, 징역형 집유",Society
"""용지 없어 투표 못했다""…국가 배상 얼마나 받을 수 있나",Society
'투표지 부족' 내일 고발인 조사...개보위 신고 접수,Society
"매년 공채해 1년씩 근로계약…법원 ""무기계약직 아냐""",Society
"""재투표""…'잠실 개표소 봉쇄' 사흘째, 3만 인파 집결도",Society
“이러다 동네 약국 다죽어”…‘약국계 코스트코’ 인기에 약사 단체 ‘우려’,Society
'티눈 보험금' 3천만 원 넘게 받았는데…결국 반환 판결,Society
게임 하는 초등생 아들 주먹으로 때린 50대 징역 1년에 집유 2년,Society
이화영 국민참여재판 이번 주 시작…역대 최장 전망,Society
원주시의회 새판 짜였다⋯민주 14석·국힘 12석,Society
"'K-치킨 러버' 젠슨 황, 종로 삼계탕집 방문…""너무 맛있다""",Society
‘투표지 부족’ 재선거 요구 시위 나흘째… 올림픽공원 인파 지속 유입,Society
"""커피 선결제해달라""…잠실 시위대, 아이유 SNS 찾아가 '황당 요구'",Society
75년 전 지킨 양구 전선에 다시 선 100세 노병,Society
초등생 아들 게임하자 격분…주먹질한 아빠 결국,Society
“선결제 해줘” 아이유 이어 조인성·박보영까지…잠실 개표소 시위에 ‘불똥’,Society
돌잔치 축의금 500만 원 쇼핑백 '슬쩍'…연회장 직원 딱 걸렸다,Society
현실판 더글로리…“왜 험담해” 담뱃불로 지지고 성폭행 방조,Society
환자 절반 “수술실 CCTV 의무화 몰라”...의료진 72% “신뢰 관계 훼손”,Society
7세 아들 때리며 “너 죽어도 아무 어른 신경 안써” 폭언…전과 있는 친모 ‘집유’,Society
내 번호도 '1111' 될까…SKT 골드번호 1만개 푼다,Society
고객이 깜빡한 돌잔치 축의금 ‘슬쩍’…CCTV 속 충격 범인 정체,Society
"""싸게 샀다고 둘러댔는데""…AI에 들통난 남편의 비밀",Society
"""흉기에 찔렸다"" 신고에 경찰 출동했는데 알고보니…자해 후 허위 신고",Society
티눈 제거로 16억원 타낸 40대女…추가 보험금은 최종 패소,Society
“X발 신호위반하고 XX이야”…지게차로 사람치어 죽이고선 욕설 [영상],Society
“너 죽어도 어른들 신경 안 써”…7살 아들 마스크 안썼다며 폭행한 여성 ‘집유’,Society
"“급여보다 사람에 지쳐”… 중기연, ‘퇴사 브이로그’ 314개 분석",Society
고교뒷산에 멸종위기 '담비' 또 왔다…이번엔 6마리 가족,Society
"[스트레이트 예고] '6·3 선거' 후폭풍 / ""변호사 수 줄여라""?",Society
"피 흘리는 사람 보고도...""씨X"" 신호위반 지게차, 신고 대신 사진 찍었다",Society
"""내 차는 싸구려, 너는 외제차…"" 무차별 폭행한 50대男",Society
[기획]서당집 아들에서 초대 통합교육감까지…김대중의 '외유내강' 뚝심,Society
"""고1인데 학교 그만뒀어요""…학업중단자 첫 1만명 넘었다",Society
"반복되는 폭발 참사…한화에어로 세척공실, 방사청 점검망 밖에 있었다 [사건플러스]",Society
흐리고 전국 곳곳 ‘비’…낮 최고 29도 [오늘날씨],Society
540만원 넣고 1080만원 받는다…서울시 청년통장 신규 모집,Society
“잠실엔 스벅 커피 안 보내?”…아이유·박보영에 ‘댓글 공격’,Society
"""두 번 버려졌던 강아지""…11살 두부, 보호자와 하늘을 날다",Society
"""너 죽어도 아무도 신경 안 써"" 7살 아들 욕하고 때린 엄마",Society
"종합특검, 윤석열 전 대통령 첫 조사…""검사가 조사해야"" 옥신각신",Society
군사정권 시절 '녹화' 동원 피해자들에 국가 배상 책임 인정,Society
[6·3 전북지선 입체 분석] ⑨ 출구조사·개표 결과 괴리 '7.2%'…'히든 민주당'? 관성투표?,Society
"“여자 학생증 대여, 날짜·금액 제시요”…학교 축제 앞두고 암거래 성행",Society
“정치 1번지 종로도 민심 변화 못 막았다”…유찬종 후보 승리 원인?,Society
"'광폭 행보' 젠슨 황, 오늘은 잠실 마운드 오른다… 등번호 '93번'",Society
"게임 한다고, 잠자다 밀었다고...초등생 아들 마구 때린 아빠",Society
“흉기 찔렸다” 신고한 40대…알고보니 “밤에 잠이 오지 않아 자해”,Society
돌잔치 축의금 500만원 쇼핑백 슬쩍한 연회장 직원…CCTV에 덜미,Society
내신 부담 줄인다더니… 고1 자퇴생 '첫 1만명' 돌파의 역설,Society
4년간 티눈 수술 379번·3490만원 받고 “더 달라” 소송…대법 “1784만원 반환해야”,Society
개표소 앞 집회 계속...선거관리 부실 비판 고조,Society
‘부산 돌려차기’ 가해자의 염치없는 요구…“매점 이용하게 영치금 사용 보장해 달라”,Society
후배 아내 강제추행했지만…현역 군인은 성폭력 치료명령 제외?,Society
"수술실 CCTV 의무화, 환자 절반은 2년이 지나도 몰라",Society
"홈플러스, 올해에만 2600명 대량 실직...3500명도 위기",Society
"法 ""지자체 노인돌봄 사회복지사, 2년 초과 근무 후 무기계약 전환 불가""",Society
“외제차 타니 뵈는 게 없냐”…지하주차장서 70대 무차별 폭행한 50대,Society
"30년 흉물 방치 광주 주월동 서진병원 폐건물, 철거 물꼬 트나",Society
"아이유만이 아니다…조인성·이동욱 SNS에도 ""왜 입 꾹 닫아""",Society
"최욱 ""탱크로 밀어버려야""…이준석 ""대통령 일관성 있어야""",Society
사람 치어 숨졌는데 “씨X”…지게차 운전자는 사진만 찍었다,Society
"""어떻게 이런일이"" 판사의 일갈...또래 여학생 성폭행·담뱃빵·불법촬영까지",Society
티눈·굳은살 379번 제거…보험금 3400만원 받았다가 '날벼락',Society
"티눈·굳은살 냉동응고술 379회…보험금 못 받는다, 대법 ""면책질병""",Society
"“매점 갈 돈 필요해”…‘부산 돌려차기’ 가해자, 법원에 ‘영치금 보장’ 신청",Society
"충북교육감선거 후폭풍…진보후보들 ""민사모, 분열초래""",Society
시도 때도 없는 영상통화에 시댁 단톡방까지…산후우울증 온 며느리[양친소],Society
"계란 한판 1만원 육박…""여보, 뛰어"" 할인 마트엔 오픈런",Society
"여수·순천·광양, 단체장 모두 초선으로 바뀌어…""정치적 세대교체""",Society
"이번주 윤석열 '평양무인기 의혹' 1심 선고…특검, 징역 30년 구형",Society
군인이 집에서 후배 아내 강제추행했는데…성폭력 치료명령 못한다?,Society
티눈·굳은살 제거 시술 379번에 보험금 청구…대법 “줄 필요 없어”,Society
"""요양원 가느니 죽여줘""… 11년 '간병 지옥'에 갇힌 효자의 비극 [사건 플러스]",Society
"""외박 잦아진 아내, '의처증'이라며 애들 두고 가출""...이혼소송 당한 남편, 양육비도 못받나요 [이런 法]",Society
고객이 깜빡한 돌잔치 축의금 '슬쩍'…연회장 직원 입건,Society
"법원 ""노인맞춤돌봄 사회복지사. 무기계약직 전환 대상 아냐""",Society
"매년 공채 거쳐 1년씩 근로계약…법원 ""무기계약직 아냐""",Society
"보험약관에 없는 티눈·굳은살 수술로 3천만원 수령…대법 ""반환""",Society
"티눈 수술 16억 챙기고 또 보험금 소송…대법 ""1780만원 반환""",Society
티눈 수술로 3500만원 받고도 또…대법 “보험금 지급 의무 없다”,Society
"2년 넘게 일했는데 부당해고?…法 ""매년 공채 거쳤다면 새로운 계약""",Society
"이미 3490만원 탔는데...티눈 제거 379번, ""보험금 더 줘"" 소송 결과는",Society
케틀벨로 수차례 머리 가격 살인…자수에도 항소심서 형 가중[죄와벌],Society
"法 ""재정지원 노인돌봄 사회복지사, 2년 넘어도 무기계약직 전환 안 돼""",Society
'고1 첫시험 망치면 자퇴 후 검정고시' 갈수록 는다,Society
붕괴 조짐 알고도 헛발질한 선관위...이미 예고된 전대미문의 참사 [지금이뉴스],Society
"군대서 ‘업어치기’ 당해 어깨 연골 찢어진 30대, 소송 끝에 ‘상이등급’ 인정",Society
"만취 여성 모텔서 강제추행 50대, CCTV에 딱 걸려",Society
"""영치금 사용 보장해달라""…부산 돌려차기男 충격 근황",Society
"“외로움, 감기처럼 누구에게나 찾아와”…그때 전화하는 ‘이곳’ [서울N]",Society
"""도박 사이트 홍보 좀"" 그 사람, 경찰이었다...'박제방' 잡은 위장 수사",Society
나이트클럽 앞 만취 여성 모텔로 데려가 강제추행한 50대,Society
"“그래도 기프티콘은 이만한 게 없다?”…스벅, 카톡 선물하기 1위 탈환",Society
'발화 위험물질 사전 파악 못해'…완도소방관 사고 원인규명,Society
"‘새벽 나이트클럽 앞 비틀대는 女’, 모텔로 끌고가 강제추행 50대男…징역형 집유",Society
"잔소리하고 술 마실 돈 안 줬다고…80대 친모 폭행한 50대, 결국",Society
"'부산 돌려차기' 가해자 ""영치금 사용 보장해 달라"" 법원에 신청",Society
작년 고1 학업중단자 1만명 넘었다…내신 5등급제에도 자퇴 늘어,Society
"""외제차 타는 X들 죽이고 싶어""…지하주차장서 발길질 주먹질 '공포' [영상]",Society
"검정고시 몰리는 이유가…고1 자퇴생 1만 돌파, 무슨 일",Society
"군부독재 시절 미성년자 강제징집해 '녹화'공작…""국가 배상""",Society
[자막뉴스] '재선거' 외친 2030...한때 3만여 명 운집한 올림픽공원 상황,Society
"윤석열 '평양무인기 의혹' 12일 선고…특검, 징역 30년 구형",Society
민주당 바람 분 '낙동강 벨트'…양산 홀로 국민의힘 시장 당선,Society
“열다섯에 미군 막사로”…‘미군 위안부’ 할머니의 증언 [미군 위안부①],Society
막노동 그만뒀지만…'낭만러너' 심진석이 안전화 못 벗은 이유[페이스메이커],Society
“자칫 빈수레 전락할라”…중수청 개청 두고 커지는 우려[안현덕의 LawStory],Society
이번주 尹 '평양 무인기 투입' 1심 선고…'위증' 임성근 결론도,Society
올해 1분기 산재 사망 101명…'8년 새 3번 폭발' 한화 수사 속도,Society
이정현 '맞고' 박덕흠 '틀렸나'…충북 컷오프 부활 후보 둘다 '낙선',Society
고1 학업중단자 첫 1만명 돌파…내신 5등급제에도 일반고 이탈 늘었다,Society
"""염증은 착하다""…서울대병원 이승훈 교수가 말하는 면역의 반전",Society
게임한다고 초등생 아들 마구 때린 50대에 집행유예,Society
"5대 창원시의회, 여성 첫 5선 의원·무투표 당선인 등 45명 입성",Society
"‘노조가입 강요 당했지?’ 동료 무단촬영·폭언·폭행 한전 직원, 해고 정당 [세상&]",Society
'잠실 개표소 봉쇄' 밤새 계속...한때 3만여 명 운집,Society
"‘군 가혹행위'로 어깨 장애…법원 ""보훈대상 등록거부는 위법""",Society
군산시민 “정치는 보복이 아니다… 군산지역위에 아픈 마음으로 쓴소리”,Society
[人터뷰+] “북극항로는 ‘한반도의 저주’ 벗어날 기회”,Society
'대학생 3명 사망사고' 난 창원 중앙대로 신호체계 손본다,Society
540만원 저축하면 두 배로…‘희망두배 청년통장’ 만들려면,Society
"""캐나다 유학생"" 고졸 학력 감추고 취업…영어강사의 최후 [사장님 고충백서]",Society
미·중 바이오 강대강 국면…K-바이오 전략 어떻게?,Society
"지게차 치여 숨진 아내…가해자는 ""씨X 신호위반하고 지X""",Society
"""외제차 타는 X들 죽여버리고 싶어""…주차장서 '무차별 폭행'",Society
"군부독재 때 미성년자 강제징집해 '녹화'공작…""국가 배상""",Society
"돈다발 흔들며 20대 성매수 시도…""빠XXX"" 욕설한 '욱일기 벤츠' 운전자[주간HIT영상]",Society
"'칠부능선' 종합특검, 금주 첫 기소…핵심 피의자 줄소환 박차",Society
'더 글로리' 현실판? 집단괴롭힘에 성범죄도 서슴지 않았다,Society
"[단독]'서소문 붕괴' 시공사, 5년간 산재자 47명…안전위반 반복 적발",Society
신고도 않고 500회 숙박 제공…6300만원 챙긴 30대 벌금형,Society
“선관위 해체 아닌 분쇄해야”…조수빈 前 앵커 작심비판,Society
"한화, 2019년 폭발사고 작업중지에 '반발'...정부 상대 법적 다툼",Society
"젠슨 황, 오늘 잠실 마운드서 공 던진다…두산 유니폼 입고 시구",Society
“이렇게 하지 않으면 바뀌는 게 없어”…잠실개표소 앞 시위 ‘2030 주축’ [수민이가 화났어요],Society
"""우리가 선관위 하청업체냐"" 폭발…'4년前 경고' 묵살 대가인가",Society
게임한다고 초등생 아들 마구 때린 50대 징역형 집유,Society
[단독] “0%라더니 수백억 관세 추징 날벼락”…소고기업체들 감사청구 나선 이유,Society
"길거리 만취 여성 모텔서 강제추행 50대, 집유 선고",Society
"""2만분의 1 기적의 일치""…조혈모세포 12년 만에 받은 메시지에 ""기증하겠다"" [따뜻했슈]",Society
"[소셜＋] ""여보, 얼마 주고 샀어?""…AI가 불러온 '결혼생활 위기'",Society
"후배 아내 강제추행한 군인…대법 ""신분 상실땐 치료명령 가능""",Society
"윤석열 '평양무인기 의혹' 내주 1심 선고…특검, 징역 30년 구형",Society
"“지하주차장 살던 남자가 자살” 그 집주인, 前부인이었다",Society
“회차당 무조건 커플 탄생”…Z세대 열광 ‘셋로그 3일팅’ 뭐길래,Society
"대낮 학교 들어가 초2 납치, 성폭행한 그놈...'전과 12범'이었다[뉴스속오늘]",Society
尹 첫 조사 마친 종합특검…'윗선' 김건희·심우정 수사 본격화,Society
'8천피'·억대 성과급?…내수 침체로 공장경매·개인파산 급증,Society
"""친오빠만 집 지원해줘""…부모 차별 토로 사연에 누리꾼 반응은?",Society
"""까나리 액젓 뒤집어썼다""…전 직장 사장, 퇴사직원 찾아가 '보복 테러' 논란",Society
통합수능 마지막 해...모의평가 역대 최다 'N수생',Society
임금체불 문제제기하자 '5천만원 손배소'…이주노동자 겨눈 보복성 소송,Society
"""퇴직금 대신 중고 법인차 받았다""…직장인 울리는 '황당 꼼수'",Society
'정년연장' 최종안 이달 중 나오나…지방선거 끝 논의 재시동,Society
음식 위에 발 딛고 닭꼬치 먹는 비둘기…길거리 음식 누가 사 먹겠나[영상],Society
서울 잠실에 모인 수만 명 인파는 '시위대'일까? '시민'일까? [현장],Society
아파트 8층서 새총 쏴 놓고 “시험삼아 쏴 봤다”…70대 남성 주거지서 체포,Society
"“술 취해서 자는 줄”…아내 밀쳐 숨지게 하고 24시간 방치한 남편, 무슨 일",Society
“술값 달라고” 누범기간에 89세 어머니 멱살 잡고 때린 아들…또 징역형 선고,Society
소개팅 앱 만난 여성들 몰래 찍은 ‘두 얼굴의 경찰관’ [사건수첩],Society
"[열린라디오] ""기상청 가짜뉴스에 선전포고...매년 역대급 더위 예고의 진실""",Society
"[전립선 방광살리기] 8년간 고통받은 간질성방광염, 어떻게 이겨낼 수 있었나?",Society
"""항노화의 열쇠, 세포 청소 시스템""…'오토파지' 유도하는 올바른 습관은?",Society
"계산도, 포장도 '고객 몫'…무인 키오스크 확대에 소비자 불만",Society
"[결혼과 이혼] ""밤새 일했다더니 술·담배 냄새""⋯남편 야근 주장, 믿어도 될까?",Society
"""선관위 막아라"" 잠실벌 둘러싼 시민 500명→4만명…철야 이틀차 돌입[종합]",Society
"윤석열, 종합특검 첫 조사…경찰 신문 거부·고성 공방",Society
이틀 넘긴 '잠실개표소 봉쇄' 3만명 결집…밤샘 시위 전망(종합3보),Society
"'경찰 조사 거부' 尹측 ""고성 지른 사람은 尹 아닌 특검 측""",Society
현수막 철거 중 크레인 넘어져 70대 사망...수난 사고도 잇따라,Society
'개표소 봉쇄'에 일대 공연도 당일 운영 변경...사태 장기화 우려,Society
‘술타기 방지법’ 1년…檢 110명 처분에도 실형은 7명뿐,Society
가족사진 촬영하러 갔다가 날벼락…“공짜라더니 100만원 내라네요”,Society
"""사진 찍다가"" 새벽 강릉 해변서 파도 휩쓸린 여성들…1명 숨져",Society
분당 재건축부터 GTX까지…추미애의 경기도 부동산 시험대,Society
"시위대, 35시간째 개표소 봉쇄…선관위 직원들 무사 대피(종합)",Society
"윤석열, “경찰에게 못 받아...검사 나와라”...‘옥신각신’에 2시간 조사",Society
"윤석열 전 대통령, 검사 배석 요구하며 경찰 신문 거부…특검 조사 뒤 구치소 복귀",Society
"""26.7억 대박"" 로또 1등 11명 나왔다...1227회 당첨 번호는?",Society
"""잠실에도 빵·커피 보내줘요"" 尹탄핵 집회 후원한 아이유, 선관위 사태에 '불똥'",Society
"잠실에 모스탄, 광화문은 전한길…서울 곳곳 부정선거론(종합)",Society
결국 ‘자동’이 대세…이번 주 26억 로또 1등 11명 나온 판매점 어디?,Society
"""잠실에 커피차 보내 달라"" 아이유 SNS 달려가 '댓글 시위'",Society
“잠실에도 스벅 선결제 해달라” 아이유 SNS에 왜…투표용지 부족사태 ‘불똥’,Society
"尹, 특검 조사서 경찰 신문 거부…“검사 와야”",Society
"'계엄 정당화 지시'…종합특검, 윤 전 대통령 첫 소환",Society
"서동주 “김규리 자택 침입범, 검침원 사칭해 집 들어와”…검침원 사칭 주의보",Society
잠실개표소 시위 1만명 모였다…모스탄도 마이크 잡고 “부정선거” 주장,Society
"""잠실로 오세요""…현충일 청년들 ""재선거, 우리가 외친다""",Society
"인증샷 찍다 ""살려주세요""…파도 휩쓸려 1명 사망",Society
"[단독] 윤석열, 종합특검 첫 피의자 출석‥""검사한테 조사받겠다"" 조사실 모습 포착",Society
"정원오 패배 원인? 한국경제 ""내집마련 꿈꾼 2030 등 돌려""",Society
[날씨] 내일 전국 흐리고 차츰 비…5~20mm,Society
80대 모친 잔소리 한다고…멱살 잡고 폭행한 50대,Society
불법 검문에 개인정보 탈취까지‥이 틈에 '윤어게인'?,Society
"잠실 개표소 밖 이틀째 시위…""선관위 직원들 빠져나간 듯""",Society
"특검 출석한 尹, 경찰이 신문하자 진술거부…""검사가 와야""(종합2보)",Society
발 디딜 틈 없는 올림픽공원…'재선거' 촉구 수만 명 운집,Society
‘개표소 시위’ 찾은 모스 탄 “부정선거 배후에 중국” 황당 주장,Society
"윤석열 첫 소환한 종합특검, 6시간 넘게 '계엄 정당화 메시지' 추궁",Society
"잠실개표소 1만명 시위…모스탄도 찾아 ""부정선거""(종합2보)",Society
유권자 이름 적힌 '명부 전표' 방치…투표지 이틀째 못 나와,Society
"JTBC기자협회 ""부정선거 주장 시위대 취재진 폭행, 법적 조치할 것""",Society
"""피해액만 수천만원""…PC방에 '소화기 테러' 벌인 촉법 여중생들",Society
"""잠실 투표소서 이름·성별 적힌 대조전표 발견⋯유출신고""",Society
음주단속 피해 질주하다 버스 충돌…승용차 20대 남녀 사망,Society
새벽에 일출 사진 찍다 바다 '풍덩'…파도에 휩쓸린 30대 숨져,Society
14마리 늑대 중 '늑구' 찾기 열풍…오월드 재개장 첫 주말 북적,Society
[사건을 보다]아파트 8층서 쇠구슬 발사…“시험 삼아 쏴봤다”,Society
음주단속 피하려다 버스 ‘쾅’…2명 숨져,Society
尹 포승줄 묶여 첫 소환…변호인단 반발에 비공개,Society
"아이유, 투표사태 불똥?…""잠실 시위대에 스타벅스 선결제해달라"" 댓글 폭주",Society
"""너 선관위지?"" JTBC 취재진 검문…""못 믿겠다""며 폭행도",Society
개표소 이틀째 봉쇄…수천 명 집결 “재선거” 주장,Society
"개표소 둘러싼 시위대 ""1만명""…혼란 속 투표함은 어디에",Society
강릉 새벽 바다 촬영하다 파도에 2명 휩쓸려…30대 여성 사망,Society
"“선관위가 국민 기본권 박탈”... 분노한 2030, 잠실 개표소로",Society
"尹, 특검서 ‘계엄 정당화 시도’ 의혹 부인…6시간반 피의자 조사 마쳐",Society
“선관위 직원들은 빠져나간 듯”…잠실개표소 밖 이틀째 대치,Society
잠실개표소 밖 이틀째 대치…선관위 직원들은 빠져나간 듯,Society
"“자네 부인은 잘 끝날 거야”…양정원 남편, 경찰 유흥업소 접대 의혹",Society
"尹, 특검 조사서 ‘계엄 정당화 시도’ 혐의 부인",Society
"서동주 ""김규리 자택 침입범, 검침원 사칭해 우리 집 들어와""",Society
"서울시장 패배한 민주당에 언론 ""이기고도 못 이겨"" ""성찰하라""",Society
현실 연애는 포기했는데 연프는 열광…캠퍼스에서 ‘연프’ 직접 만드는 이유,Society
'불법 투견' 단속에 줄행랑친 견주들…남겨진 건 다친 개들이었다 [애니멀워치],Society
"""6년 연애한 남편, 결혼 1년만에 외도""…막상 이혼 망설여진다는 32세 공무원 아내 [어떻게 생각하세요]",Society
"尹, 종합특검서 피의자 조사 6시간30분만에 종료…혐의 부인",Society
"울산 원어민강사 계약만료 논란…""부당해고""vs""정당한 계약만료""",Society
"""선관위 해체 아닌 분쇄해야"" 투표용지 사태 후폭풍…음모론도",Society
설악산 귀면암 인근 60대 추락사…주말 산악·수난 사고 이어져,Society
"JTBC 기자들 ""부정선거 시위대가 취재진 폭행… 법적조치""",Society
종합특검 첫 소환 조사 마친 윤석열…'계엄 정당화 지시' 의혹 선 그어,Society
"윤석열, 종합특검에 비공개 첫 출석…‘헤비테일 방식’ 정점 수사 시동 [세상&]",Society
"尹, 특검서 6시간반 피의자 조사…'계엄 정당화 시도' 혐의 부인(종합)",Society
"""이불 정리 못 한다"" 잔소리에 모친 폭행…50대 남성 1년 6개월 실형",Society
전한길 “부정선거 증거 나왔다…李대통령 하야해야”,Society
"[단독] 윤석열, 경찰 신문에 “검사가 해야” 종합특검 오전 조사 거부",Society
"윤석열, 특검 조사 6시간반 만에 종료…'계엄 메시지' 지시 부인",Society
"윤석열, 직권남용 혐의 첫 피의자 소환 조사 6시간 반 만에 종료",Society
“잠실 스벅 선결제해줘” 개표소 봉쇄 시위…애꿎은 아이유에 불똥,Society
"""주차비보다 과태료가 싸""…불법주정차에 마비된 홍대",Society
잠실 투표함 개표로 서울시 비례대표 의석수 역전…국힘 7→8석(종합),Society
"JTBC 앵커 ""선관위, 부정선거 음모론에 연료 넣어줘""",Society
"종합특검, 尹 첫 조사 6시간30분만 종료…""사실대로 진술""(종합2보)",Society
“선거권 침해”...투표지 부족 사태에 고발·헌법소원까지 [서초동 야단법석],Society
'개표소 봉쇄 시위' 장기화…고립 30시간째,Society
"""재선거"" 외치는 시위대 2만5000명…100m 옆선 K팝 축제 '북적'",Society
"[속보] 종합특검, 윤석열 첫 피의자 조사 6시간 반만에 종료",Society
"전한길 ""6·3 선거 무효"" 주장…잠실 개표소 인파 수천 명대로",Society
‘선관위 헛발질’ 대학가도 들끓는다…투표용지 부족 사태 대자보 물결 [세상&],Society
‘퍽퍽’ 소리 뭔가 했더니…쇠구슬 쏜 70대 검거 “시험삼아 싸봤다”,Society
"""곰 가죽이라더니 설마 개?""…'130만원' 러그 판매글 논란",Society
"""늑구 보러 왔어요""…아침부터 오픈런에 난리 난 오월드",Society
[속보]강릉 해변서 사진 찍던 여성 2명 파도에 휩쓸려…1명 숨져,Society
"""인분 꿈은 대박 꿈이라더니""…'복권 1등' 5억 당첨자 사연은?",Society
"젠슨 황과 2차 치맥...""오늘 다 공짜"" 244만원 '골든벨' 울린 최태원",Society
"울산 이주노동자 영어강사들 ""부당해고 철회하라""",Society
[자막뉴스] 초유의 '용지 부족' 사태...행안부도 언론 보도 후 알았다,Society
"“해체 아닌 분쇄돼야”…조수빈 전 앵커, 선관위 작심 비판",Society
강릉서 사진 찍다 파도에 2명 휩쓸려…30대 여성 숨져(종합),Society
"[뉴스1 PICK] 잠실 개표소 3000명 집결…""재선거 실시하라""",Society
"스타벅스, '탱크데이' 논란 일주일 만에 '카톡 선물하기' 1위 탈환",Society
'잠실 개표소' 1만 명 운집...투표함 이송 차질,Society
[6·3전북지선 입체 분석] ⑧ 김관영 지지에 몰린 42%는 어디로 갈까,Society
“늑구야 안녕”… 재개장 오월드서 수백명 ‘오픈런’,Society
"김규리 자택 침입범, 서동주 스토킹 재판 중 또 범행",Society
“술값도 안 주고 잔소리해서”...팔순 노모 폭행한 50대 아들 ‘또 실형’,Society
"전한길, 대국본 집회서 “부정선거 꼬리 잡혀…이 대통령 하야해야”",Society
피시방에 소화기 난사한 ‘촉법’ 여중생들…책임 묻자 “협박하냐” 되레 뻔뻔,Society
"""너 오늘 죽어보자"" 동거녀 아들 가두고, 때리고...""징역 1년 무겁다"" 항소",Society
"[자막뉴스] ""작은 물리적 자극에도 폭발""...한화에어로 폭발 원인 윤곽 잡혀",Society
"""동물 피부 뜯겨나간 채 방치""…'학대 논란' 벌어진 동물 전시 시설",Society
CU편의점 택배 고객정보 해킹 유출…쿠팡.티빙 이어 또 뚫렸다,Society
회생인가 정리인가… 홈플러스 37곳 폐점에 2만 명 고용충격,Society
"최고령 77세, 최연소 51세…경기도 기초단체장 당선인들 살펴보니",Society
"""내 차는 싸구려인데 너는 외제차…"" 70대 무차별 구타한 50대男",Society
"김규리 집 침입 그 남자, 서동주 '스토킹범'이었다...""가스 검침원 사칭""",Society
"울릉군의회 '지각변동'…무소속 당선인 2명, 국민의힘 입당 신청",Society
"“잠실에 스벅 선결제 해줘”…아이유 SNS 테러, 무슨 일?",Society
"""늑구 보러가자""…오월드 재개장 후 첫 주말 '오픈런'까지",Society
"송파구 개표소 앞 천여 명 집결... ""선관위 해체·재선거"" 목소리 높여",Society
"더 어릴 때부터, 더 세분화된 서비스로, 점점 고액으로…“해도 너무한 선행학습 사교육”",Society
강릉 영진해변서 사진 찍던 여성 2명 파도에 휩쓸려...1명 사망,Society
강릉 해변서 사진 찍던 여성 2명 파도 휩쓸려…1명 사망,Society
"""당선인 뒤집혔다"" 초유의 사태…""재선거!"" 구름처럼 몰렸다 '초긴장' [바로이뉴스]",Society
"국힘, '투표지' 공세 고삐…개표소 봉쇄 시위엔 ""민주적 항거""",Society
"""매우 훌륭"" 백악관 발표에도…1년 6kg 쪄 108kg된 트럼프",Society
"김춘원(95)·이동철(93) 두 참전용사 ""다부동·화산 전투에서 생존한 것이 기적""",Society
개표소 1만명 시위…‘李명예훼손 출국정지’ 모스 탄 등장에 환호,Society
'개표소 봉쇄 시위' 장기화…고립 28시간째,Society
"""늑구보러 가요""…오월드 재개장 첫 주말 200여명 '오픈런'",Society
"""주차장에 여성 2명 누워서…"" 황당한 '자리 맡기'에 분노",Society
"'강경 좌파' 딱지 붙인 월스트리트 저널 칼럼에 '직격탄'…청와대 ""현실 모르는 소리""",Society
‘소개팅 앱으로’ 만난 여성 15명 신체 찍은 경찰 징역 4년,Society
"""오빠만 자식인가요""…결혼 자금 차별 지원에 번진 가족 갈등",Society
"""나보다 잘 마신다"" 최태원 극찬에 젠슨 황 폭소…이해진 결제·구광모 '싹둑'",Society
'잠실 개표소' 시위대 운집...투표함 이송 차질,Society
“술 값도 안 주고 잔소리”…80대 노모 멱살잡고 때린 50대 아들 실형,Society
"1세대 게임 BJ 난닝구 사망…동료 몽키 ""존경했던 형님""",Society
"광화문 메운 대국본, 6·3 지선 무효 주장…""재선거 시행하라""[종합]",Society
잠실7동 투표지 부족 사태 파장… 올림픽공원 개표소 사흘째 봉쇄 시위,Society
"""14곳이라더니 50곳 부족""…장동혁 ""분노에 귀막고 버티면 정권 종말 올 것""",Society
"전공의들 ""사직서 수리 금지로 손해""…2심도 패소",Society
"""투표함 못 나가"" 애국가 부르더니…휠체어·영유아까지 2030 '우르르'",Society
한화에어로 폭발 사고 희생자 첫 발인…닷새 만에 엄수,Society
"""재선거"" 올림픽공원 개표소 앞 3000명 집결…'봉쇄' 장사진(종합)",Society
“돼지 한 마리 키우는 줄”…만삭 아내 ‘몰카’ 동창 단톡방에 올려 조롱한 남편,Society
'220억' 이혼소송 냈다가…中 전직 공무원 '횡령' 딱 걸렸다,Society
"“돼지 키우는 줄”…‘만삭 아내’ 몰카, 친구들 단톡방서 조롱한 남편",Society
“계엄령 옳았다”에 “윤어게인”까지…재선거 요구 집회 이어져,Society
"미, 이란 군시설 폭격…이란도 미군기지에 보복 시도",Society
서울시 출신 서강석·전성수·김경호·류경기·유보화 6·3 지방선거서 존재감 과시,Society
"""술값 내놔"" 팔순 노모 멱살잡이 50대…조카도 폭행, 결국 철창행",Society
"""손주들도 데리고 왔어요""…현충일 맞은 전주 군경묘지 추모 발길",Society
봉쇄된 개표소에 선관위 직원들 고립…재선거 시위는 계속,Society
‘靑 시위’도 거절…개표소 밖 기부 물품 쌓아놓고 장기전 대비,Society
"""8년 참은 입주민이 보살""...빌라 1층 공용공간에 솥단지 ""주차라인까지 침범"" [어떻게 생각하세요]",Society
강릉 영진해변서 사진 찍던 여성 2명 파도에 휩쓸려…1명 숨져,Society
"美, 이란 해안 군시설 폭격…이란, 걸프국 미군기지에 보복 시도",Society
건강 위한 선택 '제로'… 얼마나 알고 계십니까? [데이터로 보는 세상],Society
밤새 이어진 잠실 개표소 시위…선관위 직원 고립,Society
"트럼프 ""이란 자존심 세다…종전합의 시간 걸릴 듯""",Society
세입자가 숙박업 했더니 집주인이 세금 내게 된 이유는?[판례방],Society
"김규리 자택 침입한 40대男, '서동주 스토킹' 재판 중이었다",Society
‘아이돌급’ 인기 류경기 중랑구청장 3선 고지 달성...압승 비결?,Society
"""효자 코스프레 하지 말라""…치매 어머니 6년 간병한 장남의 눈물",Society
윤석열 부른 종합특검...김건희는 언제 소환하나?,Society
"윤석열, 종합특검 첫 출석...'계엄 메시지 의혹' 조사",Society
"""술값 더 내놔"" 팔순 노모 멱살 잡고 폭행한 50대 아들... 또다시 실형",Society
6·3 민심이 보낸 경고…다시 도마에 오른 보완수사권,Society
"""어떻게…"" 망연자실 흐느낌, 한화에어로 희생자 첫 발인",Society
'잠실 개표소' 대치 이틀째...투표함 이송 난항,Society
"“발사되나 시험해봤다”…70대 남성, 아파트 8층서 쇠구슬 쏴 차량 파손",Society
음주단속 불응하고 도망가다 버스와 충돌…20대 남녀 사망,Society
"잔소리 듣자 ""죽어라""…팔순 노모 멱살 잡고 때린 아들 '실형'",Society
"""전 세계 단 하나뿐…15억 가치일 것"" 젠슨 황이 선물한 그래픽카드의 주인공은",Society
"尹, 2차 특검 첫 출석…美 CIA에 ‘정당한 계엄’ 설명 지시했나",Society
"""발사되나?"" 아파트 8층서 '탕탕'…주차해놨다 '날벼락'",Society
73년 만에 돌아온 한국전쟁 정전협정문…英장교 소장본 있었다,Society
"""송도1동과 송도2동 표 수가 왜 똑같아?""…박찬대·유정복 득표 동일",Society
"[르포]""재선거"" 외치며 이틀째 개표소 포위…다시 불어난 시위대",Society
진주시장 선거 '돈가방 의혹' 고소·고발전 후폭풍 예고,Society
"8층서 아래로 ‘새총 쇠구슬’ 10여발 쾅쾅…70대 검거, 특수상해미수 적용",Society
술 마실 돈 안 줬다고…80대 친모 폭행한 50대 징역형,Society
강릉 해변서 사진 찍던 여성 2명 파도 휩쓸려… 30대 1명 숨져,Society
한화에어로 대전 폭발 사고 첫 발인식…내일 나머지 3명 엄수,Society
한때 발 디딜 틈 없었는데…요즘 지하철 막차 '텅텅' 비는 이유,Society
"""난 AI와 다르게 생각해"" 수업 때 딱 하나 바꾸니 아이들 답이 달려졌다",Society
"김규리 집 침입 강도, 알고 보니 ‘서동주 스토커’…재판 중 범행",Society
"한 동네인데 다른 쓰레기봉투, '선 넘기'가 일상인 도시",Society
"""돈 내놔"" 80대 어머니 폭행한 50대 아들…결국 실형",Society
"""어쩌면 15억원?""…홍대에 나타난 젠슨 황이 건넨 '로또급 선물'",Society
"3대 특검서도 조사 '샅바 싸움'…종합특검, 尹 첫 소환 성사",Society
소개팅으로 만난 여성 15명·100차례 불법촬영 경찰관 '징역 4년',Society
"""시험삼아 쏴봤다"" 아파트 8층서 새총으로 쇠구슬 쏜 70대 검거(종합)",Society
"""재선거하라"" 올림픽공원 밤샘 시위…인파 다시 몰려",Society
“술 마실 돈 왜 안주냐” 80대 모친 폭행한 50대 실형,Society
"‘무료 촬영’ 광고하더니 “액자값 내셔야죠”…정부, 사진촬영 가격 공개 권고",Society
"""약이 순해졌네""…부작용 줄인 '저함량 제품' 봇물",Society
"대구는 왜 보수의 성지인가, 이 사건을 빼놓고 말할 수 없다",Society
"尹, 종합특검 첫 출석…'계엄 정당화 메시지' 조사",Society
투표소 이어 개표소도 봉쇄…선관위 직원들 24시간 넘게 고립,Society
사람이 읽는 뉴스와 기계가 읽는 뉴스,Society
"“사직서 못 받아 손해” 전공의들, 2심도 패소",Society
“넌 재수가 없는 것” 청주 노래방 살인범 백승태의 황당한 범행 이유,Society
"김규리 자택 강도, ‘서동주 스토커’였다…재판 중 또 유명인 노려",Society
"""재선거"" 올림픽공원 개표소 앞 밤샘 시위대…인파 다시 불어나",Society
용의자는 '여친 아들'…배우 제임스 핸디 '흉기 피습' 사망,Society
"잔소리하고 술 마실 돈 안준다며 80대 모친 멱살잡고 폭행한 50대, 결국",Society
"검게 그을린 얼굴, 운동화는 닳도록 닳았다 “오로지 신안” 김태성의 진심 통했다[전남톡톡]",Society
[연합뉴스 이 시각 헤드라인] - 10:30,Society
추미애 압승 속 국힘 시장 12곳…경기도민의 '견제와 균형',Society
술값 안 준다며 80대 어머니 폭행한 50대 아들 실형,Society
"'콩팥 기능 저하, 심혈관질환 위험까지 높인다'",Society
"윤석열, 피의자 신분으로 종합특검 첫 출석",Society
"[속보] 윤석열, '계엄 정당화 메시지 지시' 의혹 첫 종합특검 조사",Society
"""잔소리해서"" 80대 모친 멱살잡고 폭행한 50대 실형",Society
[마기자가 간다] “봉투째 뜯지도 않고 고물상으로 와요”···89%가 외면한 선거 공보물,Society
“잘생겼다” 광주 여고생 살해범 외모 칭찬 잇따라…유족 2차 가해 우려,Society
"법원 판결도 패싱… 진도군, 항소 포기하고도 ‘임시허가’ 꼼수",Society
"윤석열, 종합특검 첫 출석…'계엄 정당화 메시지' 피의자",Society
아내 밀친 뒤 24시간 방치해 숨지게 남편…징역 4년,Society
"""재선거"" 개표소 앞 대치…선관위 직원들 고립",Society
"""직원 부탁에 실업급여 타게 해줬다가""…400만원 '날벼락' [사장님 고충백서]",Society
된장녀의 커피는 어떻게 정치가 되었나 [남인숙의 신중년이 온다],Society
잔소리하는 80대 모친 멱살잡고 폭행한 50대 실형,Society
"""술값 내놔"" 팔순 노모 멱살 잡고 폭행한 아들, 또다시 실형",Society
"""술 마시게 돈 줘""…80대 친모 폭행한 50대 징역형",Society
"""왜 현충일은 대체공휴일 없나요""…이유 들여다보니",Society
"[속보] 尹, '계엄 정당화 메시지' 피의자로 종합특검 첫 출석",Society
"윤석열, ‘계엄 정당화 메시지’ 피의자로 종합특검 첫 출석",Society
헌재소장의 소수 의견 [김태훈의 의미 또는 재미],Society
“재선거” 외치며 개표소 밖 밤샘 대치…선관위 직원들 고립,Society
"종합특검, 윤석열 첫 소환...'계엄 메시지 의혹' 조사",Society
등번호 93번 달고 잠실벌 마운드 '우뚝'…예능까지 접수한 젠슨 황,Society
"""투표용지 부족, 참으로 통탄""…오세훈 ""결과적으로 대통령 책임"" 직격",Society
"[자막뉴스] 투표소에 이어 개표소까지...""투표지 못 나간다"" 거센 항의",Society
송파 개표소 대치 이틀째...투표함 이송 난항,Society
‘1표로 이긴 선거’부터 무관심 속 108만 교육감 무효표도… 6·3선거가 남긴 숙제,Society
아름다운 해변 거닐던 두 사람…순식간에 휩쓸렸다,Society
평택서 음주단속 피해 달아나던 20대 남녀 숨져,Society
‘총경회의’ 류삼영 구청장으로 새출발…6·3 지방선거 경찰 출신 당선자 7명 [세상&],Society
"""연봉 적어도 성과급 주는 회사 좋아""…고정보다 성과형 보상 선호",Society
아내 사망 뒤 구호 없이 방치…50대 남성 실형 선고,Society
개표소 봉쇄 시위 밤새 이어져…발묶인 선관위 직원들,Society
“아이도 타고 있었는데”…‘인간 주차콘’ 마트 주차장서 주차공간 막고 욕설,Society
투표지 부족이 부른 불신과 분노…군중이 개표소를 에워싼 이유,Society
주차장 몸으로 막고 차량 진입 방해…항의하자 욕설 퍼부어,Society
"[진도의 섬, 세상의 별 ㉔]…서거차도(西巨次島)",Society
"""사직서 수리 금지로 손해"" 주장한 전공의들 2심도 패소",Society
"오세훈, 정원오 안방 성수동에서 이긴 메시지?",Society
“아쿠아리움인 줄” 경주 ‘투썸’ 매장서 백상아리 포착…논란 되자 “방류”,Society
"""1표가 바꾼 운명""…역대 초접전 기록이 증명한 '주권'의 무게",Society
"아내 밀어 숨졌는데 24시간 방치…50대 남편, 징역 4년형",Society
[자막뉴스] 아우성 터진 송파 공무원 대화방...오후 2시부터 '지원 요청' 보냈는데,Society
주차 공간 몸으로 막고 욕설…대형마트 '인간 주차콘' 몰상식,Society
"""공포 없는 동물미용?""…美서 온 '피어프리' 왜 논란 됐나 [댕냥구조대]",Society
‘추다르크’가 꺼내 든 DJ식 포용…“따뜻한 도정으로 李 정부 뒷받침” [오상도의 경기유랑],Society
"""경치 좋네"" 빌딩 들이받고 추락한 드론…차량 와장창, 조종사 잠적 (영상)",Society
일베 폐쇄론으로 번진 '탱크데이' 논란,Society
기부 뚝 떨어진 ‘여름나기 필수품’ 연탄…달동네 주민들 시름,Society
전공의들 '사직서 수리 금지' 국가·병원 상대 손배소…2심도 패소,Society
"오세훈 ""대통령도 '투표용지 사태' 큰 책임감 느껴야""",Society
"박경호 대덕구 당협위원장 ""공천실패로 지선참패""…이은권 정조준",Society
그칠 줄 모르는 ‘투표용지 부족 사태’ 항의 시위,Society
"""아이 신체 훼손할 것"" 전화 속 엉엉 울던 아들…알고 보니",Society
"양정원 남편에 룸살롱 접대·명품 받은 강남서 수사팀장 ""무혐의 종결하라고 얘기했어""",Society
[팩트체크] 송파구 전체로는 용지 남았는데…투표소에선 부족했던 이유는,Society
"""8년째 빌라 1층에 짐 쌓아놔, 대화도 안 통해""…분통 터진 사연",Society
"""무능한 남편 만나 맞벌이""…전업주부 막말에 '논란 폭발'",Society
충북 군소정당·무소속 46명 출마에 당선 1명…거대양당 벽 높았다,Society
"오세훈 ""선관위, 해체 후 재구성해야…李대통령 책임 느껴야""",Society
"""돼지 키우는 줄""…친구들과 '만삭 아내' 조롱한 남편 '공분'",Society
“최저임금 인상이 성별 임금 격차 해소의 시작”,Society
술집서 여종업원 추행한 20대 남성…잡고 보니 경찰이었다,Society
"""남편이 생활비 안 주더니…"" 결혼 10년차 주부의 '하소연'",Society
'기본급 6.8% 인상 고수' 버스 파업 장기화…취약계층 불편도 커져,Society
"'오세훈 앞날 어쩌나'…시의회·구청장, 민주당에 다 뺏겼다",Society
[이색 당선인] 40세 시장·10선 기초의원 나와…첫 여성 광역단체장 탄생,Society
오피스텔 등의 분양계약 해제와 건축물분양법(7)[정보근 변호사의 부동산 법률을 부탁해],Society
"선관위·KBS, 특정 지역 비하 '홍어' 영상 노출 논란",Society
출발 신호 켜진 조작기소 특검…'위헌·한동훈 방지턱' 넘을까,Society
"[인터뷰] ""기억의 공백이 스타벅스 마케팅 사태 불렀다""",Society
"""전과 안 남고 훈방?""…SNS서 확산한 '선도심사위' 알고 보니",Society
잠들면 '찰칵' 여성 15명 나체 촬영한 경찰관…징역 4년 선고,Society
"‘40도 고열 백일 아기 살리고, 8억 코인 해킹범 잡았다’ 북한산 아래 ‘현장형 경찰서’ 강북경찰서 [우리동네경찰서]",Society
[6·3전북지선 입체 분석] ⑦전북지사 선거판을 뒤흔든 '대리비 지급'사건…법정의 시간이 주목된다,Society
오월드 두 달 만에 재개장…‘늑구’ 드디어 만난다!,Society
개표소 대치 아침까지 이어져...선관위 직원 고립,Society
하늘에서 100kg 물체가 ‘쾅’…송전철탑 부품 낙하,Society
"대법원 판례가 뒤집혔다, 빚 못 갚을 권리가 생겼다 [세상에 이런 법이]",Society
"올해는 짝수해 여름, 그래서 긴장해야 한다 [데이터로 보는 기후위기]",Society
"넘어뜨린 아내 숨졌는데 ""술 취했나?""…24시간 방치한 50대 남편",Society
“보험금194억 깨졌다” 반도체수송차 추돌 조심,Society
[6·3전북지선 입체 분석] ⑥이겼지만 웃지 못한 민주당…전북 정치의 경고등은 꺼지지 않았다,Society
"""김수현 사진은 빼고 갑시다"" 한겨레 젠더데스크가 뉴스룸을 바꾼 7년",Society
투표용지 부족 없다더니 하루 뒤 사과한 인천선관위…신뢰 흔들,Society
"""외제차 마음 안들어 죽이고파""…70대 노인 무차별 폭행한 남성",Society
"이른 더위와의 사투, 힘내라 고구마 순",Society
"6·25 포로수용소 英장교 손때묻은 정전협정문, 73년만 '원위치'",Society
“아파트 넘겨줘” 치매남편 떠나자 나타난 딸들,Society
[더영상] ①반려견 '질질' ②편의점 만취난동 ③평생 출입금지,Society
"기프티콘 선물도 '탈벅'…5·18 탱크데이 논란 2주, ""전액 환불해주세요""",Society
“이것 때문에 우리 병원 와”…강남 피부과 ‘비밀 주사’는 마약성 진통제 [취재후],Society
끼어들고 버럭·손가락 욕까지…이게 운전자의 품격?,Society
‘매드맥스’ 속 그 장면이 눈앞에…남자들 심장 뛰게한 대결 [스튜디오486],Society
"PC방에 소화기 테러한 '촉법' 여중생들…사장에 ""연락하지마"" 뻔뻔",Society
서울 426개 동 뜯어보니 '집값=표심'…정원오 안방 성동도 갈렸다,Society
"""퇴사한 지 5년…전 회사가 경력증명서 발급을 거부해요""[직장인 완생]",Society
“돈 나눠주면 당선?”…기본소득 지역 지방선거 성적표 보니,Society
"[소셜＋] ""크기 보여주세요""…AI시대 중고거래서 필수품 된 '자'",Society
밤새 개표소 대치 지속...선관위 직원 고립,Society
잠실 개표소 봉쇄 밤새 이어져…선관위 직원들 고립,Society
“코스피 구해줄 건 형밖에 없어”…젠슨 황 동선추적 사이트 떴다,Society
"산 정상마다 안고 찍은 사진…남편의 동호회 활동, 취미일까 외도일까[양친소]",Society
"경찰, 투표용지 부족 사태 수사 착수…오늘 고발인 조사",Society
"대검 ""투표지 부족 사태, 검경 합수본 구성해 신속 수사""",Society
저출생에 서울 학생 80만명대 무너져…작년보다 2만8천명↓,Society
잠실 투표소 봉쇄 시위 나흘째…부정선거 주장 놓고 참가자끼리 갈등,Society
"경남도, 정부 '첨단제조로봇 실증사업' 공모에 11개 과제 선정",Society
전국 오전까지 흐리고 비 …낮 최고 '27도'[오늘날씨],Society
‘조선 4대 화가’ 단원 김홍도 “임기 30개월 관직 역임했다”,Society
"'부산 돌려차기' 가해자, 법원에 영치금 사용 신청…피해자 반발",Society
"국민 90%, 전연령층 '정년연장' 찬성‥2030은 ""청년고용 대책 선행돼야""",Society
"""교권 추락 피해 심각…교육력 저하는 곧 국가 경쟁력 소멸로 이어져""",Society
"""합의 불발 시 타격 후 우라늄 회수""‥여론 싸늘",World
“언론도 부정선거 알고 있는데”…근거 묻자 인터뷰 중단한 트럼프,World
"푸틴, 핵전쟁 위협하더니…“러 드론, 체르노빌 핵연료 시설 공습” 발칵 [핫이슈]",World
‘불의 고리’ 필리핀 해역서 규모 8.2 강진… 쓰나미 경보 발령,World
"필리핀 민다나오 남쪽해역서 규모 7.8 강진…""쓰나미 경보 발령""(종합)",World
"영·프·독 정상, 젤렌스키 만났다…""국경 무력 변경 불가""",World
"이란-이스라엘, 레바논 두고 일촉즉발…美-이란 협상 다시 위태",World
"“젤렌스키, 러 재벌 통해 정상회담 제안”…푸틴은 ‘대면 회담’ 거부",World
"이란-이스라엘 공습 속 트럼프 ""10일까지 합의 가능""(종합)",World
"이란, 휴전 뒤 처음으로 이스라엘에 미사일 공격",World
평양거리 시진핑 맞이 준비 완료…오성홍기·인공기 나란히 가득,World
"월드컵 코앞에 조급한 트럼프…""이란·이스라엘, 이제 그만하라""",World
4주면 끝난다더니 100일…휴전도 종전도 못한 트럼프의 이란전[1일1트],World
"“우리 돈으로 걸프국 복구?”…이란, 美 자산 압류 구상에 강력 반발",World
트럼프 “이란 핵물질 직접 폐기···합의 불발시 무력으로 회수”,World
블룸버그 “코스피 과열에 글루벌 투자자들 경계감…일부 헤지 나서”,World
"""친기업 텍사스""…캘리포니아 제치고 美 500대 기업 보유 1위",World
필리핀서 최대 규모 8.2 지진… 일본 '1m 쓰나미 온다' 경보 발령,World
"中, 이란 내 자국민에 긴급 대피 통지…“즉시 등록”",World
오바마 센터 개관 앞두고 트럼프 “10년 지나면 망할 것”,World
"""코스피 과열 경계감…일부 글로벌 투자자 헤지 나서""",World
"트럼프 ""이란과 오는 8~10일 내 합의할 듯""⋯이스라엘에 보복 자제 촉구",World
"트럼프 “결정권자는 나…네타냐후, 美-이란 합의 수용할 수밖에”",World
"트럼프 ""네타냐후, 美-이란 합의 수용할 수밖에…결정권자는 나""",World
"[뉴스UP] 이란, 이스라엘 공격에도...트럼프 ""10일까지 합의""",World
트럼프 “이란과 이번 주 초 합의 가능”…네타냐후엔 미사일 보복 자제 압박,World
"이스라엘, 가자 경찰서 공습 9명 사망…이집트서 휴전 협상 재개",World
"""마우나케아를 넘어라""…中, 티베트고원에 세계 최대 천문관측기지 추진",World
[자막뉴스] 북한 찾아도 노림수는 '한국'?...안보 위협 느낀 중국의 도발,World
"""美국방예산법안에 '군함 외국건조 금지' 명기…상임위 통과""",World
"美 NBC ""트럼프, 이란戰·선거 관련 발언 다수 과장·허위""",World
"伊국방 ""나토, 韓·日까지 넓혀야""…새 유럽 방위동맹도 제안",World
[자막뉴스] 휴전 협상에 '중대 위기'...이스라엘에 이란 미사일 '우수수',World
"""젤렌스키, 러 재벌 아브라모비치 통해 푸틴에 회담 제안…러 거부""",World
"트럼프 ""미국이 직접 우라늄 폐기…협상 불발 땐 타격""",World
‘개전 100일’트럼프…이란·이스라엘에 자제 촉구,World
"이스라엘군, 이란 공격에 ""심각한 실수…승인 떨어지면 보복""",World
"[뉴스초점] 트럼프 ""최종합의 근접""…시진핑, 오늘 국빈 방북",World
월드컵 前 합의 바라는 트럼프…이란·이스라엘에 자제 촉구,World
쓰레기통에서 투표함 발견…'투표용지 부족 사태'에 결선투표 벌이는 페루,World
"시진핑, 오늘 북한 국빈 방문…북중러 '재밀착' 속 연대 강화 주목",World
"이란 ""동결 자산, 걸프 동맹국 배상 재원 될 수 없다""",World
페루 대선 출구조사 초박빙…우파 후지모리 오차內 우세(종합),World
[비즈 나우] '흥행 돌풍' 스페이스X…목표액 2배 몰린 청약,World
"[부자들의 투자노트] 美 자산운용사 ""반도체주 조정 일시적""",World
"이스라엘, 베이루트 전격 공습…이란 “고통스러운 대응” 즉각 보복 예고",World
"美, 인도양 전략 요청지 차고스제도 매입 추진",World
스페이스X에 1500억달러 몰렸다…IPO 청약 목표액 2배 흥행,World
"“美, 인도양 전략적 요충지 차고스 제도 매입 검토”",World
에베레스트서 실종된 셰르파…장례식 도중 ‘6일 만에 생환’ 화제 [잇슈 SNS],World
"中, 대만 맞은편 최전선에 신형 중거리 지대공 미사일 배치",World
"""女배우가 죽기 직전 입었던 속옷이래""...3000만원 치솟은 마릴린 먼로 브래지어",World
"트럼프 ""이란 고농축우라늄 회수할 것…동결자산 즉시 해제 안해""",World
트럼프 “이란과 최종 합의 눈앞…10일까지 타결 가능성”,World
[마켓 브리핑] 예상보다 강한 고용 지표에 금리 인상 우려 부각,World
"이란 외무부 ""휴전 깬 이스라엘에 방어적 타격…자위권 행사""",World
"OPEC＋, 호르무즈 봉쇄후 4번째 원유 증산 합의",World
이스라엘군 “승인 내려지는 즉시 이란에 강력한 타격”,World
미군 “‘對이란 해상봉쇄’ 132척 회항·6척 무력화”,World
"[증시전략] ""고용 호조가 악재됐다""…美 AI 반도체 랠리 '제동'",World
‘부정선거’ 설전 벌이다 인터뷰 끊고 나간 트럼프[이태규의 워싱턴 플레이북],World
"관세 냈던 LG엔솔, 美서 돈 돌려받는다…환급 규모 1000억원대",World
美 장관 해외 출장에 부인·자녀 동행 [김태훈의 의미 또는 재미],World
코이카 수뇌부 인선 동반 표류…'전략적 ODA' 차질 우려,World
"이란, 레바논 때린 이스라엘에 보복 미사일… 중동에 다시 전운",World
"이스라엘 당국, 이란 미사일공격후 가자 진입 라파 관문등 전면 폐쇄 발표",World
젠슨 황은 왜 '슈퍼갑'이 됐나…AI 판을 바꾼 20년,World
"이스라엘군 ""명령 내려지는 즉시 이란에 강력한 타격""",World
"이란, 이스라엘 북부 미사일 공격...중동 휴전 이후 처음",World
"美 전문가들 “시진핑 방북, 북핵 성과 기대 낮아”",World
"""이스라엘 공습 마음에 안 들어""…제동 건 트럼프, 이란엔 ""월~수 합의하자"" 압박",World
이미 뜨거워진 지구… 탄소 감축만큼 중요한 ‘기후 버티기’[페트로-일렉트로],World
[취재후 Talk] 美 첨단원전 SK 테라파워 건설 현장 르포,World
"이스라엘 ""이란, 중대한 실수 저질러""…미사일 11발 모두 요격",World
"[외신 헤드라인] 스페이스X, 청약 목표액 2배 몰려…'흥행 돌풍'",World
"이란, 4월 휴전 이후 첫 이스라엘 영토 미사일 타격… 평화 협상 중대 기로",World
트럼프 對이란 강온 양면책 “核 포기 땐 공동 폐기… 불응 땐 군사 타격”,World
트럼프 “협상 되든 안 되든 고농축 우라늄 회수…협상엔 근접”,World
'만류'에도 베이루트 공습…'미사일 보복' 나선 이란,World
'트럼프 만류'에도 레바논 때린 이스라엘…이란도 보복 맞대응 [글로벌 뉴스픽],World
美 반도체 쇼크…코스피 '블랙 먼데이' 공포,World
"호르무즈 신경전 격화‥""선박당 30억 원 징수""",World
"이란, 이스라엘 본토 미사일 공격...종전 협상 꼬이나",World
트럼프 “이란과 합의 안되면 강력 타격 후 고농축우라늄 회수”[1일1트],World
"미 봉쇄 비웃듯...이란, 이라크 움카스르 항 새 우회로[美-이란전쟁]",World
"주말 합의 결국 수포로…트럼프 ""합의 근접""",World
커피만 팔아선 안 된다…스타벅스가 10만원짜리 옷 꺼낸 이유 [박시진의 글로벌 픽],World
"트럼프 ""이란과 곧 최종합의 가능…10일까지 합의 예상""",World
‘벌써 100일’ 민간인 피해만 낳고 멈춰버린 美-이란 전쟁시계 [글로벌 모닝 브리핑],World
"휴전 흔든 이란 미사일 공세…트럼프 ""보복 만류"" 진화 총력(종합)",World
호주서 '외래종 바퀴벌레' 10만 마리 압수… 역대 최대 규모,World
"세금 발목에 테슬라도 떠났다…텍사스, 캘리포니아 제치고 1위 기업도시 등극",World
[줌인] 에볼라 번지는데 월드컵 열린다… 600만명 이동에 글로벌 방역망 ‘긴장’,World
"시진핑, 오늘 북한 국빈 방문…북중 '재밀착' 속 북핵 논의 주목",World
CSIS 중동 국장 “이번 전쟁이 새 중동 질서의 윤곽 결정지을 것”[미·이란 전쟁 100일],World
"호르무즈 해협으로 본 전쟁···“호르무즈, 새로운 ‘억지력’이 되다”[미·이란 전쟁 100일]",World
“짖는 개는 물지 않는다” 현실이 된 9년 전 예언[미·이란 전쟁 100일],World
"“김정은 몸값 올랐네”…‘북한 뺏길라’ 평양가는 시진핑, 한국 어쩌나 [권윤희의 월드뷰]",World
쿠바 놀러 가시는 분? 비자·마스터카드 못 써요,World
"이란, 다시 호르무즈 통행료 징수…‘서비스료’ 명목, 선박당 150만~200만 달러",World
"트럼프 ""이스라엘, 보복하지 않길...합의 무산 원치않아""",World
"이란, 이스라엘 북부에 미사일 공격…‘베이루트 공습 보복’",World
"이란 외무, 英·佛·카타르·튀르키예와 연쇄 통화…확전 차단 외교전",World
"“오늘 밤 이스라엘 하늘 보라”…이란, 베이루트 공습에 보복 경고",World
[속보] 결국 손잡는 트럼프와 이란?… '빠르면 내일 합의문 서명' 초읽기 돌입,World
"이란, 이스라엘에 미사일 발사...휴전 중대 위기",World
"트럼프 ""네타냐후에 보복 만류할 것""…이란-이스라엘 재충돌 차단 총력",World
"젤렌스키, 아브라모비치 통해 푸틴에 회담 의사 전달",World
다른 종목 자금도 휩쓰는 ‘인류 최대’ 美공모주 [트럼프 스톡커],World
"[속보]이란, 이스라엘에 탄도미사일 쐈다...4월 휴전 이후 처음",World
이라크 영공 72시간 폐쇄…시리아도 남부 영공 12시간 차단,World
"이란, 이스라엘 겨냥 미사일 공격…'베이루트 공습에 보복'(종합)",World
"시진핑, 오늘 방북…""비핵화보다 전략공조"" 방점",World
"트럼프 만류에도 네타냐후, 베이루트 공습",World
"트럼프 “이란과 월~수 합의… 이란, 미사일 쐈으니 이제 충분”",World
"트럼프 ""이란 우라늄 우리가 처리""…합의 불발 땐 추가 군사압박",World
"'혈맹 관계'로 만나는 김정은·시진핑, 뭘 내주고 뭘 받을까",World
"이란, 이스라엘 향해 미사일 발사…보복 공습 추정",World
"이란, 이스라엘 북부 공습…美와 휴전 후 처음",World
"코스피, 너무 빨리 올랐나…""글로벌 펀드들, 한국 증시 하락 방어 시작""",World
구글 이어 메타도 유상증자 '만지작'…AI 올인,World
"오픈AI, IPO 앞두고 챗GPT 대개편…'슈퍼앱' 변신 승부수",World
"이스라엘서 대이란 美협상단 도청 정황… 美국방부, ‘방첩 등급’ 최고단계로 올려",World
"상장 앞두고 호재…스페이스X, 구글에도 클라우드 임대 계약",World
"日 ""국산 전기차 보호"" 수입차 보조금 싹뚝...한국차 어쩌나 [클로즈업 재팬]",World
"이스라엘, 헤즈볼라 거점 공습…이란 ""공격 목표 됐다""(종합)",World
"시진핑 방북, 북 핵보유국 인정 대관식 되나",World
"""미국, 인도양 전략적 요충지 차고스 제도 매입 검토""",World
"중동전쟁 100일째 다시 격화…이란 ""베이루트 공습 대가 치를 것""",World
OPEC+ 4개월 연속 증산 결정…호르무즈 봉쇄에 효과 제한적,World
"아르헨, 中서 통화스와프 연장 협상…반중 밀레이의 현실적 선택",World
"이란 협상단장, ""軍 선택지 열려"" 베이루트 공습 보복 시사",World
“돌려줘야 종전” vs “동맹국 복구”… 동결자산 두고 미·이란 ‘동상이몽’,World
"""젤렌스키, 첼시 前구단주까지 동원했지만…푸틴, 정상회담 거절""",World
"미 국무 ""그린란드, 지금은 덴마크 영토""...트럼프, 포기 안 했나?",World
"트럼프 ""이란과 합의불발시 타격한 뒤 고농축우라늄 회수""(종합)",World
"이탈리아 국방장관 “나토, 한국 포함 비유럽 국가로 확대 필요”",World
11월 중간선거 앞두고 '경합주' 시동...미 의회권력 뒤바뀌나,World
"""젤렌스키, 러 재벌 통해 푸틴에 정상회담 요청""",World
"이스라엘군, 레바논 베이루트 남부 공습…""최소 2명 사망""",World
마스가 차질 빚나… 美하원 “외국서 군함 만들면 돈 못 줘”,World
"이란전 100일… “곧 종전”→“더 걸려"" 도돌이표",World
‘플라밍고 혁명’ 목청 높인 알바니아,World
"트럼프 ""협상 불발되면 이란 공격해 고농축우라늄 회수할 것""",World
"이스라엘, 트럼프 만류에도 레바논 베이루트 공격",World
트럼프 “이란과 합의 불발땐 타격 후 고농축우라늄 회수”,World
北中 밀착·美日 견제·북핵… 시진핑 방북 ‘3대 관전 포인트’,World
"트럼프 만류에도…네타냐후, 베이루트 공습 재개",World
"인도 Z세대의 분노, 스스로 바퀴벌레가 되다",World
"트럼프 ""합의 불발 시 이란 타격…고농축 우라늄 회수할 것""",World
"트럼프 ""이란과 합의해도 동결 자산·제재 즉시 해제 안해""",World
"트럼프 ""이란 우라늄 회수해 폐기할 것…동결 자산 해제는 후순위""(종합)",World
"테슬라, ‘호버링 전기 슈퍼카’ 로드스터 공개 시연 또 연기",World
"트럼프 ""이란과 합의하면 HEU 협력해 폐기…불발 땐 미군이 제거""",World
트럼프 “이란 고농축우라늄 전량 회수·폐기…합의해도 동결 자산 즉시 해제 않을 것”,World
"""미, 이란 자산 활용해 걸프국 '전쟁 피해 보상' 추진""",World
"공방 격화로 유명무실해진 휴전...트럼프는 ""중동은 날 좋아해""",World
"[속보] 이란, 이스라엘 향해 미사일 발사...베이루트 공습에 대한 보복",World
“女배우가 입었던 낡은 속옷 살래요!” 낙찰가 3000만원 예측…무슨 일?,World
"日 육상자위대, 적기지 타격 미사일 첫 공개… 중국 염두 사격 훈련",World
"중국과 일본, '타이완 동부 바다' 두고 또 기 싸움",World
"미국 ""이스라엘 못 믿겠다...방첩 경보 최고수준 격상""",World
"블룸버그 ""글로벌 펀드들, 한국 증시 하락 방어 시작""",World
"미군 ""대이란 해상봉쇄로 지금까지 132척 회항·6척 무력화""",World
아르메니아 오늘 총선…'친서방이냐 친러시아냐' 기로,World
"살아남은 2명 걸어와 알렸다…사막 고립 49명, 갈증으로 집단 참사",World
"미국인 10명 중 7명 ""트럼프에 불만""…물가정책 지지도 조사 이래 '최저'",World
이란 “파키스탄 통해 메시지 교환중”…美에 ‘동결자산 해제·평화적 핵농축’ 공개통첩,World
"젤렌스키 ""러시아, 체르노빌 사용후핵연료 시설에 드론 공격""",World
오픈AI “챗봇 시대 끝”…‘슈퍼앱’ 변신 승부수,World
"中, 대만 최전선 부대에 '신형 방공 미사일' 배치…대만 전선 전력 강화",World
"젤렌스키, 드론 날려 푸틴 압박 ‘러시아판 다보스’ 폐막일 재공습",World
미·이란 또 무력 사용…트럼프 “합의까지 시간 좀 걸릴 것”,World
전쟁 100일째…출구 못 찾고 세계 경제만 '휘청',World
트럼프·푸틴 못 믿어… EU 가입신청 ‘러시’,World
100일 넘긴 이란전… ‘종전’ 희망고문 속 주말 내내 무력충돌,World
"“한국, ‘전투기 엘리트 국가’ 됐다”…KF-21의 ‘이것’에 쏟아진 극찬 [밀리터리+]",World
미국 축산업 ‘비상’…60년 만에 본토서 발견된 ‘이것’ 때문에 난리,World
"시진핑 방북 하루전날 … 北 ""핵보유국 지위는 절대불퇴""",World
"중국 지도자, 방북 때마다 금수산궁전·우의탑 방문",World
호르무즈 사태로 재확인된 세계 급소 '경제적 상호의존',World
쓰레기통에서 투표함 나와…투표용지 부족으로 대혼란 겪은 페루 결국,World
"중국, 대만 맞은편 최전선에 신형 지대공 미사일 배치",World
출구 못 찾은 이란 전쟁 100일… 호르무즈·레바논 ‘동시 폭발’,World
‘시진핑 비서실장’ 차이치 中 2인자로… 조직·이념·행정 모두 장악,World
삼시세끼에 재활치료까지… 日교도소 어쩌다 요양원 됐나[글로벌 리포트],World
"'배당' 카드까지 꺼낸 트럼프…""국민 부자로 만들겠다""",World
"""자녀교육에 월급 절반 쏟는다""… 베트남에 부는 '입시 열풍'",World
"[일요와이드] 시진핑 방북 전날…북 김여정 ""비핵화는 망상""",World
"""미, 걸프국들 전쟁피해 배상에 이란자산 사용 추진""",World
시진핑 7년 만에 방북… 반서방 연대·핵 문제 논의하나,World
미-이란 휴전 MOU 협상 ‘엇갈린 신호’…막판 압력 고조,World
"日대표 맥주회사 ""건강식품 기업으로 대전환""",World
트럼프와 맞서라고?…“한국도 나토에 포함해야” 파격 제안 나온 배경 [핫이슈],World
핵·경제·레바논 얽힌 고차방정식… 100일째 답 못찾는 중동戰,World
"""스페이스X, 개미지옥 될수도"" 상장 앞서 경고",World
우크라 드론에 전략 바꾼 푸틴…모스크바 빌딩에 신형 판치르 방공시스템 올렸다 [포착],World
시진핑 8~9일 방북…“한반도 핵심 관리자 지위 확인 의도”,World
"""미국 국방부, 이스라엘 스파이 위협 '최고 등급'으로 격상""",World
관세에도 공장은 돌아오지 않았다…트럼프 ‘제조업 황금기론’ 흔들리는 이유[디브리핑],World
"""고용 좋은데 주가 왜 내리나"" 뿔난 트럼프…과열 우려 커진 美 증시",World
"""美, 걸프국들 전쟁피해 배상에 이란자산 사용 추진""(종합)",World
"美·이란戰 100일…협상 교착·공방 지속, 출구는 어디에(종합2보)",World
"푸틴, 결국 패배할까…“우크라, 러 드론 91% 요격” 전황 뒤집혔다 [밀리터리+]",World
"美 ""이란 동결 자금으로 전쟁 피해 보전""",World
"中, 대만 맞은편 최전선에 신형 지대공 미사일 배치",World
"미, 이스라엘 방첩 위협 최고 수준 격상…""선 넘었다""",World
"인도 뒤덮은 ‘바퀴벌레’…가면 쓴 분노의 Z세대 거리 나왔다, 왜",World
"아슬아슬한 호르무즈…美·이란, 종전협상 교착에 신경전 격화",World
"호르무즈 살얼음판…美·이란, 종전협상 교착에 신경전 격화",World
"텍사스, 캘리포니아 제쳤다…‘美500대 기업’ 최다 보유 주 1위 올라",World
"계속되는 충돌, 불안한 휴전…호르무즈 언제 열리나",World
"이탈리아 국방 “나토, 한국까지 확장해야” 파격 제안",World
"""4주 내 마무리"" 이란 전쟁 100일째…'도돌이표' 협상, 핵심 쟁점은",World
"“중동 특사도 도청, 선 넘어”…미, 대이스라엘 경계 최고 수준 격상",World
"시진핑 방북, 북중 관계 재조정 분수령",World
"“선수만 들여보내고 스태프는 막았다”…美, 이란 월드컵대표팀 단장 비자 거부 논란",World
"美, 이스라엘에 분노“이란협상도 엿들어?”…“선 넘었다” 대응조치",World
"""美, 이란 자금 이용해 걸프국가에 재건비용 지급 검토""",World
"스페이스X, 청약 초반 2배 몰렸지만...S&P500 지수편입 2년 걸릴 듯",World
"“동맹국 도청, 선 넘었다”…美 성역 없는 이스라엘 스파이 행위에 안보 경보 [美-이란 전쟁]",World
"젤렌스키, 푸틴과 설전 중 상트페테르부르크에 드론 수백대 날려",World
"미군, 호르무즈서 '선박 위협' 이란 드론 2대 추가 격추",World
푸틴 속 긁는 젤렌스키…1000㎞ 떨어진 크론슈타트 해군기지 또 타격한 이유 [핫이슈],World
"美, 호르무즈 해협서 이란 드론 2대 추가 격추…중동 긴장 고조",World
"파키스탄 실권자, 이란 최고지도자에 친서 전달…중재 노력 지속",World
"오픈AI, 제품라인 전면개편…챗GPT→코덱스로 중심이동",World
"휴전 합의 사흘 만에 이스라엘, 레바논 공습…주변국도 “주권 침해” 규탄",World
"이스라엘, 트럼프에 완전 찍혔다…“도청하다 들통” 美 국방부 발칵 [핫이슈]",World
"실무·사상 교육·경호 다 쥔 시진핑 비서실장… 차이치, 中 유력 후계자 급부상",World
"美, 호르무즈해협서 선박 위협한 이란 드론 격추",World
“무엇이든 케이블 하나로 다 연결”…이스라엘 미래차의 진화,World
멜라니아 모국 슬로베니아에 이스라엘 대사관 개설된다,World
“이스라엘 선 넘었다”…美-이란 협상단 통신 도청 덜미,World
"전쟁 100일 넘겼다…이란, 마음 급한 트럼프에 ‘추가 요구’ 공세",World
"트럼프도 “AI 대박, 국민 나눠 갖자”…美도 기업 이익 공유 논쟁",World
"시진핑 7년만의 방북...북, '비핵화 불가' 선언 의도는",World
전쟁 100일째 타결 기미 안 보이는 美-이란 협상,World
"북한, 시진핑 방북 앞두고 비핵화 불가 선언",World
"미군, 호르무즈서 이란 드론 2대 추가 격추(종합)",World
쿠바에서 호텔·채굴 국제 기업 줄줄이 철수···“국가 경제에 큰 타격 줄 듯”,World
"우크라, 러 상트페테르부르크에 드론 공습...수백대 동원",World
러·우 전쟁에 등 터지는 루마니아…공중과 해상서 연이어 러·우크라 드론 침범 폭발 [핫이슈],World
"중국차, 한국 수입차 시장에서 처음으로 日 제쳤다",World
"[영상] 우크라, ‘러시아판 다보스’ 개막 이어 폐막날에도 드론 공습···젤렌스키 “전쟁 끝내야” 푸틴 압박",World
바늘에 실 꿰기? 그쯤이야…'마지막 1cm' 향하는 차이나 휴머노이드,World
친서 들고 테헤란行…협상 ‘키맨’ 파키스탄 다시 떴다[美-이란전쟁],World
"트럼프, 종전 포기?…이란 드론 격추·레이더 기지 박살내고 올린 영상 [핫이슈]",World
"中, 티베트고원에 세계 최대 천문관측기지 구축 추진",World
교착 빠진 미-이란 종전 협상에…파키스탄 물밑 중재,World
"흰 연기 정체는 백린탄?…이스라엘, 레바논 공습 영상 포착",World
"이란 ""37조 동결자산 풀어달라"" vs ""트럼프, 중동 피해복구에 쓸것""",World
푸틴-젤렌스키 설전 와중에 러 제2도시에 대규모 드론 공격,World
"중국 지도자, 방북 때마다 '혈맹 상징' 금수산궁전·우의탑 방문",World
호르무즈 또 무력충돌…美 '선박 위협' 이란 드론 연달아 격추(종합),World
"우크라, '러시아판 다보스포럼' 폐막일에도 대규모 공습",World
"""바퀴벌레가 온다""…뿔난 Z세대 단체, 첫 거리 시위 나섰다",World
美 눈치 안 보는 이란? 쿠웨이트에 또 드론·미사일 폭격…쿠웨이트는 사이렌 울리고 ‘날벼락’ [현장영상],World
[자막뉴스] 결국 트럼프 뜻대로?...잘근잘근 쿠바 붕괴시키는 미국,World
트럼프 딸 이방카가 불붙인 알바니아…반미 ‘플라밍고 시위’ 격화,World
"파키스탄 내무, 또 이란 방문…시진핑 내일 방북",World
"뼈 녹이는 ‘악마의 무기’ 썼나?…“이스라엘, 레바논 민가에 ‘백린탄’ 사용” [핫이슈]",World
월드컵 이란 선수단 비자만 내준 미국…코치·의료진도 거부,World
"파키스탄, 이란 최고지도자에 친서 전달…물밑중재 분주",World
캘리포니아 제친 텍사스…한국 지자체엔 왜 없을까[김창영의 실리콘밸리View],World
"[영상]美 ""호르무즈서 이란 드론 2기 격추""…종전협상 교착 속 주말새 두 번째 무력충돌",World
"파키스탄, 이란 최고지도자에 친서 전달…중재국 역할 계속",World
"Z세대 열광…팔로워 2,200만 '바퀴벌레당' 대체 뭐길래",World
"[人사이더] 시진핑, 내일 7년 만에 방북… 김정은과 무슨 논의하나",World
이란 돈으로 이란 공격 피해 메운다?…트럼프의 ‘역발상’ 카드 [美-이란 전쟁],World
"[뉴스초점] 北 ""핵보유국 지위 불퇴""…中 ""좋은 이웃·친구·동지""",World
"이란, ‘33조 자산’ 돌려달라는데…미국은 걸프 동맹국 재건비용 검토",World
"텍사스, 미국 500대 기업 보유 순위서 캘리포니아 제치고 1위 탈환",World
"텍사스, 美500대 기업 보유 순위서 캘리포니아 제치고 1위 올라",World
"美 전쟁장관 “유럽 정부들, 자유는 공짜 아니란 점 망각”",World
"""파키스탄 내무, 또 이란행""…시진핑 내일 방북",World
"""트럼프 사위한테 영토 팔지 마""…알바니아서 일주일째 시위",World
트럼프는 시진핑 만났는데…장남은 “중국투자? 절대 안해”[1일1트],World
“소고기 여기서 더 오르는 거 아냐?” …살 파먹는 구더기 감염에 난리 난 ‘이 나라’,World
"이스라엘, 美 이란 협상단 대표 도청 덜미",World
'기대' 보다 '안도'…이재명 정부 1년을 바라보는 日의 시선,World
"""밀가루 백발에 가죽 재킷이면 나도 젠슨 황?""…중국 청년 패러디 화제",World
"“2028년까지 기다려야 하나”…스페이스X, 상장 대박에도 S&P500 '퇴짜'",World
"“'하늘 나는 스포츠카' 또 연기”…8년 기다린 테슬라 로드스터, 고객들 분노 폭발",World
절체절명 위기 봉착한 미국...'살 파먹는 구더기' 등장에 발칵 [지금이뉴스],World
"美, 이란 동결자산으로 걸프국 전후 복구 검토…논란 부상",World
"스페이스X, 상장해도 S&P500 편입은 먼 길…""2028년 이후 가능성""",World
[자막뉴스] 침몰한 이란 군함 조롱하는 트럼프...여전히 중동은 '불바다',World
"北김여정 ""핵 보유 지위는 절대불퇴이자 엄연한 현실""",World
미·이란 전쟁 100일…불안한 휴전 속 '교착의 늪',World
"""美, 이란 자산 활용해 걸프국 '전쟁 피해 보상' 추진""",World
트럼프 못 믿겠다…EU 가입 줄 서는 유럽,World
"트럼프 변덕에 못 믿겠네…유럽 국가들, 앞다퉈 EU 가입 서둘러",World
"""스페이스X, S&P 500지수 편입 2028년 이후 가능 전망""",World
"테슬라, 날아다니는 차세대 스포츠카 '로드스터' 공개 시연 또 연기",World
"미·이란 교전 속 중재 재가동…파키스탄, 이란에 친서 전달",World
"美 미사일 재고 바닥나는데…中, 핵심원료 텅스텐 싹쓸이",World
"100일 맞은 이란戰 … 美, 출구 못 찾고 교착 장기화",World
서방 제재 비웃는 푸틴 측근들…호화 제트기 타고 해외로,World
"美에 맞서 中, 첨단기술·인력·데이터 해외유출 방벽 쌓아 [김규환의 핸디 차이나]",World
"블룸버그 ""스페이스X, S&P 500지수 편입 2028년 이후 가능 전망""",World
"이란전 와중에…美국방, 부인과 6명 자녀 데리고 프랑스 출장",World
트럼프 “빨리 빠져나올 시점”이라더니···이란 드론 격추·레이더 기지 타격,World
"중동전쟁 100일째, 출구 못찾고 교착상태…호르무즈 언제 풀리나",World
‘연일 시신 실려나가는데도…’ 금광맥 찾기 중단 못하는 에볼라 발원지,World
시진핑 내일 방북…7번째 만나는 김정은과 각 의제서 '전략공조',World
‘트럼프가 프랑스인을 노엽게 할지라도…’ [김태훈의 의미 또는 재미],World
1조3000억원 ‘역대 최대’ 오바마 센터… 퇴임 후에도 이어지는 美 대통령 권력 과시,World
“월드컵 영상에 욱일기 흔들었다가 역풍…150만 조회수 유튜버 결국 백기”,World
차이치 中2인자로…‘조직·이념·행정 핵심권력 모두 장악’,World
[시진핑 방북 D-1]3대 관전 포인트는…대북 영향력·두만강 협력·북미 대화,World
미국 중심 다자주의 쇠퇴…글로벌 사우스 중심 다자주의와 충돌,World
중남미 패권·중간선거…쿠바 압박 강화하는 미국,World
"미 국방 ""동맹들, 결정적 순간에 어깨 나란히 해야""",World
"이란전쟁서 두번 격추되고도 생존한 미 조종사…""벼락 두번 맞은 격""",World
"트럼프 1기 인사 “스타벅스 사태, 美기업을 정치적 적대 세력처럼 대해” 비판",World
"미 국방, 노르망디 찾아 “유럽이 재래식 방위 주된 책임 맡아야”",World
"“스페이스X, S&P 500지수 편입 2028년 이후 가능 전망”",World
"美국방, ‘노르망디’서 나토 ‘의존국’ 지칭하며 “방위 주된 책임져야”",World
교황의 'AI 묵시록' 경고에 엇갈린 반응,World
"“합의 된다”던 주말됐지만…美·이란, 호르무즈 ‘군사 보복’ 지속",World
"아르헨 '록 전설' 사망에 추모열기…팬, 국회조문 요구엔 정부거부",World
"美국방, 노르망디 찾아 ""유럽이 재래식 방위 주된 책임 맡아야""(종합)",World
"테슬라, 날아다니는 스포츠카 '로드스터' 공개 시연 또 연기",World
"'종전 변수' 떠오른 레바논…군 총사령관, '중재국' 파키스탄행",World
"이란, 헤즈볼라 대놓고 감싸기…""레바논 전쟁 끝나야 종전""",World
"이란 외무부, 美의 레이더 시설 공격은 ""휴전 합의 위반""",World
‘1000억대’ 호화 전용기 여행…제재 비웃는 푸틴 측근들,World
"젤렌스키 “北 도움 없인 못 버텨”…푸틴 자존심 긁은 공개서한, 왜",World
"""영국 항모 프린스오브웨일스호, 나토 훈련 앞두고 또 고장""",World
"노르망디 찾은 미 국방 ""유럽, 재래식 방위 먼저 책임져라""",World
이란 ‘선수만 비자 준’ 미국에 격분…“단장 등 10여명 거부당해”,World
5300조!…스페이스X의 2040년 전망 매출은 지난해 29조원의 180배,World
"러 국영 석유회사 CEO ""호르무즈 봉쇄 최대 수혜자는 미국""",World
美 선박 방어에 이란 보복…호르무즈 드론·미사일 공방 악순환,World
英 6조원짜리 항모 또 고장…나토 훈련 앞두고 철수,World
"“북한 도움 없이는 못 버티지”…푸틴 약 올린 젤렌스키, 속내는?",World
“삼전 성과급만 10년 치 연봉이네”…일본 직장인들 ‘한숨’ 나오는 이유가,World
드론에 미사일까지…불안한 휴전 '흔들',World
"바레인 ""이란에서 발사 미사일·드론 요격…불법 공격""",World
반도체주 폭락에 환율도 급등‥'검은 월요일' 오나,World
"""중국 의존하는 쇠퇴하는 강대국"" 푸틴 긁은 젤렌스키 의도는",World
"""깜짝선물"" 정체 드러났다…젠슨 황이 가져온 '4가지 사업'",World
“자존심 센 이란” vs “37조 동결자산 해제”,World
"[자막뉴스] 루마니아로 떠밀려 오더니 '폭발'..""드론 정체는 우크라?"" 나토 '대혼란'",World
"""알바니아 못 팔아""…트럼프 사위 리조트 반대 시위 확산",World
"러 로스네프트 CEO ""호르무즈 봉쇄 최대 수혜자는 미국""",World
"[토요와이드] 미국·이란, 또 무력 충돌…시진핑 7년만에 방북",World
"""北도움 없이는 못 버텨""…푸틴 긁은 젤렌스키, 내부분열 노렸나",World
뉴욕증시 반도체주 와르르…엔비디아 등 시총 하루새 2천조 증발,World
"러 국영 석유회사 CEO ""이란전쟁 최대 수혜자는 美기업""",World
"호르무즈 긴장 악화…이란, 미군 기지에 미사일·유조선 공격",World
"푸틴 측근들, 제재에도 '1000억짜리' 서방 전용기 탄다…우회 거래 활발",World
"휴전안 '종잇조각' 되자 ""우린 동맹""…대놓고 헤즈볼라 편든 이란",World
"""내 돈이지만 내 마음대로 투자 못해"" 심상치 않은 자금흐름 中 초강력 통제",World
美 AI반도체주 줄줄이 급락…시총 하루새 2000조 증발 이유는?,World
美 반도체주 일제히 패닉셀…하룻밤 새 2026조원 증발,World
"[자막뉴스] ""탄도 미사일 발사"" 걸프국 '패닉'..""반격해!"" 레바논 또 맹폭 '아비규환'",World
이란 “헤즈볼라 공개 지지” 선언...美·이란 종전 협상도 결국 '파국'?,World
“얼음 씹고 초콜릿으로 버텨”…실종 6일만에 생환한 에베레스트 가이드,World
반도체주 급브레이크…뉴욕서 시총 하루만에 2000조 날아가,World
"""비트코인, 6개월내 70% 폭락 가능""…장기적 전망은?",World
한 달 새 트럼프·푸틴 대면한 中 권력 서열 8위 [이 사람@World],World
반도체 주도 '끝이다' VS. '아니다'…시총 2천조 증발,World
트럼프 “이란 자존심 세다”…종전합의에 “베트남은 19년”,World
"트럼프 ""어떻게든 끝낼 것""...호르무즈 해협서 또 충돌",World
국제우주정거장서 공기 누출 심화…우주비행사 2시간 동안 긴급 대피,World
"이란, '휴전 거부' 헤즈볼라 공개 지지…중동 다시 먹구름",World
국제우주정거장서 공기 샜다…우주비행사 5명 '긴급 대피',World
"꼬여가는 종전협상…이란, ‘휴전 거부’한 헤즈볼라 공개 지지",World
"이란 외무 ""동결 자금 50% 즉시 반환해야""…美와 합의 조건 제시",World
"트럼프 중재 시도에도... 이스라엘, 헤즈볼라 반발에 레바논 맹폭",World
"이란, 헤즈볼라 공개 지지…중동 종전협상 더 꼬였다",World
"종전협상 꼬인다…이란, 헤즈불라 공개 지지",World
"과거의 자신과 싸우는 트럼프...""동결 자산 해제는 트럼프에 정치적 지뢰밭",World
"허락 받고 지나가라…이란의 유조선 공격에 미국은 선박 방어, 호르무즈 또 충돌",World
美·이란 또 무력 충돌…유조선 공격 뒤 반격 보복,World
"""자주파로 바꿀 것""·""실용외교 유지""…지선 뒤 한일관계 촉각(종합)",World
"석유시설·초계함 '불바다'…젤렌스키, 푸틴 고향 공습 뒤 ""만나자""",World
월요일 우리 증시는?…필라델피아 반도체지수 10.3% 폭락,World
7년 만의 평양행...북핵 넘어 '동북아 질서' 정조준,World
"이란, 정전 협상서 동결자산 해제 요구…트럼프엔 정치적 부담",World
미·이란 또 맞불 교전…쿠웨이트·바레인에 미사일 발사(종합),World
"종전 합의 막는 이란 동결자금…""트럼프에 정치적 지뢰밭""",World
"미국·이란 ‘아슬아슬 휴전’···선박 공격, 주변국 공습 이어져",World
"트럼프, 고민 깊어진다…합의 걸림돌 '동결자금'",World
왜 미국은 한국을 '단검'이라 불렀나,World
휴전 좌초 위기 …美·이란·이스라엘 '각각 군사행동',World
[뉴스초점] 시진핑 7년 만에 방북…북중러 밀착 행보,World
"""이란 해군 경고 사격에 美 구축함 퇴각""",World
"미군-이란, 호르무즈 해협 부근에서 또 충돌···트럼프 ""종전 협상, 이란의 자존심 때문에 지연""",World
호르무즈 긴장 악순환…미국 선박 방어에 이란 보복 시도(종합2보),World
"미국, 이란 군시설 폭격…이란, 걸프국 미군기지에 미사일 발사",World
"트럼프 ""이란에서 빨리 빠질 시점""...미 협상팀, 핵 전문가들과 협의",World
"[뉴스초점] 시진핑, 8~9일 방북…연대 강화 신호탄?",World
[트럼프 스톡커] 美금리까지 올리면 1600원 넘는 ‘원·달러 재앙’,World
외교 참사 겪은 독일 “안보리 진출 위해 더욱 철저히 준비”,World
“트럼프 사위가 홍학 습지 섬을 통째로”…알바니아서 대규모 시위 폭발,World
"트럼프 ""이란에게는 선택의 여지 없다…합의까지 시간 걸려""",World
"미·이란, 호르무즈서 또 충돌…유조선 발포·드론전·미사일 보복",World
"이란, 美 레이더 공습에 미사일 반격…쿠웨이트·바레인 공습경보",World
"美·이란, 또 공격 주고받았다... 호르무즈 발포 두고 신경전",World
시진핑 모레 방북...미중 패권 경쟁 속 '복잡한 셈법',World
"미-이란, 호르무즈 해협서 또 제한적 충돌…휴전은 유지",World
"美, 이란 군시설 폭격…이란은 미군기지에 미사일 쐈다",World
"트럼프, ""이란 자존심 세""…종전 합의 장기화 시사",World
"[속보]이란, 걸프국 미군기지에 탄도미사일…호르무즈 유조선에도 발포",World
"美, 이란 해안 군시설 폭격…이란, 걸프국 미군기지에 보복 시도",World
"""자존심 세고 강한 이란""…트럼프, '종전 협상 장기화' 시사",World
"이란, 호르무즈 통과 유조선에 발포…미군과 충돌 격화",World
트럼프 “유가 곧 떨어진다…이란과 상당히 진전”,World
이란 “호르무즈 유조선 4척-美 5함대 타격”…美 “미사일 모두 요격”,World
"""300억 아파트가 580억"" '경악'…폭탄 터져도 ""집 사자"" 몰려간 이란",World
"미군 ""호르무즈·걸프국 겨냥 이란 드론·미사일 공격""",World
"트럼프 ""이란 자존심 세다""…종전합의에 '시간 좀 걸린다' 예상",World
"이란, 호르무즈 유조선 4척에 발포…해협 긴장 고조",World
중동 긴장 재점화…이란 드론 공세에 미군 격추·쿠웨이트도 요격,World
"이란 ""쿠웨이트·바레인 미군기지에 탄도미사일 발사""",World
이란 “호르무즈 ‘무허가 통항시도’ 유조선·걸프 미군기지에 발포”…미국 “대부분 요격”,World
"트럼프, AI기업 지분 정부 보유 추진‥""미국 국민 혜택 얻는 방법""",World
"미국 중부사령부 “이란, 쿠웨이트·바레인에 탄도미사일 7발 발사”",World
이란 “쿠웨이트·바레인 미군기지에 탄도미사일 발사”,World
"미, 이란 해안 군시설 폭격...이란, 미군기지에 보복 시도",World
"미군 ""이란 미사일 7발 중 6발 요격""",World
"[속보] 로이터 “이란, 쿠웨이트·바레인 미군기지에 탄도미사일 발사”",World
“많이 다닌다” vs “관찰 안된다”…美·이란 협상교착 속 호루무즈 통항 집계 차이나는 이유,World
"[속보] 美·이란, 불안한 휴전 속 또 충돌…호르무즈 해협 긴장 재점화",World
"워시 연준 의장 첫 시험대…시장은 금리 인상 베팅, 트럼프는 인하 압박",World
"‘트럼프 약발’ 이젠 안 먹히네…이스라엘, 헤즈볼라 반발에 레바논 맹폭",World
"이란 핵 협상 임박했나…트럼프 특사, 테네시서 핵 전문가와 비공개 협의",World
호르무즈 긴장 악화…이란 자폭드론 날리자 미군 즉각 대응,World
"트럼프 중재 안통하나…이스라엘, 헤즈볼라 반발에 레바논 맹폭",World
"'또 주고 받고' 호르무즈, 다시 긴장 고조",World
"ISS 우주비행사들, 공기 누출로 2시간 동안 대피 후 복귀",World
"미군, 이란 자폭 드론 격추… 호르무즈 해협 긴장 고조",World
[속보] 이란 자폭드론 날리자 미국 즉각 대응…종전협상 좌초 위기,World
호르무즈 긴장악화…이란 자폭드론 날리자 미군 즉각 대응(종합),World
"이란 “미 구축함 퇴각시켜”…미국 “드론 격추, 레이더 기지 타격”",World
"이란군 ""미군 기지 대응 공격""‥미군 ""미사일 요격, 피해 없다""",World
1억3000만원 들여 키 8㎝ 늘린 美 남성…사지연장술은 자신감?,World
"[속보]미군, 이란 드론 4대 격추 후 레이더 기지 타격",World
"호르무즈 해협 긴장 고조…미군, 이란 자폭 드론 격추",World
"헤즈볼라 휴전안 거부 하루 만에…이스라엘, 레바논 남부 맹폭",World
이란 드론 뜨자 美 레이더 타격…호르무즈 해협 긴장 고조,World
"트럼프, 레바논 중재 안통하나…이스라엘 또 맹폭",World
"스페이스X, 구글 클라우드 임대…월 1.4조원 규모",World
"‘다음주 IPO’ 스페이스X, 구글에 클라우드 임대계약…매달 1.4조원 규모",World
"'호르무즈 다시 긴장 고조' 美, 이란 드론 4대 또 격추",World
"모즈타바 최측근 ""트럼프가 우리돈 37조 동결 해제 해야""",World
"“휴전이라더니 또 충돌”…미군, 이란 드론 격추·레이더 기지 타격",World
이란 하메네이 군사고문 “동결자산 240억 달러 해제하면 길이 열릴 것”,World
이스라엘·헤즈볼라 충돌 격화…레바논 남부 맹폭,World
"헤즈볼라, 미 중재 휴전안 거부…이스라엘, 레바논 남부 맹폭",World
"‘탈원전 주도’ 유럽, 전쟁·AI에 백기…너도나도 “원전 어게인”",World
국제우주정거장 공기 누출... 우주비행사들 2시간 동안 대피,World
호르무즈 기싸움…이란 자폭드론 날리자 미군 즉각 대응,World
"미군, 호르무즈 해협 향하던 이란 드론 4대 격추",World
'中부품 빼라' 美. 멕시코에 車 무역합의 변경 추진,World
트럼프 “이란서 빨리 빠져나올 시점…합의든 강경 방식이든”,World
"‘남태평양의 수도’ 피지, 중국에서 쿼드로 기울까 [.txt]",World
‘본국 가서 신청하라더니’…美 영주권 새 지침 급제동 건 속사정,World
"이란 ""공은 트럼프 코트에""…동결 자금 해제 압박",World
"트럼프, 이란과 빠른 마무리 의지 재차 강조",World
"트럼프 美 대통령 ""이란에서 빨리 빠져나올 시점""",World
"“가수도 없고 돈도 없고”...트럼프 건국 250년 행사, 결국 국립공원 입장료 빼쓴다[1일1트]",World
비트코인 결국 6만달러 붕괴…'반토막 쇼크'에 투자자들 패닉,World
"미군, 이란 드론 4대 격추 해안 레이더 타격",World
"코로나·메르스 한방에 잡나…英, AI 기반 '범용 백신' 인체 임상시험 완료",World
"하메네이 측근 ""미국과의 협상, 240억달러 동결 자산 해제에 달려""",World
"트럼프 ""이란 협상 잘 진행되고 있어""...이란 ""공은 트럼프에""",World
김정은 만나는 시진핑…‘핵보유 용인’ 선물주고 ‘동해 진출’ 받을까,World
"스페이스X, IPO 직전 구글에도 클라우드 임대…월 1.4조원 규모",World
"""열심히 일해도 월급 그대로"" 불만 폭주…'경력 정체' 공포 [한명현의 오피스로그]",World
[아프리카인물열전] (23)'최초 흑인 유엔 사무총장' 코피 아난,World
UFO 영상 쏟아내는 美 향해…中 학계 “핵심 근거는 다 뺐다”,World
"헤즈볼라 없는 휴전, 하루도 못 가 휴지조각 위기…헤즈볼라와 이스라엘 교전 이어져[트럼프 2기]",World
"미국, '중국부품 빼라' 멕시코에 자동차 무역합의 변경 추진",World
"“韓이 반미? 시대착오적…李, 한미동맹 의미 이해”",World
"이란 ""미사일 쏴 미 군함 퇴각...동결자금 해제하라""",World
"""대화 상황 좋다""‥""동결 자금 해제 먼저""",World
[특파원 시선] 중국이 말하는 '안정'…그 속에 담긴 자신감,World
"트럼프, 안보 우려에 ‘AI 규제 반대’ 후퇴하나 [이주의 워싱턴]",World
美금리인상 기대강화 주식·채권·금 동반 급락…달러 강세,World
"이란 핵 합의 임박?…미 협상팀, 핵 전문가들과 회동",World
"美정부, AI기업 지분 보유 검토…트럼프 ""곧 그들과 만날 것""",World
美 증시서 마이크론 13%↓…코스피 ‘검은 월요일’ 우려,World
"""트럼프가 37조 동결 해제로 협상 교착 풀어야"" 공개 요구",World
"마이크론 -13%, 나스닥 -4.2% 급락…원달러 환율 1,555원",World
"[르포] 하늘엔 배송드론, 거리엔 청소로봇… APEC 앞둔 선전 가보니",World
美 흔들리는 사이 中 ‘판’ 깔았다…하루 만에 드러난 세계 지각변동 [글로벌 모닝 브리핑],World
이란 전쟁으로 저가 항공의 시대 끝나나 [PADO],World
첨단기술 전쟁의 위험한 착각 [PADO],World
"모건스탠리, 스페이스X 2040년 매출 약 5300조원 전망",World
고용 호조에 美국채 금리 급등...마이크론 13% 폭락 [데일리국제금융],World
"이란 하메네이 최측근 ""240억달러 해제하면 길이 열릴 것""",World
비트코인 한때 6만달러선 무너져…트럼프 2기 당선 후 처음,World
"이란과 MOU 가까워졌나…미 협상팀, ‘핵무기 고향’ 오크리지 방문",World
구글 이어 메타도 'AI 투자' 위한 유상증자 카드 '만지작',World
루마니아서 우크라 해상 드론 폭발...동유럽 긴장 고조,World
'9주 랠리' 끝 3대 지수 모두 하락 마감…금리 인상 우려↑[뉴욕마감],World
"이란과 MOU 가까워졌나…美협상팀, '핵무기 고향' 오크리지 방문",World
"트럼프, 강한 고용지표에도 금리 인하 압박…""케빈 연준 의장의 몫""",World
"모즈타바 하메네이 최측근 ""평화 합의, 동결 자산 해제 동의 달려""",World
"위기의 레바논 휴전안...레바논 대통령 ""이란, 레바논 이용 말라""",World
이란 최고지도자 군사고문 “240억 달러 동결 자산 해제가 협상 관건”,World
"""1억3000만원으로 키 8㎝ 연장, 후회 없다""…'사지연장술' 받은 美 변호사",World
"모즈타바 최측근 ""트럼프가 동결된 37조 해제로 협상교착 풀어야""",World
"트럼프 풀테 낙점은 '국가정보국 해체' 포석(?)…""지나치게 비대…불필요하다""",World
"모즈타바 최측근 ""트럼프가 37조 동결 해제로 협상교착 풀어야""",World
"러, 아르메니아 친서방 방지 고심…7일 총선 앞두고 대량 허위 정보 유포",World
"일본, 또 한국에 ""군수물자 나누자""...왜？",World
100일 맞는 이란 전쟁...종전 논의는 두 달째 '교착 상태',World
ISS 공기누출로 우주비행사들 2시간 동안 대피,World
"레바논 ""이란, 우리를 대미 협상카드로 사용…용납할 수 없어""",World
서방에 기대는 헝가리-아르메니아 vs 러시아에 기우는 발칸국[글로벌 포커스],World
"푸틴 “젤렌스키 서한 무례, 만남 무의미…군사작전 계속”",World
"푸틴, 젤렌스키 공개 서한 통해 요청한 대면 회담 거부 “의미없어”",World
"푸틴, 젤렌스키 직접 대화 요청 거부…""만날 이유 못 찾겠다""",World
"푸틴 ""젤렌스키 서한 무례, 만남 무의미…러군 계속하라""",World
"""이란 해군, 미 구축함에 경고 사격해 후퇴시켜""…미군은 부인",World
"英·佛·獨 정상, 7일 런던서 젤렌스키 만난다",World
"시진핑, 8일 방북… 1박2일 국빈 방문",World
"오르반 사라지자, 우크라 EU 가입 문 열렸다",World
호르무즈서 돈 받겠다 고집하는 이란 “통행료 아닌 서비스 요금”,World
"이탈리아, 40년 만에 원전 재개… 日, 노후 원전 5기 재건축하기로",World
"나사, 국제우주정거장 비행사들에 내린 긴급대피령 해제…본 모듈로 돌아가",World
"푸틴 ""타협할 수 있어""...젤렌스키 ""만나자"" 공개 서한",World
"푸틴 ""유럽 공격적 대러정책, 국제안보 훼손…中·러 모범적 관계""",World
"“시 주석, 러 동맹·대중 의존도 낮아진 대담해진 독재자와 마주할 것”",World
"레바논 대통령 ""이란, 우리를 對美 협상카드로 사용…용납 못해""(종합)",World
"'본국가서 신청' 지침 완화하나…""美, 강화한 영주권규정서 후퇴""",World
전쟁도 협상도 손끝에서… 한밤 SNS에 가위눌린 세계,World
"이란 해군, 호르무즈 통과 시도 美 구축함 공격 주장…미군 부인",World
"‘감자튀김 원조’ 벨기에, 감자 공짜 나눔하는 이유는?",World
"국제우주정거장 내 공기 유출로 비행사 7명, 타고온 우주선 내로 대피",World
"레바논 대통령 ""이란, 우리를 對美 협상카드로 사용…용납 못해""",World
"러 특사 ""'푸틴-트럼프 터널' 중국도 참여할 수 있을 것""",World
"이란 ""美 구축함에 경고용 미사일·드론 발사""…美 ""사실무근""(종합)",World
"""한국, 3.4조 원 수소 트럭 투자""...캐나다 잠수함 막판 수주전",World
"미 상원, 트럼프의 추종자 보상기금 '금지' 없는 이민기관 특별예산 통과돼",World
젤렌스키-푸틴 ‘종전 담판’ 마크롱 “때 됐다”,World
"이스라엘, 아제르바이잔에 이란 공격 비밀 전진 기지 운영-CNN",World
"이스라엘, 아제르바이잔에도 비밀기지?…CNN “이란 공격 거점”",World
"미, EU ‘탈미국’ 기술 드라이브에 우려…“중국과 AI 전쟁 중”",World
"이란 매체 ""美 구축함, 미사일·드론 경고 사격에 퇴각""",World
"외신 “시진핑, 北 환심 사러 평양 간다”…북·러 밀착 견제 분석 잇따라",World
이란 해군 “美 구축함에 미사일·드론 경고 사격” 주장,World
"이란 해군, ""美 구축함에 경고 사격""...미군은 부인",World
루마니아 또 드론 비상…이번엔 우크라 해상 드론 폭발(종합),World
"시진핑, 7년 만에 訪北…美 주도 질서 맞서 대항 중심축 과시?",World
"이란 ""美 구축함에 경고용 미사일·드론 발사""…휴전 중 또 충돌",World
"""이란 해군, 美 구축함에 미사일·드론 경고 사격""<이란 매체>",World
"“이스라엘, 아제르바이잔에도 비밀 군사기지…대이란 작전 준비”",World
"""원전 100개 필요없다""…스페이스X의 야심작 뭐길래",World
공화당 이탈표로 우크라이나 지원법 하원 통과…트럼프 또 정치적 타격,World
오만 원유터미널서 폭발…이란 침묵·미국 압박 속 중동 긴장 고조,World
"""이스라엘, 아제르바이잔에도 비밀기지…이란 공습 준비""",World
전쟁 나서 경제 무너지는데…“집 사려고 줄 섰다” 부동산에 돈 몰리는 이란,World
"""이스라엘, 아제르바이잔에도 비밀 군사기지…대이란 작전 준비""",World
푸틴 손에 들어간 젤렌스키 서한…정상회담 물꼬 트이나,World
"푸틴, 젤렌스키 '직접 회담' 제안 보고받았다",World
[포착] F-47 닮은 美 6세대 시험기?…51구역서 미확인 기체 잡혔다 [밀리터리+],World
"스페이스 X, 우주 데이터센터 공개…공모주 1분 만에 완판",World
"시진핑, 2019년처럼 1박2일 방북…‘실무형 정상외교’ 방침",World
"중국, 북중 정상회담서 '두만강 통한 동해 진출' 접점 찾나",World
"독일도 유엔 발빼나…이사국 탈락에 ""분담금 삭감해야""",World
"헤즈볼라·이란, 미 중재 휴전안 거부…“이스라엘군 완전 철수해야”",World
"트럼프, ‘전쟁 권한 제한’ 결의안 통과에 분노…쿠바 대통령에 제재 부과",World
"푸틴 경제 책사 ""러시아 성장 동력 소진…새 경제모델 필요""",World
"中, 양자컴 초고속 메모리 시연…빅데이터 난제 푸나",World
"5300년 전 미라 효모로 구운 빵 나왔다…""다음 타깃은 고대 맥주""",World
북중 정상회담서 中 숙원 '두만강 통한 동해 진출' 접점 찾나,World
"""중국 자본 다 빠져나가게 생겼다""…초강력 통제 나선 中",World
"독일도 유엔서 발빼나…이사국 탈락에 ""분담금 삭감해야""",World
"""북한처럼 낯 뜨거운 아부를!"" ""오 마이 갓!"" 트럼프 '핵심 장관들' 청문회 '격분'…""한국이 친중을!"" 주요 장면 요약 (트럼프 NOW)",World
"탈출구 못 찾는 우크라전쟁…푸틴, 젤렌스키의 종전 회담 제안 일축",World
"독일의 부활 외쳤지만…메르츠 총리, 안보리 탈락 '굴욕'",World
"눈 떠 보니 계좌에 '33조' 찍혀…은행 달려갔더니 ""못 믿겠다""",World
"꼬이는 종전협상…""네타냐후, 휴전안 내각 표결 거부""",World
"""직접 만나서 담판 짓자""… 푸틴에 공개 서한 보낸 젤렌스키",World
"習, 북중러 동맹 강화 행보 …'反서방연대'로 美에 존재감 과시",World
[영상] 위성에 포착된 中 신형 잠수함…함교탑 없앤 유선형 선체,World
"독일, 안보리 입성 실패 수모…‘강한 독일’ 메르츠도 흔들",World
"시진핑, 7년 만에 방북…日 언론도 신속 보도",World
출구 안 보이는 러·우크라 전쟁…민간인 사상자 눈덩이,World
비경수로 SMR 속도내는 美…“안타레스 상용화 관문 넘어”,World
"두산, 英SMR 사업 참여에…현지서 ""공급망 위협"" 반발 커져",World
"팬 지갑서 지폐 꺼내 사인한 젠슨 황…""값 매길 수 없는 물건""",World
위성에 포착된 중국 신형 잠수함…함교탑 없는 ‘바닷속 유령’ 가능성,World
"미국, 쿠바 현직 대통령·카스트로 일가 동시 제재…정권 압박 최고조",World
"美 하원, 트럼프 반대에도 우크라 지원안 통과…공화당 18명 이탈",World
"이란·파키스탄, 키르기스서 회동…휴전 협상 돌파구 찾나",World
레바논 휴전 거부와 이란의 '연동 전략' : 헤즈볼라가 멈추지 않는 진짜 이유와 글로벌 경제 파장 [스프],World
"[영상] ""러시아 보복 우려""…美 토마호크 미사일 독일 배치 물 건너가나",World
"러 외무 ""우크라 관련 대미 협상 '악순환' 빠져 제자리 걸음""",World
[자막뉴스] 트럼프의 무리한 '가스라이팅'...미국은 이미 폭발 직전,World
"시진핑, 8∼9일 7년만에 북한 방문…美에 맞서 북중러 연대 모색",World
“믿을 수 없었다”…평범한 튀르키예 남성 계좌에 33조원 입금 ‘황당’,World
길어진 호르무즈해협 봉쇄에… 세계 석유 지도 다시 쓰는 걸프국들,World
"“삼전 직원 페라리 뽑는데, 우린 도요타 한 대 값도 못 받아”···‘삼전닉스’ 성과급 논쟁, 일본서도 관심",World
AI 매출 5년 내 100배 뛴다?...스페이스X 2600조원 몸값 논란,World
“이게 휴전이라고?”…공습·로켓 계속된 트럼프 중재안의 민낯 [핫이슈],World
"美석유업계 ""재고 위험수위…이달말 유가 치솟을 수도"" 경고",World
AI가 설계한 '슈퍼 항원' 첫 사람 대상 시험…코로나 계열 백신 새 길 열리나,World
"물병 집어던질까봐?…폭염 월드컵 경고에도, 물병 반입 금지?",World
[영상] 러 자폭 드론 직격에도 끄떡없는 우크라 방탄 험비,World
"시진핑, 8∼9일 7년만에 북한 방문…美에 맞서 북중러 연대 모색(종합2보)",World
올 첫 해외 방문지로 '북한' 찍은 시진핑…그 속내는?,World
"헤즈볼라, 이스라엘-레바논 휴전 합의 거부…미-이란 종전협상 ‘암운’",World
"""시진핑, 러 밀착 김정은 달래기…비핵화·북미대화 요구 힘들어""",World
"푸틴, 유럽 중재역할 거부…""슈뢰더는 괜찮지만 EU 중립성 없어""",World
시진핑-김정은 7년 만의 재회…美·日 견제 노림수,World
7년만에 방북하는 시진핑…'중재자' 자임하며 美주도 질서 맞서,World
"우크라지원법 미국 하원 통과…""공화 18명 반기에 트럼프 또 타격""",World
美 방송의 자존심 '60분'에 무슨 일이…간판기자까지 잘렸다,World
태양광패널 가격 폭락에…中 태양광 기업들 'ESS 전환' 가속,World
"인텔, 반도체 공장에 히타치 AI시스템 채택…""TSMC·삼성 추격""",World
"우크라지원법 美하원 통과…""공화 18명 반기에 트럼프 또 타격""",World
"""이길 거야"" 되뇌지만… 이스라엘·이란 도발에 속수무책 트럼프",World
"""비트코인, 6개월 이내 70% 폭락 가능…장기적 50만 달러 전망""",World
"美, 獨에 병력 이어 토마호크 배치도 취소 검토",World
"“트럼프 이란전 핵심 전력이라더니”…美핵항모, 침실까지 탔다 [밀리터리+]",World
"""블랜치가 엡스타인 파일 공개 총괄""…법무장관 지명자 인준 변수",World
"‘반란표’에 ‘유가 대란’ 진퇴양난…트럼프, 농축 우라늄까지 포기?",World
"""최고의 아기"" 광고 회사까지 뛰어든 배아 편집…우생학 논쟁 다시 불붙었다",World
구리값 뛰자 수도계량기까지 싹쓸이…日 공영주택 빈집 노렸다,World
"日, 2050년대까지 원전 최대 14기 재건축...'원전 시대'로 복귀",World
북·러 밀착 속 평양 찾는 시진핑…中 영향력 재확인 나서(종합),World
한국 도착하자마자 신난 젠슨 황...얼마나 큰 선물 보따리기에 '자신만만' [지금이뉴스],World
"미 석유업계 ""이달 말 기름값 폭등 온다""…트럼프 행정부에 경고",World
"""월가보다 개미""…스페이스X, IPO 물량 최대 25% 개인투자자 배정",World
미 하원 '전쟁 권한' 제동‥겉도는 종전협상,World
콜롬비아 극우 대선후보 알고보니 美 이중국적…대통령 취임 가능할까,World
美서 60년 만에 '살 파먹는 구더기' 감염 확인…소고기 파동 우려,World
"英정재계, 두산의 롤스로이스SMR 핵심부품 제작 수주에 반발",World
"""고객사 AI 수요 맞춰"" TSMC, 美애리조나 공장 부지 추가 확보",World
"젠슨 황, 11일 美 상원 청문회 출석 요청 받아",World
쿠바 옥죄는 트럼프...카드결제 중단시키고 권력층 돈줄도 차단,World
돈 빼려 했더니 절반만 돌려줬다…블랙스톤 사모대출펀드 첫 환매 제한,World
"""평생의 기회"" vs ""거품 우려""…미국 IPO 시장 '광풍'",World
"시진핑, 8~9일 북한 국빈방문…'영향력' 재확인",World
[자막뉴스] 잿더미로 변한 美 제럴드 포드 호...복귀까지 최소 1년 예상,World
전직 주한 미 대사들 “이재명 정부 ‘친중·강경 좌파’라는 평가는 과장”,World
TSMC 회장 “젠슨 황 방한 이유는 메모리 때문···비메모리·파운드리는 대만이 우위”,World
"""한국 중요성 커졌다""...젠슨 황 7개월 만에 또 방한, 외신의 분석",World
"이란 혁명수비대 “이스라엘, 미·이란 전쟁 이전 지점으로 철수해야”",World
"트럼프 ""이란전 우리가 승리""…레바논 휴전도 낙관",World
"전직 주한미국대사들 ""이재명 대통령, '반미친중' 아니다""",World
"미, 쿠바 대통령·카스트로 일가까지 제재 대상에…양국 긴장 고조",World
트럼프 ‘제조업 황금기’ 공언했지만… 美 공장 투자·고용 모두 하락세,World
"존재감 커진 北…시진핑, 7년만에 북한 방문(상보)",World
"시진핑, 방한 7개월만에 평양行…미·중, 대만·북한 전략적 딜 이행 차원",World
'진작 호르무즈 돈 걷을 걸 그랬네'…'미국 덕'에 숨겨진 핵무기급 힘 깨달은 이란,World
"드론 공격 추정 '폭발'…""오만 원유터미널 선적 중단""",World
140년 은광도 상장 첫날 27% 폭등…美 공모 시장 '광풍',World
"[자막뉴스] ""이재명 정부, 한미동맹 위협"" 논란에...美 대사들 전격 해명 나서",World
AI 열풍에 땅 사들이는 TSMC… 美 공장 부지 추가 매입,World
프랑스 교육장관 ‘망신’…“철자 틀리면 감점”이라더니 무슨 일?,World
"젠슨 황 ""한국 위한 깜짝 선물 있다…로봇·피지컬AI 적용 기대""",World
"""싼 광섬유 드론에 허 찔렸다""…헤즈볼라 전술에 이스라엘 곤욕",World
"성능 앞 장사 없나…美 NSA, 사이버 공격에 앤트로픽 ‘미토스’ 사용",World
[자막뉴스] 캐나다 잠수함 막판 수주전...한국이 내놓은 초특급 카드,World
트럼프 “카터처럼 되고 싶지 않다”…특수부대 이란 투입 계획 접어,World
"의사당 폭도에서 대테러 담당으로…1·6의회 난입 가담자, 미 국방부 요직 발탁",World
"""北, 러서 드론전 배워…대단한 발전""",World
“비자·마스터카드 쓰지마” “그럼 뭘 써요”…미국이 경제 사형선고 내린 이 나라,World
"“김정은, 푸틴에 너무 붙었나”…시진핑 7년 만의 평양행, 진짜 이유 [핫이슈]",World
"“이틀 새 3조6700억원어치 팔았다”…장기 보유자도 던진 비트코인, 약세장 끝물 신호?",World
[자막뉴스] 로켓 폭발에도 거뜬한 머스크? 전 세계 미치게 하는 '사상 최대 규모',World
"""AI 수요에 미국 가스발전 '르네상스' 도래""",World
"가수들 줄줄이 '보이콧'...트럼프 ""콘서트 대신 건국 250주년 기념집회""",World
"스페이스X IPO 출격…골드만 ""2030년 AI 매출 100배 성장""",World
"이란, 호르무즈 해협 통제권 강화…""세계 경제 뒤흔들 핵옵션 확보""",World
"오만, '이란 단교' 美압박에 ""호르무즈 합법체제 논의중"" 선긋기",World
"월가 관행도 무시...사상 최대 '2,700조 원' 상장 초읽기",World
이스라엘·레바논 휴전 합의 하루 만에 무력 충돌…트럼프는 “협상 진전”,World
"헤즈볼라는 휴전이행 거부, 이스라엘도 공습 계속",World
트럼프 휴전안에 버티는 헤즈볼라·이스라엘…오만도 말 안 듣는다,World
"이재명 정부가 반미?‥전 주한미대사들 ""동의 못 해""",World
美서 러까지 차 타고 갈까… 베링해협 해저터널 추진,World
"김영훈 노동장관 ""AI 반도체 초과이익, 협력사와도 나눠야""",World
트럼프 일가 알바니아 '6조 리조트'…닷새째 반대 시위,World
"시진핑, 8∼9일 7년만에 북한 국빈방문…김정은 집권 후 두번째(종합)",World
"""美, 독일 토마호크 배치 철회 검토…러시아 보복 우려""",World
브로드컴 AI 전망 '실망'…亞 반도체주 줄줄이 급락,World
“문서로든 군사적으로든 미국이 승리”…이란과 협상 중에도 '승리' 집착하는 트럼프,World
"""AI 매출 100배 성장해야""…스페이스X, 로켓보다 AI에 미래 건다",World
"최강 '미토스' 만든 앤트로픽, 왜 ""첨단 AI 개발 늦춰야"" 주장하나",World
이란 “호르무즈 요금 받겠다”…통행료 아닌 서비스 비용 내라는데,World
[다음주 경제일정] 美 5월 CPI 주목…'세기의 IPO' 스페이스X 12일 상장,World
"한 번 충전에 1000㎞ 간다더니…도요타, 렉서스 차세대 EV 접었다",World
아시아 반도체주 급락…브로드컴 실적 충격에 AI주 차익실현,World
[이번 주 뉴스메이커] 도널드 트럼프·젠슨 황·레이 달리오·댄 아이브스,World
스페이스X 상장 A to Z…샴페인 터뜨릴까?,World
"헤즈볼라 합의안 거부…이·레바논 휴전 무산 위기, 미·이란 종전협상도 흔들",World
"외신 ""지방선거, 李 대통령 지지세 반영…서울 결과는 정권 견제 신호""",World
"[속보] 시진핑 주석, 7년만에 北 국빈 방문…김정은과 정상회담",World
AI 기대 너무 높았나...브로드컴 하루 만에 시총 440조 증발,World
"“미국, 독일 토마호크 배치 철회 검토…러시아 보복 우려”",World
"외신 ""李대통령 인기로 與 승리…서울 패배는 상징적 타격""",World
[영상] 이착륙 중이었다면 어쩔뻔…독일 여객기 랜딩기어 고장나 '폭삭',World
"중국 당국 “시진핑, 8∼9일 북한 국빈방문”",World
日다카이치 내각 20대 지지율 첫 50% 붕괴…'고물가' 직격,World
이란 “통행료가 아닌 서비스 요금”…호르무즈 수수료 방침 재확인,World
“수주 안에 유가 급등할 것”… 트럼프 행정부에 경고 보낸 美 석유 업계,World
아버지와 상반된 입장 내놓은 트럼프 장남 “中에 투자하지 말아라” 경고,World
"트럼프 ""모즈타바 만나면 영광""...""미국인 대부분 승리 안 믿어""",World
"젤렌스키, 푸틴에 우크라 전쟁 종식위한 정상회담 제안",World
"트럼프, 이란전 장기화에 정치적 부담 커져…휴전·핵협상 모두 난항",World
"젤렌스키, 푸틴에 첫 공개서한 ""직접 만나자""…러 ""모스크바 와라""(종합)",World
먹던 탈모약 어디 갔나…트럼프 의료보고서에 빠진 한 줄,World
중동 불안에 금값 더 오른다더니…日 금도 달러 강세에 눌렸다,World
"“엄마, 대학 안 가도 되겠더라” 기술 배워 돈 벌러가는 中 청년들…한국은?",World
"푸틴 ""작년 트럼프 평화안 수용 가능…우크라 동의해야""(종합)",World
흔들리는 레바논 휴전…트럼프는 연일 낙관론,World
"'레바논 암초' 美·이란 협상 교착 길어져…헤즈볼라 ""휴전 거부""",World
"[트럼프 스톡커] 염전 노예에도 관세 매기는 美, 15%로 끝나길",World
"이란 혁명수비대 ""이스라엘, 전쟁 전 위치로 철수해야…휴전안 반발""",World
전직 주한미국대사들 “이재명 정부 반미 아니다…한·미동맹 가치 이해하고 있어”,World
"스페이스X IPO 띄우는 골드만삭스 ""AI 매출 5년 새 100배 급증""",World
"젤렌스키 “푸틴, 만나서 담판 짓자” 첫 서한…푸틴 “협상 위해 전쟁 멈출 필요 없어”",World
"""몇 주 내 유가 급등 가능성…미 석유업계, 정부에 경고""",World
호르무즈서 통행료 대신 서비스 요금 받겠다는 이란,World
"스페이스X, S&P 500 편입되려면 1년 기다려야",World
"호르무즈서 꼭 수금하겠다는 이란…""통행료가 아닌 서비스 요금""",World
5300년전 미라 내장에서 발견된 '효모'… 빵으로 만들어보니,World
"이란 ""호르무즈 통행 시 수수료 징수""…美는 2차 제재 경고",World
"TSMC 회장 ""젠슨 황 韓서 뭐 먹을지도 안다""…韓과 AI 동맹 경계",World
“미군만 안 죽으면 된다?”…트럼프 휴전론 속 쿠웨이트 공항 뚫렸다 [핫이슈],World
"""몇주내 유가급등 가능성…美석유업계, 정부에 경고""",World
"""이제 카드까지 못 쓴다고?""… 美 트럼프 압박에 쿠바 경제 '와르르'",World
“이란과 관계 끊으라” 미국 압박에 오만 저항,World
"한국계 미셸 스틸, 주한 美대사 인준 눈앞… 상원 외교위 통과",World
"트럼프 ""이란전서 문서상이든 군사적으로든 미국이 승리할 것""",World
통행료가 싫다면 서비스 요금으로…이란 “호르무즈서 반드시 비용 부과”,World
"이란, 호르무즈 수수료 방침 재확인…""서비스 요금""",World
"석유업계, ""몇 주 안에 유가 급등 위험 크다"" 경고",World
"스페이스X, S&P500 '신속 편입' 안된다…1년 기다려야",World
"젤렌스키, 푸틴에 ""만나서 얘기하자"" 공개서한",World
"예상밖 선전으로 공세 쥔 젤렌스키, 푸틴에 “만나서 얘기하자” 평화 회담 ‘압박’",World
“호르무즈 개방되면 3개월내 前생산량의 70% 회복”-우드맥켄지,World
"로이터 ""젠슨 황 7개월만에 또 방한…韓 AI 전략적 중요성 반영""",World
"""이 대통령 지지세 확인했지만…"" 외신이 본 지방선거는?",World
"앤트로픽 ""AI 스스로 후속 모델 개발할 위험…제어장치 필요""",World
"美, 쿠바대통령·카스트로 가족 등 전·현 최고권력층 제재(종합2보)",World
'닷컴 버블' 직전에도 이랬는데...웃고 있지만 공포에 떠는 월가 [굿모닝경제],World
"""美·러 본토 연결할 베링해협 터널 설계 협정 체결 예정""",World
"""이란과 관계 끊으라"" 미국 압박에 오만 저항",World
“유럽은 중국에 대한 일관된 전략이 없다”-피터슨연구소,World
"트럼프 ""모즈타바 하메네이 만나면 영광…예의 갖출 것""",World
"우크라 대표 드론 제조사 ""북한, 러시아서 드론전 배워…대단한 발전""",World
"이란 ""헤즈볼라 안보 없이 중동평화 없다""…종전 핵심 조건 고수",World
"스페이스X 역대 최대 IPO…머스크, 인류 최초 '조만장자' 되나 [소셜픽]",World
헤즈볼라도 이스라엘도 불만인 휴전 합의…종전 협상에 암운,World
브로드컴 쇼크에 반도체 매도·비기술주 매수,World
중간선거 앞두고 공화당-트럼프 '균열'…잇달아 '반란표' [이상은의 워싱턴나우],World
"뉴욕증시, 브로드컴 급락에 혼조세…다우는 최고치 마감",World
"젤렌스키, 푸틴에 ""만나 얘기하자""…공개서한으로 종전협상 압박",World
"트럼프 ""이란戰 어떤 식으로든 승리…합의 시 모즈타바 만날 수도""",World
"다카이치 앞에서 ‘진주만’ 꺼냈던 트럼프, 이번엔 ‘미드웨이’ 찬양",World
빌 게이츠·SK가 점찍은…'미래 원전' 현장을 가다,World
"이란 외무차관 ""완전한 국익보장 전엔 美와 어떤 합의도 없다""",World
"젠슨 황, 美상원 청문회 출석할까…중국 AI 칩 판매 도마 위",World
"美국무, 이란의 쿠웨이트 공항 공격 규탄 ""용납 불가""",World
"“김일성광장서 무슨 일이?”…평양 한복판 대형 공사, 시진핑 방북설 급부상",World
"‘카드결제 중지, 호텔도 철수 러시’…붕괴 위기? 美트럼프 압박에 휘청이는 쿠바",World
“트럼프 탈모약 숨겼나”…백악관 의료기록서 사라진 '프로페시아' 논란,World
AI 전력 확보 전쟁…미국 차세대 원전에 한국 기업 가세,World
"트럼프 ""결국 美 승리...이란 최고지도자 만나면 예의 갖출 것""",World
[비즈 나우] 부채가 만든 '독이 든 성배'…반도체 초호황 제동?,World
AI 시장 5조달러? 허술한 셈법에 들뜬 IPO 시장,World
"젤렌스키, 푸틴에 공개서한…""직접 만나 담판 짓자""",World
'버블 신호' 140년 은광도 뉴욕증시 상장,World
헤즈볼라 반발에 휴전 합의 위태…중동 전쟁 '안갯속',World
"트럼프 ""이란 농축우라늄 확보 합의 필요없어…어떤 방식이든 승리""",World
“철자 틀리면 감점” 외친 교육장관…생방송서 받아쓰기 오답 망신,World
"[부자들의 투자노트] 찰스 슈왑 ""대형 기술주 외에도 투자 기회 많아""",World
트럼프 “쿠바 정권 제거해야”…수뇌부 전체 ‘블랙리스트’ 올렸다,World
AI·우주기업 상장 광풍…140년 된 은광도 뉴욕증시 달궜다,World
"""반도체 랠리 피로감""…브로드컴 12%↓·마이크론 7%↓",World
"휴전 '무용지물'…이스라엘·헤즈볼라 ""철수 못해""",World
"美, 쿠바 대통령·카스트로 가족 등 전·현 최고권력층 제재(종합)",World
"트럼프 “헤즈볼라, 상황 주시하는듯…이란戰, 문서든 군사든 우리가 승리”[1일1트]",World
트럼프 “종전 협상으로든 군사행동으로든 결국 미국이 승리”,World
미셸 스틸 주한 미국대사 지명자 인준안 美상원 외교위 통과,World
"외신 ""지선 결과, 이 대통령 지지세 반영"" 평가…서울시장 오세훈 승리도 주목",World
[마켓 브리핑] 일부 반도체주 차익 실현…순환매·저가 매수세 유입,World
미국 주식공모 과열 양상…140년된 은광도 뉴욕증시 상장,World
"[증시전략] 젠슨 황, 삼겹살 회동부터 시구까지 광폭 행보…의미는?",World
"“북한, 러시아서 드론전 배워…역량 급성장”",World
"베링해협에 '푸틴-트럼프' 해저터널?...러 경제특사 ""설계 협정 예정""",World
“한국 정부 좌경화 됐다” 질문나온 美장관 청문회…그의 대답은,World
"마이크론 -7% 반도체 약세…""가격 우려""",World
"국제유가, 3%대 하락…WSJ ""트럼프, 이란과의 전쟁 재개 꺼려""",World
美 중재 휴전에도 강대강 대치…레바논 휴전 이행 난항,World
첫 양자컴퓨터 데카콘 퀀티뉴엄 상장…24조원 몸값 인정받았지만 ‘상용화’는 숙제,World
"트럼프 ""이란 모즈타바 하메네이 만나면 영광…예우 갖출 것""(종합)",World
"전 美대사들 ""이재명 정부가 반미?…동의 못해""",World
"트럼프 ""이란전, 문서상으로든 군사적으로든 우리가 승리할것""",World
"뉴욕증시, 반도체 약세·헬스케어 강세…다우 1.7%↑·나스닥 0.1%↓",World
"헤즈볼라 '휴전 합의' 거부…""점령군 철수해야""",World
"[외신 헤드라인] ""세계 경제 '스파이크플레이션' 진입""",World
"트럼프 ""이란 모즈타바 하메네이 만나면 영광…예우 갖출 것""",World
"트럼프, 석탄 부활 승부수…10년 만에 신규 발전소",World
"“푸틴-트럼프 터널 현실화?”…美·러, 베링해협 해저터널 협정 체결 예고",World
"헤즈볼라, 이스라엘-레바논 휴전 거부…이란戰 종전 협상도 '먹구름'",World
"트럼프 ""레바논 평화 진전"" 낙관론…헤즈볼라는 ""굴욕적 합의 거부""",World
‘브로드컴 실적 실망’ 뉴욕 증시 혼조...마이크론 8% 급락 [데일리국제금융],World
前 주한美대사들 “李정부에 반미표현은 시대착오적…동맹가치 잘 알아”,World
"트럼프, ‘이란戰 권한 제한’ 하원 결의안 통과에 “비애국적 행위” 맹비난[1일1트]",World
"다시 떠오른 사모신용 리스크…블랙스톤, 사모대출펀드 환매 제한 [글로벌 뉴스픽]",World
뉴욕 증시 혼조 마감… 다우는 역대 최고치 경신,World
휴전 합의하자마자 암초…헤즈볼라·이란 '반발',World
"""AI 데이터센터 우주에 띄운다""…스페이스X, 17분 IPO 영상 공개",World
'양자컴 데카콘' 퀀티뉴엄 상장…첫날 장중급등후 상승폭 반납,World
김정은 ‘핵무력 강화’ 발언에…美 “완전한 北비핵화 유지”,World
"美 국무부, 이란의 쿠웨이트 공항 공격 비난 ""용납 불가""",World
"트럼프 ""이란 최고지도자와 회담 영광""…정보수장 인선도 속도(종합)",World
외신도 주목 “李대통령 높은 인기도” “서울결과는 與견제신호”,World
트럼프 탈모약 끊었나 숨겼나…의료기록서 사라진 이유는[1일1트],World
"뉴욕증시, 혼조 마감…다우 1.7%↑·나스닥 0.1%↓",World
AI시대 전력난 돌파구… SK 손잡은 美 차세대 원전 순항,World
“1000배 더 안전한 차세대 SMR”…미국 AI 시대 에너지 확보 길 트다 [르포],World
"트럼프, 이란전 추진력 흔들···공화 4명 이탈에 군사작전 제동[글로벌 모닝 브리핑]",World
골드만삭스 “2030년까지 빅4 AI 설비투자 8000조”,World
"“UFO는 악마 소행” 美 가톨릭 대교구, 유명 구마사제 파면",World
“우리가 알던 팔라비가 아니다”···왕정복고 아이콘에서 ‘이란 극우’ 상징된 레자 팔라비,World
"우크라 대표 드론제조사 ""北, 러서 드론전 배워…대단한 발전""",World
호르무즈 봉쇄에 놀란 산유국들…바닷길 대신 송유관·철도 늘린다,World
"IRGC, 연일 헤즈볼라 타격하는 이스라엘軍에 ‘전쟁전 지점’ 철수 요구",World
휴전 발표 몇 시간 만에...'말뿐인 휴전' 레바논 남부 또 공습,World
“여기가 발리우드냐”…놀이공원서 ‘떼춤’ 춘 인도 관광객에 日 경악,World
외신들 '6·3 지선 민주당 압승' 비결로 李지지 꼽아…오세훈도 주목,World
"전직 주한 美 대사들, 李 정부 '반미친중' 논란에 ""동의 안해""",World
"美국무, 쿠웨이트 외무장관 만나 이란의 공항 공격 규탄",World
"젤렌스키 ""푸틴, 제3국서 만나 대화하자…전쟁 끝내야""",World
"푸틴 ""2030년 대선 출마, 헌법상 가능…지금 말하긴 너무 일러""",World
“AI 쓴다고 꼭 생산적인 건 아냐...토큰 맥싱은 끔찍한 생각”[김창영의 실리콘밸리Look],World
"항공기, 갑자기 지면에 '쿵'…獨 프랑크푸르트서 항공기 고장에 여러 명 다쳐",World
전직 주한美대사들 “李 정부가 반미? 동의 못할 시대착오적 주장”,World
‘투표용지 부족’ 처음이 아니다? 해외에서는 어떻게 처리했나,World
"前주한미국대사들 ""'韓, 친중·좌경화' WSJ칼럼, 동의 안해""",World
"미·이스라엘·레바논, '헤즈볼라' 빼고 휴전? 휴전에도 폭격한 이스라엘, 약속 지킬까[트럼프 2기]",World
"美, 나토에 “군용기·군함 뺄 테니 알아서 메워라” 통보",World
"트럼프, 석탄산업 부활에 1조원 투입…발전소·수출터미널 투자",World
AI 붐에 밀려난 포르쉐 지주사…DAX지수서 퇴출,World
"젤렌스키, 푸틴에 공개서한…""만나서 담판 짓자""",World
AI 열풍에 車 업계 뜻밖의 재평가…포드가 데이터센터 수혜주?,World
"전 주한 미국대사들 ""한국 정부가 '반미주의'? 시대착오적""",World
투자 늘리면 뭐하나…美데이터센터 절반 첫삽도 못 떠,World
헤즈볼라도 이스라엘도 불만인 휴전합의…종전협상에 암운,World
"""역대 최연소 제재 영예""…러시아 돈세탁 폭로한 영국 고교생",World
"푸틴 ""오레시니크 지금까지는 시험발사…우크라 전장서 패배시킬 것""",World
"우크라, 국제포럼 개막 맞춰 러 제2도시 드론 공격",World
"이스라엘-레바논, 美중재에 휴전… 트럼프 “소규모 충돌은 감수”",World
"美 국무장관, 쿠웨이트 외무장관 만나 이란의 공항 공격 규탄",World
北 김일성광장 공사 정황…시진핑 방북 관측 제기,World
"美, 김정은 '핵무력 강화' 발언에 ""완전한 北비핵화 기조 유지""",World
“미·러 잇는 베링해협 해저터널 협정 체결 예정”,World
美하원도 종전결의안 채택… 트럼프 '딜레마',World
"전직 주한美대사들 ""이재명 정부, 친중정책 편다 보지않아""",World
"전 주한미대사들 ""이재명 정부, 反美 아냐…한미동맹 가치 이해""",World
헤즈볼라 휴전 거부…종전 협상 최대 걸림돌 된 '레바논',World
"이란 협상단장 ""이란 공짜 위협 시대 끝나…어떤 공격도 비례적 대응""",World
외신 “李대통령 지지세 작용…서울 패배는 부동산 평가 반영”,World
"IAEA ""3개월 전쟁에도 이란 핵 프로그램에 큰 변화 없어""",World
AI 붐에 밀려난 독일차…포르쉐 지주사 DAX지수서 퇴출,World
빌 게이츠·SK이노베이션 손잡고… 美 고원에 첨단 원전 짓는다,World
"푸틴 측근 ""미·러, 5일 베링해협 해저터널 협정 체결 예정""",World
취업 너무 잘돼도 걱정 많은 日 대학생들,World
"“전투기·군함 줄일테니 공백 메우라” 美 유럽사령관, 나토 동맹국에 통보",World
“SMR은 안전… 인구 밀집 지역에 건설해도 문제 없어”,World
"美, AI시대 전력난 해결할 SMR 건설 착착… SK도 발맞춰 뛴다",World
"외신 ""6·3 지방선거, 이대통령 리더십 확인…서울 패배는 타격""",World
"""미·러, 베링해협 '푸틴-트럼프' 터널 협정 체결 예정""",World
한국 자본·기술과 손잡은 AI 전력 해결사 미국 SMR,World
휴전에도 불씨 여전...종전 협상 뇌관 '레바논',World
쿠바 가면 이제 현금만 써야 하나…마스터·비자카드 결제 중단,World
"철자 틀리면 안된다더니…프랑스 교육장관, 받아쓰기 '망신'",World
"외신 ""지방선거, 李대통령 지지세 반영…서울결과는 견제신호""",World
"이란 혁명수비대, 이스라엘군 '전쟁전 지점' 철수 요구(종합)",World
미래 원전 짓는 게이츠…함께 웃음 짓는 최태원,World
이탈리아 40년만에 '원전 복귀' 전망…하원서 법안 통과,World
"이란 최고지도자 ""美·이스라엘은 패배…적에 동조 말아야""",World
"뉴욕증시, 레바논-이스라엘 휴전·브로드컴 실적 발표로 혼조 출발",World
"트럼프, ‘전쟁 권한 제한’ 결의안 통과에 “비애국적” 비난",World
전쟁권 제한案 통과에 트럼프 격노…“공화당 4명 부끄러워해야”,World
"러, 우크라 전역 맹공 지속…""하루 새 16명 사망·80여명 부상""",World
"“한국, ‘加 잠수함 수주’ 연계해 3조원대 ‘수소 트럭 프로젝트’ 투자 제안”",World
헤즈볼라 “이스라엘 완전 철수해야”…휴전 합의안 거부,World
"헤즈볼라, 이스라엘-레바논 휴전 합의 거부…""점령군 철수해야""",World
"트럼프, '이란전쟁 권한 제한' 하원 결의안 통과에 ""비애국적""",World
"헤즈볼라 ""레바논 당국에 휴전 제안 거부 통보…의회 의장 전달""(종합)",World
"이란 혁명수비대, 이스라엘군 '전쟁전 지점' 철수 요구",World
"헤즈볼라, 미 중재 휴전안 거부…""이스라엘군 완전 철수해야""",World
"뉴욕증시, 반도체주 하락·이란 사태 격화에 혼조 출발…S&P 0.15% ↓",World
"""佛 라팔 전투기 곧 우크라에 인도""…서방 기종이 공군 주력으로",World
"""이란전 종전 협상서 '금전 보상' 문제 급부상""… 금융 제재 둘러싸고 이견 큰 듯",World
"이스라엘 ""유엔군 사망, 헤즈볼라 소행""…헤즈볼라 ""휴전안 거부""",World
"“땅에선 기름 줄줄, 하늘선 마하 3”…세계서 가장 빠른 비행기의 비밀 [밀리터리+]",World
"모즈타바 ""사악한 적들이 전쟁서 패해 굴욕…이란 분열 시도""",World
"“아직도 그걸 하고 있어?”…‘살 사람 없는’ 비트코인, 글로벌 자산 14위로 ‘추락’",World
“나라가 망할 판” 신용카드 먹통·호텔 철수·대학 휴교…트럼프 압박에 ‘엑소더스’,World
"리투아니아, 美핵무기 자국 배치 협의 확인…핵탄두 탑재 폭격기",World
"이란 ""이스라엘, 전쟁 전으로 후퇴해야 헤즈볼라 휴전 가능""",World
"""韓, 캐나다잠수함 수주연계해 3조원대 수소트럭 투자 제안""",World
"美 대표단, '푸틴판 다보스포럼' 참석…루비오 ""공식 대표단 아냐""(종합)",World
"""친중·좌경화 한국이 결국""…루비오도 '쿠팡 두둔' 동조",World
"트럼프 “민주당, 이란 협상 실패 바라는 것”…전쟁권 제한 美하원 결의에 반발",World
"트럼프, 또 ""이번 주말에라도 합의 가능""…'이스라엘-레바논' 휴전 합의",World
"中언론 “한국 해군, 현대화에 문제 있다” 지적…진실과 거짓 구분해 보니 [밀리터리+]",World
"푸틴 보란 듯이…우크라이나, 군함·정유시설 타격",World
"""어떻게 이런 일이""…獨, 안보리 이사국 첫 탈락 '굴욕'",World
"이스라엘·레바논 휴전 합의…헤즈볼라, 철수 수용할지 미지수",World
"공화당 다수인 하원서 이란전 철수 결의안 통과…""트럼프, 백악관 밖에선 '참새' 불과""[트럼프 2기]",World
"[올댓차이나] 대만 증시, 반도체주 이익매물로 닷새 만에 반락 마감…1.68%↓",World
네 번째 표결 만에… 美하원 ‘이란전 중단 결의안’ 통과,World
"美, 나토 동맹에 “군함·군용기 감축” 통보",World
"CCTV로 본 쿠웨이트 공항 피격…트럼프, 이란 공격 두둔",World
"미 국무 ""검열로 톈안먼사태 지울 수 없다""…중 ""내정간섭""",World
"중, 타이완 방문 뉴질랜드 의원 4명 '입국 금지'…외교부간 설전",World
"""두달째 뺏긴 땅보다 더 탈환""…우크라, 장거리 드론 전략 적중",World
"우크라 'EU 가입' 협상 첫 단추 끼운다…""15일 개시 전망""",World
성폭행 의혹에 사퇴했는데 “그래도 뽑을래” 우르르…‘유령표’ 던진 美유권자들,World
"""이란, 종전 합의 즉시 금전 보상 요구…美, 직접 지급 꺼려""",World
이스라엘 “휴전에도 완충지대 유지”…레바논 공습 지속,World
"“푸틴, 2년 내 유럽 침공 가능”…‘2028년’ 콕 집은 이유 따로 있다? [밀리터리+]",World
[국제 PICK] 쿠웨이트 공항 지붕에 이란 드론 '쾅'…순식간에 '아수라장',World
"""소동파의 돼지요리, 명 황실의 북경오리…스토리 곁들인 중식, IP로 키울 것""",World
"트럼프 ""미군 사상자 나온다면 이란과 휴전 끝, 전면전 검토""",World
브라질판 시고르자브종 ‘캐러멜로’···멕시코가 대표견 선점하자 부글부글,World
독일 안보리 이사국 탈락 수모…이스라엘 편들다 미움 샀나,World
"""이란 금전 보상 문제, 종전 MOU 쟁점 부상""",World
"""러 원유, 헝가리·슬로바키아 공급 정상화…송유관 완전복구""",World
"미 국방, 노르망디 상륙작전 기념식 간다…주민들 ""오지말라""",World
"中, '대만 방문' 뉴질랜드 의원 제재…""놀랐다"" ""규탄"" 양국 반발",World
"우크라, '푸틴 고향' 상트페테르부르크 드론 공습…러 “계속 공격하면 핵무기 사용”",World
"""빼앗긴 땅보다 더 탈환했다""…우크라 드론전 통했나",World
에너지 쇼크·금리 발작…'스파이크플레이션' 진입,World
"""이란 금전 보상 문제, 종전 협상 핵심 쟁점 부상""",World
"미·이란 종전 협상 진통‥이란 ""보상 먼저"" vs 미국 ""핵 포기 먼저""",World
“마취총 쐈는데 오히려 흥분”…日 후쿠시마 제철소 곰 공격에 4명 다쳐,World
텍사스서 '살 파먹는 기생충' 나사벌레 감염 송아지 발견…60년 만에 처음,World
美 국채보다 金 쟁여놓는 각국 중앙은행들,World
인니 통화가치 역대 최저치 경신…급락한 증시도 5년 만에 최저,World
"""UFO는 마귀 장난""이라고 했다가…美 신부, 구마사제직 박탈",World
미국 중재로 이스라엘·레바논 휴전했지만…양측 공격은 계속,World
"""차세대 원전 여기서 시작""…SK가 투자한 SMR 건설 속도",World
"""이란 금전보상 문제, 종전 MOU 쟁점 부상""",World
‘러시아 다보스포럼’ 맞춰 우크라 드론 공습…전시장 창문 너머로 연기,World
"네타냐후, 美 '이스라엘 무상원조 중단' 결의안 지지…""자립할것""",World
미국 국무장관 “검열로 톈안먼사태 지울 수 없어”… 중국 “내정간섭” 반발,World
중국이 지운 ‘천안문 사태’ 37주년...美국무 “어떤 검열도 과거를 지울 수 없다”,World
"美 공화당도 ""전쟁에 지쳤다"" 반기… 트럼프, 협상서도 갈수록 곤경",World
공화 4명 이탈에 판 뒤집혀…트럼프 이란전 추진력 흔들[美-이란 전쟁],World
"""헝가리, 러·우크라 협상 중재할 수도""…신임 머저르 총리 제안",World
이스라엘-레바논 휴전 이행 합의…미·이란 협상도 물꼬 트나,World
과일향 전자담배에 속았다?…수천개 유전자 변이 시켜 암 위험 높인다,World
트럼프 '충성파' 美정보수장?…공화당도 반발,World
"이란 최고지도자 ""적들 전장서 패배하자 내부 분열 조장""",World
"美 하원, 이란전 중단 결의안 통과…'상징적 조치'",World
"금, 세계 각국 중앙은행 준비자산 1위 등극…美국채 제치고 비중 27%",World
"대만총통, 톈안먼사건 37주년 맞아 中 비판…""폭력 억압 안돼""(종합2보)",World
"전 세계 인쇄회로기판 60%가 중국산…美 ""심각한 안보 위기""",World
"“우크라 전쟁, 왜 푸틴 결심만으로 끝낼 수 없나”-포린어페어즈",World
'에베레스트 하산 중 실종' 50대 네팔인 셰르파 6일 만에 생환,World
"美 '휴전' 발표 하루 만에…이스라엘 국방 ""레바논 지상전 지속""",World
"中, 대만 방문 뉴질랜드 의원 4명 '입국금지'…외교부간 설전(종합2보)",World
"우크라, 러 페테르부르크 공습…푸틴 연설 앞둔 국제경제포럼 겨냥",World
"美 유럽 사령관, 나토 동맹에 “전투기·무인기·군함 공백 스스로 메워라”",World
“동남아인데 열흘 넘게 비가 안와요”…역대급 엘니뇨 전망에 ‘식량 위기’ 경고등,World
오세훈 역전에 '2억 4천 돈벼락' 무슨 일? [포크뉴스],World
"[올댓차이나] 美 FCC, 중국산 장비 해저통신 케이블서 배제 추진",World
"[영상] 스웨덴 사브, 브라질 공군에 '2인승' 그리펜 F 첫 인도",World
"美국무 ""검열로 톈안먼사태 지울 수 없다""…中 ""내정간섭""(종합)",World
“중국은 들켰고 러시아는 쐈다”…미 항모 압박하는 괴물 잠수함들 [밀리터리+],World
"젤렌스키 ""푸틴과 직접 협상할 준비돼…美 관심 온통 이란에""",World
"미 정보수장에 ‘트럼프 정적 저격수’ 임명…“권한 남용 할까, 소름 끼쳐”",World
[Why] “처칠 대신 개구리”… 영국이 지폐 도안을 바꾸는 이유,World
"[르포]""빌 게이츠 구상에 SK 팔걷어""…美와이오밍서 핀 '미래 원전'",World
"日증시, AI주 차익 실현에 하락 마감…닛케이지수 1.36%↓",World
이스라엘·레바논 휴전 합의로 일단 ‘급한 불’ 끈 미·이란···쿠웨이트 공습 등 불씨 여전,World
호르무즈 봉쇄 여파...美 원유재고 22년 만에 최저,World
"이란, 쿠웨이트 공습 정당화…""미국에 시설 제공""",World
"트럼프 ""이번 주말에라도 합의 가능""…협상 낙관",World
"1,100km 날아온 드론 '쾅'..러시아 제2도시 '대혼란'",World
모건스탠리 “메모리 병목…PC·스마트폰으로 ‘칩플레이션’ 야기”,World
[포착] 중국판 알박기?…中·필리핀 영유권 분쟁 암초서 정체불명 구조물 발견,World
"美 테라파워 CEO “AI로 급증한 전력수요, SMR이 최적의 미래”",World
"뉴질랜드 의원들, 중국行 티켓 강제 취소된 이유",World
스페이스X 공모가 주당 135달러... 머스크는 세계 최초 '조만장자'로,World
"이스라엘 극우장관 ""레바논과 휴전 합의, 심각한 실수"" 맹비난",World
"트럼프, 신임 법무장관에 '충성파' 블랜치 낙점",World
"美, 나토·캐나다에 “군용기·군함 뺄테니 공백 메워라” 통보",World
美하원 '이란전쟁 중단' 결의안에 공화당서 이탈표…수세 몰린 트럼프,World
"역사상 최대 IPO 스페이스X, 공모가 135달러 확정…한국 개인은 왜 못 사나",World
"'메모리 기존 사이클 벗어나' 모건스탠리 ""칩플레이션 번진다""",World
"유럽, 美·中 IT 패권 틈바구니서 국가 핵심 인프라 ‘독자 생존’ 선언",World
"""카드 결제중지·호텔 철수""... 미국 제재에 쿠바 '엑소더스' 가속",World
제조업 황금기 연다더니…9천억불 약속에도 美공장 착공 부진,World
"메타, 뮤즈 스파크 API 출시 또 연기…막대한 투자금 회수 '시험대'",World
휴전 후에도 가자 군사기지 늘린 이스라엘…위성사진에 40곳 포착,World
"'트럼프 변호사' 블랜치 대행, 정식 법무장관 낙점…충성 인정한듯",World
[월드 이슈] “하원을 지켜라”…선거판 흔드는 트럼프,World
"쿠웨이트 공항, 이란 공격에 운영 중단…이란 “총성엔 미사일로 대응”",World
"우크라, ‘러시아판 다보스포럼’ 개막 앞두고 상트페테르부르크 공습",World
미·이란 휴전 중 ‘최대 충돌’…쿠웨이트서 1명 사망∙63명 부상,World
이란 전쟁 처음으로 막아선 美 의회...공화당도 4명 합류,World
"美국무장관, 트럼프 '조는 모습' 놓고 의원과 설전…""본 적 없어""",World
"“中 간첩들, 거액 주며 국가기밀 요구” 서방 5개국 첫 공동경고문 발표",World
화성의 과거 추적한 11년… NASA ‘메이븐’ 임무 공식 종료,World
"'민주당 텃밭' 캘리포니아서 친트럼프 주지사 후보 선두 ""세금·생활비 정책 공략""",World
"이스라엘-레바논, 헤즈볼라 철수 전제 휴전 합의…이행은 ‘불투명’",World
"트럼프, 美 법무장관에 ‘개인 변호사’ 출신 토드 블랜치 지명 할 듯",World
"라트비아군 참모총장 ""러, 2028년 말까지 발트3국 침공 가능성""",World
美 원유재고 22년 만에 최저…중동 공급 공백 메우다 고갈,World
‘미래 원전’ SMR 짓는 빌 게이츠…SK 등 韓기업이 ‘날개’ 달았다[르포],World
"불화설 속 트럼프 ""네타냐후 미쳤다 했다""…네타냐후 ""전술적 이견"" 일축",World
AI 전력난 시대···한국 기업 참여로 지어지는 미국 최초 ‘4세대 SMR’ 현장 가보니,World
"외신 ""서울시장 패배, 與 승리에 찬물""(종합)",World
미·이란 또 다른 협상 난관은 ‘동결 자금 해제’···트럼프 “오바마보다 못한 합의 안 돼”,World
"中 해경, 대만 동쪽해역서 첫 단독 순찰…일본·필리핀 EEZ 협상 빌미",World
"""치료제도 백신도 없는데 벌써 220명 사망""…'비상사태 선포'에 CEPI 나섰다",World
"브로드컴 ""내년 AI칩 연매출 목표 유지""…주가는 14% 급락(종합)",World
AI열풍에 더 부유해진 세계 부자들…자산 98조달러 돌파,World
"최고 티켓 3억4000만원, 가장 싼 티켓 611만원…27년 만의 NBA 파이널에 뉴욕이 들썩인다",World
"""더운데 물도 못 들고 간다고?""…폭염 속 월드컵 경기장 '물병' 반입 금지에 '시끌'",World
"""트럼프, 미군 사망자 없으면 이란 전면전 안한다고 밝혀""",World
"‘푸틴 고향’ 때린 우크라, 러시아는 “공격당하면 핵무기로 대응”",World
"초유의 투표용지 부족사태…美 법원 개입, 獨 재선거 등 후폭풍 컸다",World
"균열 드러낸 美·대만, 6·4 톈안먼 사건 놓고선 ‘한목소리’",World
이란 “모든 공격엔 미사일·드론 보복”…쿠웨이트 공습 정당화,World
"공화당서도 반란표… 美 하원, 트럼프 이란전 독주에 ‘전쟁권한 제한’ 제동",World
이란戰 레드라인 제시한 트럼프…“미군 사망자 없는 한 전면전 없다”[1일1트],World
"21명 사망한 인도 호텔 참사...""밀폐된 호텔 '굴뚝'처럼 작용했다""",World
‘막판 변수’ 이스라엘·레바논 휴전…트럼프 “주말 종전 합의 가능”,World
"트럼프, 이란 전면전 꺼려...美 전사자 안 늘면 휴전 유지",World
"美 ""군용기·군함 감축 공백 메워라""…나토 동맹에 통보",World
"이러지도, 저러지도…진퇴양난? ""트럼프 '미군 사망하면 전면전' 언급""",World
"""마취총 쐈는데도 끄떡없다""…후쿠시마 제철소 곰 공격에 4명 부상",World
'AI 실탄' 더 늘리는 알파벳…유상증자 123조 원→130조 원,World
"""UFO는 마귀 장난""…악마 쫓던 신부의 주장",World
"의회선 '전쟁권 제한' 족쇄, 트럼프는 ""주말 종전 합의"" 마이웨이",World
AI 시대 전력 공급 첨병 미 와이오밍 소형모듈원전(SMR) 건설 현장을 가다,World
휴전에도 불씨 여전...종전 협상의 뇌관 '레바논',World
"“북한·중국 훤히 보이네”…한국 상공에 美 최신예 정찰기 등장, 정체는? [밀리터리+]",World
부(富)는 어디로 흘러갈까…올해 ‘세계 자산 흐름’ 세가지 축은?,World
韓기술로 짓는 美 첫 SMR…“눈 내려도 공사”[르포],World
"필리핀, 남중국해 암초에서 새 구조물 발견…조사 착수",World
"대법원서 막히자 '강제노동'으로 우회…트럼프 새 관세, 명분 논란",World
"""트럼프 '이란과 휴전, 미군 전사시 종료''""…현 상황 장기화될듯(종합)",World
"美뱅가드 S&P500 ETF, 업계 첫 1조 달러…""초대형 IPO 앞두고 몸집 불려""",World
AI발 전력난에 탄광촌 부활 아이러니… 첨단 원전 짓는 美와이오밍 가보니 [르포],World
"美가 40년 만에 허가한 미래 원전… “AI 시대 전력난, 답은 SMR에 있다”",World
"[인터뷰] 美테라파워 CEO ""韓 대미투자 프로젝트에 SMR 포함 기대""",World
[르포] AI시대에 美 외딴 시골서 현실화하는 빌 게이츠의 첨단 SMR 구상,World
AI전력 해결사되나…SK이노 손잡은 美차세대 원전 잰걸음,World
브로드컴 충격에 소프트뱅크도 급락...닛케이 1.9% ↓[Asia오전],World
"[영상] 온통 '불바다'…우크라, 왜 1,100㎞ 상트페테르부르크 때렸나",World
야근수당 칼같이 지급했더니…승진 기피하는 日직장인들,World
"[영상] 이란, 쿠웨이트 국제공항 드론 공격…바레인에도 미사일",World
‘PSG 우승 폭동’ 뒤 프랑스 국민 47% “극우당 대표 지지”,World
"""트럼프 '미군 사망자 없는 한 이란과 전면전 재개 안 해'""",World
"美, 나토 전력표서 군용기·군함 뺀다…유럽에 날아든 안보 청구서",World
‘의회승인 없으면 이란戰 중단’ 결의안 美하원 통과…공화 4명도 찬성,World
금이 美국채 제쳤다…중앙은행들 ‘달러 대안’ 찾기 본격화,World
월드컵 영상에 욱일기 버젓이…결국 고개 숙인 멕시코 유튜버,World
"“잠수함 팔러 간 줄 알았더니”…한국, 캐나다에 수소트럭 공장까지 제안 [밀리터리+]",World
美재무 “엉덩이 걷어차겠다” 했던 펄티 안보수장 되자…“협력 기대”,World
"美-이란, 호르무즈서 국지적 충돌 지속…""미 구축함 타격"" 진위공방",World
"비트코인, 장기보유자도 팔았다…""약세장 끝물 신호?""",World
"美, 韓에 12.5% 추가관세…루비오, 韓정부 태도 '변수' 지적(종합)",World
"이스라엘-레바논 휴전이행 합의, 이란 반발 부를듯",World
[Why] 휴전 두 달 만에 6차례 피격… 이란은 왜 갑자기 쿠웨이트를 때렸나,World
美와 손잡은 베네수엘라 정부…반미 좌파 진영 내부 균열,World
"“민주당 승리에도 서울 패배, 대통령에 타격” 외신도 주목",World
"""트럼프 '미군 전사할 경우 이란과 휴전 종료 검토''"" WSJ",World
"브로드컴, 기대 못 채웠나...시간외서 시총 3500억달러 증발 위기",World
왕치산 측근 줄낙마의 정점?…리샤오훙 전 반부패 관리 조사,World
"트럼프 ""모즈타바 만나고 싶다""…이란 종전협상 돌파구 찾나(종합)",World
美 “군용기·군함 감축”…나토에 ‘안보 무임승차’ 압박,World
"""트럼프, 美하원 이란전 제한·우크라 지원법 통과로 정치적 타격""(종합)",World
"다급한 푸틴, 결국 최종병기 쓰나…“시속 500㎞ 드론 공격 준비 중” [핫이슈]",World
"""차세대 '시리' 9월출시…복잡한 AI작업은 구글클라우드 빌릴듯""",World
안보경력 전무한데 美 정보국 수장에…트럼프 충성파 '풀티' 누구[글로벌키맨],World
쾅! 유리가 비처럼 쏟아졌다…순식간에 지옥된 쿠웨이트 공항 영상,World
"머스크, 세계 첫 '조만장자' 되나…기업가치 2705조원 도전(종합)",World
"문제의 이란 고농축 우라늄, 도대체 어디에 있나",World
"""트럼프, 미군 사망 아니면 이란과 전면전 없다""…긴장 관리 기조",World
"[줌인] “트럼프, 어떤 식으로든 관세 유지할 것”…무역전쟁 다시 불붙나",World
푸틴 분노도 ‘활활’…우크라 ‘러시아판 다보스 포럼’ 개막날 대규모 공습한 이유 [핫이슈],World
역주행·신호무시·경찰추격전…‘미친 운전자’ 정체는 이 회사 AI였다,World
핵보다 돈…美·이란 종전협상 흔드는 동결자산,World
"[트럼프 스톡커] AI 젖줄로 바뀐 대출펀드, 유럽도 돈 뺀다는데",World
"美 ""유럽·캐나다, 나토 해공군 전력 늘려야""…전시 가용 미군 감축",World
"""SPY 봤나?"" 뱅가드 VOO, ETF 최초 운용자산 1조달러 돌파",World
"美, 나토에서 군용기 등 뺀다… ""동맹·러시아에 잘못된 신호""",World
"로이터 ""여당 지선 압승에도 서울 패배 상징적""",World
"구글, 유증 123조 원→130조 원 확대…강한 수요 반영",World
"AI 기대 너무 높았나…브로드컴 주가, 전망 유지에 한때 15% '뚝'",World
"미, 나토 동맹에 ""군용기·군함 줄일 테니 공백 메워라"" 통보",World
우크라 '러시아판 다보스포럼' 앞서 상트페테르부르크 공습,World
"트럼프, 전쟁 포기했나…“이란 공격은 미국 때문” 황당한 저자세 [핫이슈]",World
美 “나토 방위 공백 직접 메워라”…군함·군용기 증강 요구,World
"""당신 미쳤냐"" 트럼프 질책 후⋯이스라엘·레바논, 휴전 합의",World
"트럼프, G7·나토 해외 일정 강행...韓美 정상회담 열리나?",World
"트럼프, ""하메네이 만나고 싶다""직접 담판 시사…이란 협상 막판 '승부수'",World
'의회 승인 없는 이란전 중단' 결의안 미 하원 통과…공화 4명 이탈표,World
"美 ""군용기·군함 감축""…나토에 '안보 무임승차' 본격 압박",World
"러 외무차관 “영토 보전 위해 핵 대응” 경고···우크라, 상트페테르부르크 항만 공격",World
"세계 3위 경제 대국 독일, 안보리 이사국 선거 ‘충격패’",World
"나토 사무총장, 키이우 깜짝방문…우크라 드론은 러 공격",World
"미국, 나토 동맹에 “군용기·군함 줄일테니 공백 메워라” 통보",World
"""70년 금기 깨졌다""…일본 '무기공급국' 선언에 숨은 진짜 뇌관 [스프]",World
"美, 나토 동맹에 ""군용기·군함 줄일테니 공백 메워라"" 통보",World
"관세 근거로 ‘강제노동’ 꺼낸 트럼프, 중국 노렸다",World
"이란 ""美와 종전 합의문 최종안 조율…베이루트 공격 시 전면전""",World
"일론 머스크, 최고 부호 자리 지켰다...젠슨 황은?",World
"미 국무 ""이란과 HEU 처리 논의 중…트럼프, 내달 나토 회의 참석""",World
트럼프 “이란과 이번 주말 합의 가능”…보상·고농축우라늄 처리 막판 쟁점,World
레바논 휴전 성사…美·이란 협상 최대 고비 넘었다,World
"이란 ""美와 '최종안' 의견교환…베이루트 공격 땐 전면전 재개""",World
"걸프 산유국들, 호르무즈 우회 송유관 마련 검토",World
"'美 수배대상' 쿠바 실세 라울 카스트로, 95세 생일…행방 묘연",World
"이스라엘, 레바논과 협상 도중 공습…최소 9명 사망",World
"[속보] 미 국무부 “이스라엘·레바논, 휴전 합의”",World
"트럼프 ""이란과 합의 불발시 타격한 뒤 고농축우라늄 회수할 것""",World
"이스라엘, 트럼프 만류에도 레바논 수도 베이루트 공습",World
"시진핑 방북 앞둔 중국, 북-중 우호 강조…“역사적 회담 열 것”",World
"中인민일보, 시진핑 방북일 1면 머리기사로 북중 우호 강조",World
"골드만 ""연준 올해 금리인하 없다""…인상 가능성 20%로 상향",World
"이탈리아 국방장관 ""나토, 한·일·호주·브라질 등 회원국 확대해야""",World
"젤렌스키 ""러, 체르노빌 사용후핵연료 저장시설 공격…비열한 공격""",World
